actual,probability_of_default,risk_band,decision,credit_score
0,0.06464589676470604,Very Low Risk,Approve,814
0,0.05112990799418804,Very Low Risk,Approve,822
0,0.0897694322105288,Low Risk,Approve,801
1,0.26259131507555705,High Risk,Reject,706
0,0.04369954370923804,Very Low Risk,Approve,826
0,0.09763578448368869,Low Risk,Approve,796
0,0.19338227503927632,Medium Risk,Manual Review,744
0,0.18400689753409777,Medium Risk,Manual Review,749
0,0.04994464206109567,Very Low Risk,Approve,823
0,0.03481177658095637,Very Low Risk,Approve,831
0,0.23250553983169212,High Risk,Manual Review,722
0,0.32775307533724707,Very High Risk,Reject,670
0,0.1892956873074427,Medium Risk,Manual Review,746
0,0.04131723899177958,Very Low Risk,Approve,827
0,0.1885977962849082,Medium Risk,Manual Review,746
0,0.21597493726327932,High Risk,Manual Review,731
0,0.34992177535914626,Very High Risk,Reject,658
1,0.13961049464508593,Low Risk,Manual Review,773
1,0.46663959426167373,Very High Risk,Reject,593
0,0.03341545170973447,Very Low Risk,Approve,832
0,0.15970896276326702,Medium Risk,Manual Review,762
0,0.17455807296733103,Medium Risk,Manual Review,754
0,0.16444708625922244,Medium Risk,Manual Review,760
0,0.11611259818978428,Low Risk,Manual Review,786
0,0.19167007090376326,Medium Risk,Manual Review,745
0,0.26896674191361825,High Risk,Reject,702
0,0.09905465902012857,Low Risk,Approve,796
0,0.346582624478659,Very High Risk,Reject,659
0,0.1955461364387328,Medium Risk,Manual Review,742
1,0.2665445663688986,High Risk,Reject,703
0,0.2470797172259371,High Risk,Manual Review,714
0,0.34976394373262215,Very High Risk,Reject,658
0,0.47693755544344235,Very High Risk,Reject,588
0,0.23485873494709356,High Risk,Manual Review,721
0,0.10943921436319334,Low Risk,Manual Review,790
1,0.47296857209475923,Very High Risk,Reject,590
0,0.0745025791055868,Very Low Risk,Approve,809
0,0.0640144937282374,Very Low Risk,Approve,815
0,0.2045895603803564,Medium Risk,Manual Review,737
0,0.07886867030233181,Very Low Risk,Approve,807
0,0.2022261720631592,Medium Risk,Manual Review,739
0,0.21443014619241615,High Risk,Manual Review,732
0,0.3650158136862404,Very High Risk,Reject,649
0,0.12976259374524066,Low Risk,Manual Review,779
0,0.31202878366706777,Very High Risk,Reject,678
0,0.1333199203658243,Low Risk,Manual Review,777
0,0.05393971257542464,Very Low Risk,Approve,820
0,0.3236506897188385,Very High Risk,Reject,672
0,0.11301792158339052,Low Risk,Manual Review,788
1,0.06962841615338874,Very Low Risk,Approve,812
1,0.30326096822539067,High Risk,Reject,683
0,0.12016849259935454,Low Risk,Manual Review,784
0,0.09946540463696753,Low Risk,Approve,795
0,0.124912338814151,Low Risk,Manual Review,781
0,0.052013554346418106,Very Low Risk,Approve,821
0,0.1712899469711327,Medium Risk,Manual Review,756
0,0.03609555031885185,Very Low Risk,Approve,830
0,0.23881097499063267,High Risk,Manual Review,719
0,0.3127451526959386,Very High Risk,Reject,678
0,0.11500469845486386,Low Risk,Manual Review,787
0,0.29802010266015233,High Risk,Reject,686
0,0.21569167790685956,High Risk,Manual Review,731
0,0.020352447981195718,Very Low Risk,Approve,839
0,0.16798918207991465,Medium Risk,Manual Review,758
0,0.038332384494566885,Very Low Risk,Approve,829
0,0.2192518053567719,High Risk,Manual Review,729
0,0.2695267379286834,High Risk,Reject,702
1,0.3483199501333345,Very High Risk,Reject,658
0,0.1639145187222746,Medium Risk,Manual Review,760
0,0.050261351779980416,Very Low Risk,Approve,822
0,0.17508218445578316,Medium Risk,Manual Review,754
0,0.35562727930049354,Very High Risk,Reject,654
0,0.2091454046321275,Medium Risk,Manual Review,735
0,0.07771322159050428,Very Low Risk,Approve,807
0,0.09564728962357821,Low Risk,Approve,797
0,0.20308263788209263,Medium Risk,Manual Review,738
0,0.30882150693166566,High Risk,Reject,680
0,0.0952586768161603,Low Risk,Approve,798
1,0.430693489014508,Very High Risk,Reject,613
0,0.09198328668059717,Low Risk,Approve,799
0,0.1705959228392491,Medium Risk,Manual Review,756
0,0.1648663376711717,Medium Risk,Manual Review,759
0,0.1733846052223588,Medium Risk,Manual Review,755
1,0.33577294265562746,Very High Risk,Reject,665
1,0.4871739721057923,Very High Risk,Reject,582
1,0.15185661183661736,Medium Risk,Manual Review,766
0,0.1231014071661203,Low Risk,Manual Review,782
0,0.0915496562935366,Low Risk,Approve,800
0,0.05364458043176555,Very Low Risk,Approve,820
0,0.1878771386787221,Medium Risk,Manual Review,747
0,0.07480458624599724,Very Low Risk,Approve,809
0,0.19208888632635027,Medium Risk,Manual Review,744
0,0.19984610347152695,Medium Risk,Manual Review,740
0,0.4328169063778714,Very High Risk,Reject,612
0,0.5069549387864529,Very High Risk,Reject,571
0,0.3796390476008906,Very High Risk,Reject,641
0,0.2175940261094255,High Risk,Manual Review,730
0,0.28143827256909887,High Risk,Reject,695
0,0.03153093744239651,Very Low Risk,Approve,833
0,0.18641769967081087,Medium Risk,Manual Review,747
1,0.24060737248608524,High Risk,Manual Review,718
0,0.1312762583122397,Low Risk,Manual Review,778
0,0.044192538478475075,Very Low Risk,Approve,826
0,0.19143664422860754,Medium Risk,Manual Review,745
0,0.11812495504521853,Low Risk,Manual Review,785
0,0.2315676708272356,High Risk,Manual Review,723
1,0.5506909079592269,Very High Risk,Reject,547
1,0.1626250590260738,Medium Risk,Manual Review,761
0,0.14090976391986007,Low Risk,Manual Review,772
0,0.15821979416166293,Medium Risk,Manual Review,763
0,0.10806242217141569,Low Risk,Manual Review,791
0,0.3298144776872599,Very High Risk,Reject,669
0,0.3058703699149417,High Risk,Reject,682
0,0.09656293912061793,Low Risk,Approve,797
0,0.5577351246779935,Very High Risk,Reject,543
0,0.23830081328415154,High Risk,Manual Review,719
0,0.09549205227912069,Low Risk,Approve,797
0,0.3055803307207267,High Risk,Reject,682
0,0.2287006183908549,High Risk,Manual Review,724
0,0.32186141047105404,Very High Risk,Reject,673
1,0.3075867613826482,High Risk,Reject,681
0,0.10807601327987186,Low Risk,Manual Review,791
1,0.3219313039833573,Very High Risk,Reject,673
0,0.050069908956709444,Very Low Risk,Approve,822
1,0.096425382285623,Low Risk,Approve,797
0,0.31368799717843826,Very High Risk,Reject,677
0,0.1261700798453033,Low Risk,Manual Review,781
0,0.14810031378078825,Medium Risk,Manual Review,769
0,0.21939951611620834,High Risk,Manual Review,729
0,0.2854462053172514,High Risk,Reject,693
0,0.08203530237385734,Very Low Risk,Approve,805
0,0.20442980036969968,Medium Risk,Manual Review,738
0,0.22065849333615745,High Risk,Manual Review,729
0,0.03657135685441226,Very Low Risk,Approve,830
1,0.19453005269460927,Medium Risk,Manual Review,743
0,0.24673676517939327,High Risk,Manual Review,714
0,0.28635666146343314,High Risk,Reject,693
0,0.41449956040316627,Very High Risk,Reject,622
0,0.2654442402758116,High Risk,Reject,704
0,0.36812185795158797,Very High Risk,Reject,648
0,0.43749024874605513,Very High Risk,Reject,609
0,0.2324720070062314,High Risk,Manual Review,722
0,0.19607692765234117,Medium Risk,Manual Review,742
0,0.08525941156998543,Very Low Risk,Approve,803
0,0.27012039606235116,High Risk,Reject,701
0,0.15596169117676192,Medium Risk,Manual Review,764
0,0.2333259163922324,High Risk,Manual Review,722
0,0.07197668303243904,Very Low Risk,Approve,810
1,0.3655930205623928,Very High Risk,Reject,649
0,0.10641791987116037,Low Risk,Manual Review,791
0,0.11171977192372443,Low Risk,Manual Review,789
0,0.1292148774279941,Low Risk,Manual Review,779
0,0.18607842707246375,Medium Risk,Manual Review,748
0,0.28285124146739965,High Risk,Reject,694
0,0.2638851350063333,High Risk,Reject,705
1,0.29457021241062903,High Risk,Reject,688
0,0.19751719956920458,Medium Risk,Manual Review,741
0,0.04820882206529174,Very Low Risk,Approve,823
0,0.047880674431267305,Very Low Risk,Approve,824
0,0.24159377767555293,High Risk,Manual Review,717
1,0.07065681072252925,Very Low Risk,Approve,811
1,0.5402947077441443,Very High Risk,Reject,553
1,0.4846706127458939,Very High Risk,Reject,583
0,0.3655647726189648,Very High Risk,Reject,649
0,0.19390564287818685,Medium Risk,Manual Review,743
0,0.07447080379429696,Very Low Risk,Approve,809
0,0.06292440663379201,Very Low Risk,Approve,815
0,0.1372947361238267,Low Risk,Manual Review,774
0,0.3082808606377436,High Risk,Reject,680
0,0.32221826544632237,Very High Risk,Reject,673
0,0.217569086161853,High Risk,Manual Review,730
0,0.169163762871963,Medium Risk,Manual Review,757
0,0.10988790534898496,Low Risk,Manual Review,790
0,0.2407662887769822,High Risk,Manual Review,718
0,0.04878720581893327,Very Low Risk,Approve,823
0,0.04554171637260342,Very Low Risk,Approve,825
0,0.3286659658202947,Very High Risk,Reject,669
0,0.17034327354174156,Medium Risk,Manual Review,756
0,0.3638817335192199,Very High Risk,Reject,650
0,0.16733469771476656,Medium Risk,Manual Review,758
0,0.1417456540357604,Low Risk,Manual Review,772
0,0.15684313686645132,Medium Risk,Manual Review,764
0,0.03661054707382798,Very Low Risk,Approve,830
0,0.048899995677784164,Very Low Risk,Approve,823
1,0.05555670844472236,Very Low Risk,Approve,819
1,0.18323529349340972,Medium Risk,Manual Review,749
1,0.5907228832293958,Very High Risk,Reject,525
1,0.38338908808896155,Very High Risk,Reject,639
1,0.05130135302286553,Very Low Risk,Approve,822
1,0.12103839632452282,Low Risk,Manual Review,783
0,0.3430125723792896,Very High Risk,Reject,661
0,0.07355046448153219,Very Low Risk,Approve,810
1,0.32260906543632883,Very High Risk,Reject,673
0,0.6052406700655006,Very High Risk,Reject,517
0,0.33744741207559376,Very High Risk,Reject,664
1,0.1619873287289733,Medium Risk,Manual Review,761
0,0.041003224257557244,Very Low Risk,Approve,827
1,0.2582652835799342,High Risk,Reject,708
1,0.4512087886858682,Very High Risk,Reject,602
0,0.21110769317105688,Medium Risk,Manual Review,734
0,0.38528667522549764,Very High Risk,Reject,638
0,0.2974337426534298,High Risk,Reject,686
0,0.201674090600811,Medium Risk,Manual Review,739
1,0.376814029125727,Very High Risk,Reject,643
0,0.23569267386633003,High Risk,Manual Review,720
0,0.03221328498738863,Very Low Risk,Approve,832
0,0.19801761239912122,Medium Risk,Manual Review,741
0,0.03563330907251664,Very Low Risk,Approve,830
0,0.39823956900891794,Very High Risk,Reject,631
0,0.2791139614677584,High Risk,Reject,696
1,0.06548098766121928,Very Low Risk,Approve,814
0,0.32212772876828133,Very High Risk,Reject,673
0,0.021859396608749592,Very Low Risk,Approve,838
0,0.2592205986095498,High Risk,Reject,707
0,0.40443871516309404,Very High Risk,Reject,628
0,0.2528424457003549,High Risk,Reject,711
0,0.05774698083102326,Very Low Risk,Approve,818
1,0.22127398678587987,High Risk,Manual Review,728
1,0.2770907194150475,High Risk,Reject,698
0,0.09298921255783903,Low Risk,Approve,799
0,0.40181457937323906,Very High Risk,Reject,629
0,0.05757696082801663,Very Low Risk,Approve,818
1,0.2000361511435695,Medium Risk,Manual Review,740
0,0.233990468946352,High Risk,Manual Review,721
0,0.16078732255151187,Medium Risk,Manual Review,762
1,0.3614373026032324,Very High Risk,Reject,651
0,0.2055145824149155,Medium Risk,Manual Review,737
0,0.13170478752847653,Low Risk,Manual Review,778
0,0.2754703460491571,High Risk,Reject,698
0,0.30411496659277276,High Risk,Reject,683
0,0.06512850746821387,Very Low Risk,Approve,814
0,0.15842136129914194,Medium Risk,Manual Review,763
1,0.3235172526798092,Very High Risk,Reject,672
0,0.4436931239384732,Very High Risk,Reject,606
0,0.07278375930633099,Very Low Risk,Approve,810
0,0.03866704630221604,Very Low Risk,Approve,829
0,0.17135315424848702,Medium Risk,Manual Review,756
0,0.02597005816625315,Very Low Risk,Approve,836
0,0.05805891102087171,Very Low Risk,Approve,818
0,0.1585023044071403,Medium Risk,Manual Review,763
1,0.14269624428211325,Low Risk,Manual Review,772
0,0.4113135858368941,Very High Risk,Reject,624
1,0.27890376361933084,High Risk,Reject,697
0,0.18100220708885012,Medium Risk,Manual Review,750
0,0.1096219682214326,Low Risk,Manual Review,790
0,0.19796946415299882,Medium Risk,Manual Review,741
0,0.1246459516277416,Low Risk,Manual Review,781
0,0.03545307367566166,Very Low Risk,Approve,831
0,0.5819377412408027,Very High Risk,Reject,530
0,0.09125944602181574,Low Risk,Approve,800
0,0.11906125306607807,Low Risk,Manual Review,785
0,0.09661426828969676,Low Risk,Approve,797
0,0.05591077822349207,Very Low Risk,Approve,819
0,0.1920795563772639,Medium Risk,Manual Review,744
0,0.2706490233372113,High Risk,Reject,701
0,0.32113203953508695,Very High Risk,Reject,673
0,0.16594995441841937,Medium Risk,Manual Review,759
0,0.05637339955046752,Very Low Risk,Approve,819
1,0.6067846670705067,Very High Risk,Reject,516
0,0.1924845485689789,Medium Risk,Manual Review,744
0,0.15166309766663436,Medium Risk,Manual Review,767
0,0.30708856498320164,High Risk,Reject,681
0,0.2563292217294227,High Risk,Reject,709
0,0.5699178164138056,Very High Risk,Reject,537
0,0.06186315019698863,Very Low Risk,Approve,816
1,0.1457652734255472,Low Risk,Manual Review,770
0,0.21026475792302127,Medium Risk,Manual Review,734
0,0.2819366379011758,High Risk,Reject,695
0,0.07714792957364446,Very Low Risk,Approve,808
0,0.16471327387639786,Medium Risk,Manual Review,759
0,0.16964983819537063,Medium Risk,Manual Review,757
1,0.522140182421477,Very High Risk,Reject,563
1,0.3035791896325016,High Risk,Reject,683
1,0.4755804700252303,Very High Risk,Reject,588
1,0.27623204561980413,High Risk,Reject,698
0,0.3376648903755161,Very High Risk,Reject,664
0,0.2011020884774169,Medium Risk,Manual Review,739
0,0.16592838471119523,Medium Risk,Manual Review,759
0,0.2300556103005784,High Risk,Manual Review,723
0,0.11609480150494007,Low Risk,Manual Review,786
1,0.0941969096831691,Low Risk,Approve,798
0,0.43205237297035753,Very High Risk,Reject,612
0,0.1742430853012102,Medium Risk,Manual Review,754
0,0.0729216716494561,Very Low Risk,Approve,810
0,0.11530767994167411,Low Risk,Manual Review,787
0,0.24552942052739649,High Risk,Manual Review,715
0,0.17194768650863548,Medium Risk,Manual Review,755
0,0.363211523983381,Very High Risk,Reject,650
0,0.2132523990185051,Medium Risk,Manual Review,733
0,0.06675475387390904,Very Low Risk,Approve,813
0,0.10232598128480928,Low Risk,Manual Review,794
0,0.08868592528899225,Low Risk,Approve,801
0,0.22890019646467685,High Risk,Manual Review,724
0,0.3776208481550396,Very High Risk,Reject,642
1,0.10296235697593412,Low Risk,Manual Review,793
0,0.23907755398327582,High Risk,Manual Review,719
0,0.0696091864958411,Very Low Risk,Approve,812
0,0.14090172149839977,Low Risk,Manual Review,773
1,0.29384510937282654,High Risk,Reject,688
0,0.1579308302501432,Medium Risk,Manual Review,763
0,0.1459800322678542,Medium Risk,Manual Review,770
0,0.23334128387368114,High Risk,Manual Review,722
1,0.09715213036301612,Low Risk,Approve,797
0,0.20321757797333984,Medium Risk,Manual Review,738
1,0.20511780418705003,Medium Risk,Manual Review,737
0,0.20100800046129577,Medium Risk,Manual Review,739
0,0.10122381053140657,Low Risk,Manual Review,794
1,0.661452517044826,Very High Risk,Reject,486
0,0.08306294999793655,Very Low Risk,Approve,804
0,0.4088466386143598,Very High Risk,Reject,625
1,0.3108132232059905,High Risk,Reject,679
0,0.250576977252666,High Risk,Reject,712
0,0.03909669287133691,Very Low Risk,Approve,828
0,0.055795358594506704,Very Low Risk,Approve,819
0,0.037956063213177134,Very Low Risk,Approve,829
0,0.19072354211057221,Medium Risk,Manual Review,745
1,0.3870022720239249,Very High Risk,Reject,637
0,0.26790238727295573,High Risk,Reject,703
0,0.2999410867139269,High Risk,Reject,685
0,0.07263900430244563,Very Low Risk,Approve,810
0,0.17556352316314006,Medium Risk,Manual Review,753
0,0.32912112572547336,Very High Risk,Reject,669
0,0.5776426349588063,Very High Risk,Reject,532
1,0.35033133307836195,Very High Risk,Reject,657
1,0.5643317542126398,Very High Risk,Reject,540
0,0.0570321035683139,Very Low Risk,Approve,819
0,0.1120074356804607,Low Risk,Manual Review,788
0,0.5167970276115053,Very High Risk,Reject,566
0,0.10992651221713895,Low Risk,Manual Review,790
0,0.24942615003131152,High Risk,Manual Review,713
0,0.3922697676183428,Very High Risk,Reject,634
0,0.20826059894125593,Medium Risk,Manual Review,735
0,0.15697533125005111,Medium Risk,Manual Review,764
0,0.31339119856244724,Very High Risk,Reject,678
0,0.3220207959708963,Very High Risk,Reject,673
0,0.16593033635389112,Medium Risk,Manual Review,759
0,0.3451027448159736,Very High Risk,Reject,660
1,0.4333807408600415,Very High Risk,Reject,612
0,0.05115807332989704,Very Low Risk,Approve,822
0,0.26013633871388014,High Risk,Reject,707
0,0.11716770097474957,Low Risk,Manual Review,786
0,0.14307323588067858,Low Risk,Manual Review,771
0,0.04344216028030108,Very Low Risk,Approve,826
0,0.16116985420120095,Medium Risk,Manual Review,761
0,0.5206888180611459,Very High Risk,Reject,564
0,0.21031775077813392,Medium Risk,Manual Review,734
0,0.1932811034212319,Medium Risk,Manual Review,744
0,0.28904837451695503,High Risk,Reject,691
0,0.21285465165975903,Medium Risk,Manual Review,733
0,0.1734835950198307,Medium Risk,Manual Review,755
1,0.37281984593469253,Very High Risk,Reject,645
0,0.11803348114238231,Low Risk,Manual Review,785
0,0.14488754075804539,Low Risk,Manual Review,770
1,0.39479357953436267,Very High Risk,Reject,633
0,0.06892491896243491,Very Low Risk,Approve,812
0,0.28179022653487407,High Risk,Reject,695
0,0.10174688337522436,Low Risk,Manual Review,794
0,0.198024101931385,Medium Risk,Manual Review,741
0,0.1358215253663896,Low Risk,Manual Review,775
0,0.4533066476088389,Very High Risk,Reject,601
0,0.2097554164870318,Medium Risk,Manual Review,735
1,0.21132361980840692,Medium Risk,Manual Review,734
0,0.2020997191397655,Medium Risk,Manual Review,739
1,0.41542056056177623,Very High Risk,Reject,622
1,0.4819547116366257,Very High Risk,Reject,585
0,0.22806986258641243,High Risk,Manual Review,725
1,0.14398261355478717,Low Risk,Manual Review,771
0,0.18505012511899582,Medium Risk,Manual Review,748
0,0.09663161828662367,Low Risk,Approve,797
0,0.30718722982107477,High Risk,Reject,681
0,0.06457323396699742,Very Low Risk,Approve,814
1,0.29666647000062807,High Risk,Reject,687
0,0.18343747632072202,Medium Risk,Manual Review,749
1,0.2843061414362534,High Risk,Reject,694
0,0.4796918939827428,Very High Risk,Reject,586
0,0.034690115196793235,Very Low Risk,Approve,831
1,0.2473003071095067,High Risk,Manual Review,714
0,0.05038312547833656,Very Low Risk,Approve,822
0,0.028337172809159546,Very Low Risk,Approve,834
0,0.07394159851009907,Very Low Risk,Approve,809
0,0.07932118698174091,Very Low Risk,Approve,806
1,0.48186743597826287,Very High Risk,Reject,585
0,0.2631812287764056,High Risk,Reject,705
1,0.07561007754636981,Very Low Risk,Approve,808
0,0.13241763463038622,Low Risk,Manual Review,777
1,0.06760478115914231,Very Low Risk,Approve,813
0,0.12849623499374704,Low Risk,Manual Review,779
0,0.23803889502011513,High Risk,Manual Review,719
0,0.13364215822111541,Low Risk,Manual Review,776
0,0.16077143099780478,Medium Risk,Manual Review,762
0,0.3576079834412403,Very High Risk,Reject,653
0,0.08604691556256913,Very Low Risk,Approve,803
1,0.2676126458569896,High Risk,Reject,703
1,0.0998408937763235,Low Risk,Approve,795
0,0.15120162108995083,Medium Risk,Manual Review,767
0,0.17662051124387845,Medium Risk,Manual Review,753
0,0.16066191690225196,Medium Risk,Manual Review,762
0,0.1536137294212837,Medium Risk,Manual Review,766
1,0.2610502125952832,High Risk,Reject,706
1,0.062335309703850775,Very Low Risk,Approve,816
0,0.13376444031387644,Low Risk,Manual Review,776
0,0.11028723403715913,Low Risk,Manual Review,789
1,0.36863992624945224,Very High Risk,Reject,647
0,0.0828345829286619,Very Low Risk,Approve,804
0,0.1362517665344348,Low Risk,Manual Review,775
1,0.38162237691541323,Very High Risk,Reject,640
0,0.1540777086775376,Medium Risk,Manual Review,765
0,0.27899683359006194,High Risk,Reject,697
1,0.3727388231908488,Very High Risk,Reject,645
1,0.16957063818426352,Medium Risk,Manual Review,757
0,0.15407111317638222,Medium Risk,Manual Review,765
1,0.43486258644280534,Very High Risk,Reject,611
1,0.1613742955664272,Medium Risk,Manual Review,761
1,0.44865619695114983,Very High Risk,Reject,603
0,0.11646499956551185,Low Risk,Manual Review,786
0,0.04784381096711081,Very Low Risk,Approve,824
0,0.16246773275145215,Medium Risk,Manual Review,761
1,0.3939315244891024,Very High Risk,Reject,633
1,0.19416590237974082,Medium Risk,Manual Review,743
0,0.22399321665017388,High Risk,Manual Review,727
0,0.16391000454440105,Medium Risk,Manual Review,760
0,0.0484177545372634,Very Low Risk,Approve,823
1,0.17854815961017942,Medium Risk,Manual Review,752
0,0.44363098246604604,Very High Risk,Reject,606
0,0.0579440326040869,Very Low Risk,Approve,818
0,0.16964108559253233,Medium Risk,Manual Review,757
0,0.10259090651406735,Low Risk,Manual Review,794
0,0.36077272732015697,Very High Risk,Reject,652
0,0.23604390868435718,High Risk,Manual Review,720
0,0.2139345027838591,High Risk,Manual Review,732
0,0.09197202711973755,Low Risk,Approve,799
0,0.10377083569252532,Low Risk,Manual Review,793
0,0.17085484447888333,Medium Risk,Manual Review,756
0,0.36253190493234294,Very High Risk,Reject,651
0,0.3132267535885255,Very High Risk,Reject,678
0,0.2952819674117455,High Risk,Reject,688
0,0.15852930030622675,Medium Risk,Manual Review,763
0,0.0540214426921769,Very Low Risk,Approve,820
0,0.1838417815477092,Medium Risk,Manual Review,749
0,0.3064328210249138,High Risk,Reject,681
0,0.21689966779612674,High Risk,Manual Review,731
0,0.27759336929816186,High Risk,Reject,697
0,0.06617497905008356,Very Low Risk,Approve,814
0,0.24822196829000792,High Risk,Manual Review,713
0,0.14993303793377852,Medium Risk,Manual Review,768
0,0.07420339013003353,Very Low Risk,Approve,809
0,0.04385678984014576,Very Low Risk,Approve,826
0,0.1808953671713046,Medium Risk,Manual Review,751
0,0.036300999333500124,Very Low Risk,Approve,830
1,0.14499147018161854,Low Risk,Manual Review,770
0,0.05011172097857477,Very Low Risk,Approve,822
0,0.057200272673253144,Very Low Risk,Approve,819
0,0.5279227850088585,Very High Risk,Reject,560
0,0.3095298998595919,High Risk,Reject,680
0,0.05589019555233348,Very Low Risk,Approve,819
0,0.42839833915801956,Very High Risk,Reject,614
1,0.1795144702414851,Medium Risk,Manual Review,751
0,0.17026543583493267,Medium Risk,Manual Review,756
0,0.1367551747382331,Low Risk,Manual Review,775
0,0.07156631989452078,Very Low Risk,Approve,811
0,0.3048627094319052,High Risk,Reject,682
0,0.2679008413143604,High Risk,Reject,703
0,0.3088004725671358,High Risk,Reject,680
0,0.09357153591164451,Low Risk,Approve,799
0,0.3360197119988719,Very High Risk,Reject,665
0,0.04322944436422191,Very Low Risk,Approve,826
1,0.235175986772244,High Risk,Manual Review,721
0,0.032036438016318156,Very Low Risk,Approve,832
0,0.09753035531671346,Low Risk,Approve,796
0,0.08225938502257145,Very Low Risk,Approve,805
0,0.030009599340811908,Very Low Risk,Approve,833
0,0.36379836152108225,Very High Risk,Reject,650
1,0.4846197138821084,Very High Risk,Reject,583
0,0.06769436365922905,Very Low Risk,Approve,813
0,0.1766760553013909,Medium Risk,Manual Review,753
1,0.29731475123714846,High Risk,Reject,686
1,0.4763447577360249,Very High Risk,Reject,588
0,0.17638268178660366,Medium Risk,Manual Review,753
0,0.3622026799448005,Very High Risk,Reject,651
0,0.08468530113823827,Very Low Risk,Approve,803
1,0.1356611061339334,Low Risk,Manual Review,775
0,0.20839085478160027,Medium Risk,Manual Review,735
0,0.09099046580458378,Low Risk,Approve,800
0,0.06801217655058227,Very Low Risk,Approve,813
1,0.3821022723605399,Very High Risk,Reject,640
0,0.07151836697277239,Very Low Risk,Approve,811
0,0.11556047312404039,Low Risk,Manual Review,786
0,0.44336380313140333,Very High Risk,Reject,606
0,0.24507924346588833,High Risk,Manual Review,715
0,0.19714719522518512,Medium Risk,Manual Review,742
0,0.16584740661114733,Medium Risk,Manual Review,759
1,0.22968105783232715,High Risk,Manual Review,724
0,0.13655781030391373,Low Risk,Manual Review,775
0,0.1791051563476875,Medium Risk,Manual Review,751
0,0.08936926686753911,Low Risk,Approve,801
0,0.48995504492471614,Very High Risk,Reject,581
1,0.16868135448867247,Medium Risk,Manual Review,757
0,0.23162607137698266,High Risk,Manual Review,723
0,0.12530349022053705,Low Risk,Manual Review,781
1,0.18595573246244199,Medium Risk,Manual Review,748
0,0.18557966851036928,Medium Risk,Manual Review,748
0,0.26877512028505907,High Risk,Reject,702
0,0.39600606236755126,Very High Risk,Reject,632
0,0.2685232454968235,High Risk,Reject,702
0,0.5373425036226757,Very High Risk,Reject,554
0,0.06907716648386696,Very Low Risk,Approve,812
0,0.1556009916104076,Medium Risk,Manual Review,764
0,0.3486206060338415,Very High Risk,Reject,658
1,0.13406953532965935,Low Risk,Manual Review,776
0,0.48080774384747116,Very High Risk,Reject,586
0,0.041488647065618126,Very Low Risk,Approve,827
0,0.2747540374319387,High Risk,Reject,699
0,0.36472032249908376,Very High Risk,Reject,649
0,0.1422873424456198,Low Risk,Manual Review,772
0,0.4194779323852304,Very High Risk,Reject,619
1,0.4917456102639212,Very High Risk,Reject,580
1,0.17570559321007764,Medium Risk,Manual Review,753
0,0.490117169877021,Very High Risk,Reject,580
0,0.08250990046830801,Very Low Risk,Approve,805
0,0.3777278684570658,Very High Risk,Reject,642
0,0.06503406164342367,Very Low Risk,Approve,814
0,0.042142602274220516,Very Low Risk,Approve,827
0,0.07417395550478313,Very Low Risk,Approve,809
1,0.15992321410640692,Medium Risk,Manual Review,762
0,0.09653062352562466,Low Risk,Approve,797
0,0.24670261128057977,High Risk,Manual Review,714
0,0.10553611659540107,Low Risk,Manual Review,792
1,0.28876371161562997,High Risk,Reject,691
0,0.024066277091622422,Very Low Risk,Approve,837
0,0.4056965391409743,Very High Risk,Reject,627
0,0.025457624376501977,Very Low Risk,Approve,836
0,0.1752580051346215,Medium Risk,Manual Review,754
1,0.2583421731791734,High Risk,Reject,708
0,0.3953707273848839,Very High Risk,Reject,633
0,0.04456847450039826,Very Low Risk,Approve,825
0,0.30323577029416515,High Risk,Reject,683
0,0.1314854464972209,Low Risk,Manual Review,778
0,0.23636214876070824,High Risk,Manual Review,720
0,0.2224957555627029,High Risk,Manual Review,728
0,0.08942141635666606,Low Risk,Approve,801
0,0.1439877508381793,Low Risk,Manual Review,771
1,0.27399674167838756,High Risk,Reject,699
0,0.2195108477411074,High Risk,Manual Review,729
0,0.4087099129174246,Very High Risk,Reject,625
0,0.34007901845243077,Very High Risk,Reject,663
0,0.18239186044360775,Medium Risk,Manual Review,750
0,0.3117307823339867,Very High Risk,Reject,679
0,0.21892889744134086,High Risk,Manual Review,730
1,0.41945734619740416,Very High Risk,Reject,619
0,0.030408411024922952,Very Low Risk,Approve,833
0,0.0874266407377242,Low Risk,Approve,802
0,0.22431069258259578,High Risk,Manual Review,727
1,0.4177651934998605,Very High Risk,Reject,620
0,0.08545451411066486,Very Low Risk,Approve,803
1,0.12987859465448745,Low Risk,Manual Review,779
0,0.08065415440823698,Very Low Risk,Approve,806
0,0.19565304785067808,Medium Risk,Manual Review,742
0,0.13205695849396182,Low Risk,Manual Review,777
0,0.17645264960711873,Medium Risk,Manual Review,753
0,0.031934553672353524,Very Low Risk,Approve,832
0,0.11428492176711376,Low Risk,Manual Review,787
0,0.08671706105015792,Very Low Risk,Approve,802
1,0.38898946403322854,Very High Risk,Reject,636
0,0.17094938578373667,Medium Risk,Manual Review,756
0,0.062103053352141,Very Low Risk,Approve,816
0,0.19174623011040104,Medium Risk,Manual Review,745
1,0.4605595622230979,Very High Risk,Reject,597
0,0.2682131135565304,High Risk,Reject,702
0,0.024117886829229544,Very Low Risk,Approve,837
0,0.16745553672923735,Medium Risk,Manual Review,758
0,0.06831593715888408,Very Low Risk,Approve,812
0,0.45218353847849757,Very High Risk,Reject,601
0,0.32232199417156915,Very High Risk,Reject,673
0,0.22097084585652207,High Risk,Manual Review,728
0,0.12027097444074684,Low Risk,Manual Review,784
0,0.22442000212410065,High Risk,Manual Review,727
0,0.275994011005064,High Risk,Reject,698
0,0.08950715004577504,Low Risk,Approve,801
0,0.4791784378422366,Very High Risk,Reject,586
0,0.10048568183422026,Low Risk,Manual Review,795
0,0.097999187846014,Low Risk,Approve,796
0,0.2088886986322564,Medium Risk,Manual Review,735
0,0.05793664813826436,Very Low Risk,Approve,818
0,0.39628601448286666,Very High Risk,Reject,632
1,0.5011250072577292,Very High Risk,Reject,574
1,0.11247677660810596,Low Risk,Manual Review,788
1,0.21940792784856566,High Risk,Manual Review,729
0,0.15563879371485423,Medium Risk,Manual Review,764
0,0.1847190904673176,Medium Risk,Manual Review,748
0,0.12166506491842889,Low Risk,Manual Review,783
0,0.24870860400785255,High Risk,Manual Review,713
1,0.4214546424891189,Very High Risk,Reject,618
1,0.2048930959109375,Medium Risk,Manual Review,737
1,0.10945112943009762,Low Risk,Manual Review,790
0,0.038739852863701685,Very Low Risk,Approve,829
1,0.33443822717877364,Very High Risk,Reject,666
0,0.18308671578104552,Medium Risk,Manual Review,749
0,0.17695500158530741,Medium Risk,Manual Review,753
0,0.6222441174976967,Very High Risk,Reject,508
1,0.15165345038843028,Medium Risk,Manual Review,767
0,0.0931397583863189,Low Risk,Approve,799
0,0.19535067729627315,Medium Risk,Manual Review,743
0,0.031429227141168546,Very Low Risk,Approve,833
0,0.20655465505534457,Medium Risk,Manual Review,736
0,0.21660198054088345,High Risk,Manual Review,731
0,0.05883671124453298,Very Low Risk,Approve,818
1,0.5602088019914692,Very High Risk,Reject,542
0,0.029049137560252104,Very Low Risk,Approve,834
1,0.15906590603728132,Medium Risk,Manual Review,763
0,0.108494901980938,Low Risk,Manual Review,790
0,0.2464480301836712,High Risk,Manual Review,714
0,0.20229727053167923,Medium Risk,Manual Review,739
0,0.045807081825669574,Very Low Risk,Approve,825
0,0.28382314563352906,High Risk,Reject,694
0,0.09918258779939546,Low Risk,Approve,795
0,0.2352277567421181,High Risk,Manual Review,721
0,0.2681256438055888,High Risk,Reject,703
1,0.4355273811350298,Very High Risk,Reject,610
0,0.10757198071778196,Low Risk,Manual Review,791
1,0.24563343400308316,High Risk,Manual Review,715
0,0.25229022170887355,High Risk,Reject,711
0,0.14370060494016673,Low Risk,Manual Review,771
1,0.2249199581050462,High Risk,Manual Review,726
1,0.49013823447763327,Very High Risk,Reject,580
1,0.3115376228174344,Very High Risk,Reject,679
0,0.6956618773548514,Very High Risk,Reject,467
0,0.11172648247107644,Low Risk,Manual Review,789
1,0.07299242229495281,Very Low Risk,Approve,810
0,0.1630479951662239,Medium Risk,Manual Review,760
0,0.04633980289430594,Very Low Risk,Approve,825
0,0.15626821120338708,Medium Risk,Manual Review,764
0,0.13514770108962312,Low Risk,Manual Review,776
0,0.08501056327454007,Very Low Risk,Approve,803
1,0.2683177708117938,High Risk,Reject,702
0,0.19728809893099983,Medium Risk,Manual Review,741
0,0.09733750450932777,Low Risk,Approve,796
0,0.17528771972748322,Medium Risk,Manual Review,754
1,0.17199716320261274,Medium Risk,Manual Review,755
0,0.07979410233242311,Very Low Risk,Approve,806
0,0.08465931774089708,Very Low Risk,Approve,803
1,0.2643833892473442,High Risk,Reject,705
0,0.3498050262248859,Very High Risk,Reject,658
0,0.11537727517488383,Low Risk,Manual Review,787
0,0.4356351974199369,Very High Risk,Reject,610
0,0.11356307024994884,Low Risk,Manual Review,788
0,0.19339916139740404,Medium Risk,Manual Review,744
0,0.11051649161136495,Low Risk,Manual Review,789
0,0.3107301939543227,High Risk,Reject,679
0,0.21456213105431082,High Risk,Manual Review,732
0,0.1416735545465577,Low Risk,Manual Review,772
0,0.3167220244339787,Very High Risk,Reject,676
0,0.05469369846350234,Very Low Risk,Approve,820
0,0.28111015477138085,High Risk,Reject,695
0,0.09432868002650746,Low Risk,Approve,798
0,0.20220258970179225,Medium Risk,Manual Review,739
1,0.3593214344934849,Very High Risk,Reject,652
0,0.10966668381071436,Low Risk,Manual Review,790
0,0.07594558638149795,Very Low Risk,Approve,808
1,0.25419370210629116,High Risk,Reject,710
0,0.10323144031476633,Low Risk,Manual Review,793
0,0.30917930655638987,High Risk,Reject,680
0,0.1306177963877853,Low Risk,Manual Review,778
0,0.057711226191205715,Very Low Risk,Approve,818
1,0.08383639901270876,Very Low Risk,Approve,804
0,0.12771601519203948,Low Risk,Manual Review,780
0,0.1194384147334044,Low Risk,Manual Review,784
0,0.24713105747006692,High Risk,Manual Review,714
0,0.04869732004873328,Very Low Risk,Approve,823
1,0.3387952410787123,Very High Risk,Reject,664
0,0.052563219385264044,Very Low Risk,Approve,821
0,0.22726651343679724,High Risk,Manual Review,725
0,0.27730566625263486,High Risk,Reject,697
0,0.31141007373791674,High Risk,Reject,679
1,0.2528292520888716,High Risk,Reject,711
1,0.3441873143408834,Very High Risk,Reject,661
0,0.19137564779514948,Medium Risk,Manual Review,745
0,0.16367266319806434,Medium Risk,Manual Review,760
0,0.1437060282555332,Low Risk,Manual Review,771
0,0.1142897073761016,Low Risk,Manual Review,787
1,0.16668780522680554,Medium Risk,Manual Review,758
0,0.08052922332565422,Very Low Risk,Approve,806
0,0.28283886785386375,High Risk,Reject,694
0,0.09845196375743011,Low Risk,Approve,796
0,0.1801073150145891,Medium Risk,Manual Review,751
0,0.5162604080106007,Very High Risk,Reject,566
0,0.14609374795281513,Medium Risk,Manual Review,770
0,0.18348606635318088,Medium Risk,Manual Review,749
0,0.17785833362367956,Medium Risk,Manual Review,752
0,0.05489501444292727,Very Low Risk,Approve,820
0,0.14404079922436033,Low Risk,Manual Review,771
1,0.16017672792110443,Medium Risk,Manual Review,762
0,0.0910377324957036,Low Risk,Approve,800
0,0.34881274066371354,Very High Risk,Reject,658
0,0.04061644797776518,Very Low Risk,Approve,828
0,0.07316998885313288,Very Low Risk,Approve,810
0,0.16690970475885875,Medium Risk,Manual Review,758
0,0.17527764956313052,Medium Risk,Manual Review,754
0,0.2146390537326353,High Risk,Manual Review,732
1,0.07365630077128385,Very Low Risk,Approve,809
0,0.16446530412773963,Medium Risk,Manual Review,760
0,0.13332430472105836,Low Risk,Manual Review,777
0,0.08735115390150198,Low Risk,Approve,802
0,0.1826137781657567,Medium Risk,Manual Review,750
0,0.13643176761119527,Low Risk,Manual Review,775
0,0.04171621926197555,Very Low Risk,Approve,827
0,0.10046504992790249,Low Risk,Manual Review,795
0,0.21515165710321987,High Risk,Manual Review,732
0,0.08318664440836748,Very Low Risk,Approve,804
0,0.16618619654010783,Medium Risk,Manual Review,759
1,0.19149466934109188,Medium Risk,Manual Review,745
0,0.09567329960000434,Low Risk,Approve,797
1,0.16992869210560957,Medium Risk,Manual Review,757
0,0.4127781533828457,Very High Risk,Reject,623
0,0.08516674389353329,Very Low Risk,Approve,803
0,0.028700643687500332,Very Low Risk,Approve,834
0,0.09497935536440962,Low Risk,Approve,798
1,0.3474986534716868,Very High Risk,Reject,659
0,0.2540949571288571,High Risk,Reject,710
0,0.12259399627974556,Low Risk,Manual Review,783
0,0.16882798238382546,Medium Risk,Manual Review,757
1,0.2525708097942633,High Risk,Reject,711
0,0.19738202903430602,Medium Risk,Manual Review,741
1,0.2579714105061734,High Risk,Reject,708
0,0.02328299471001056,Very Low Risk,Approve,837
0,0.1922697955136394,Medium Risk,Manual Review,744
0,0.589837890004186,Very High Risk,Reject,526
0,0.03187741758883322,Very Low Risk,Approve,832
0,0.24094345329663028,High Risk,Manual Review,717
0,0.3688142097559877,Very High Risk,Reject,647
0,0.05427496355043223,Very Low Risk,Approve,820
0,0.04427706622725021,Very Low Risk,Approve,826
1,0.3804273193266466,Very High Risk,Reject,641
0,0.1728478734778906,Medium Risk,Manual Review,755
0,0.14139785386640283,Low Risk,Manual Review,772
0,0.028726246092252817,Very Low Risk,Approve,834
0,0.20010652835025777,Medium Risk,Manual Review,740
0,0.07881912394317014,Very Low Risk,Approve,807
0,0.17695540099392756,Medium Risk,Manual Review,753
0,0.25861315209924446,High Risk,Reject,708
0,0.16363481103433167,Medium Risk,Manual Review,760
0,0.24008851897081804,High Risk,Manual Review,718
0,0.35197481555557786,Very High Risk,Reject,656
0,0.19237430591968233,Medium Risk,Manual Review,744
0,0.5302626723842013,Very High Risk,Reject,558
0,0.025173702535608772,Very Low Risk,Approve,836
1,0.5586962995586368,Very High Risk,Reject,543
0,0.05624889774410005,Very Low Risk,Approve,819
0,0.17083493678571232,Medium Risk,Manual Review,756
0,0.46637090622722477,Very High Risk,Reject,593
1,0.07931207865096584,Very Low Risk,Approve,806
0,0.1051903643286069,Low Risk,Manual Review,792
0,0.06601001700722035,Very Low Risk,Approve,814
0,0.25696953416217955,High Risk,Reject,709
0,0.3356925682588222,Very High Risk,Reject,665
0,0.3345623045953157,Very High Risk,Reject,666
0,0.06668814695554597,Very Low Risk,Approve,813
0,0.36788748390605497,Very High Risk,Reject,648
0,0.1842523194541449,Medium Risk,Manual Review,749
0,0.21945295815087393,High Risk,Manual Review,729
0,0.16001278736363178,Medium Risk,Manual Review,762
0,0.34254394844845537,Very High Risk,Reject,662
0,0.0661186037224607,Very Low Risk,Approve,814
0,0.10086901154156791,Low Risk,Manual Review,795
1,0.2986663855470061,High Risk,Reject,686
0,0.15972263750829813,Medium Risk,Manual Review,762
0,0.2376018048940386,High Risk,Manual Review,719
0,0.4257261201703255,Very High Risk,Reject,616
0,0.12152547704061623,Low Risk,Manual Review,783
0,0.06667525649403824,Very Low Risk,Approve,813
0,0.3972580841817013,Very High Risk,Reject,632
0,0.20056958540456854,Medium Risk,Manual Review,740
0,0.1902340765298141,Medium Risk,Manual Review,745
0,0.1436073263155943,Low Risk,Manual Review,771
0,0.10855045037691216,Low Risk,Manual Review,790
1,0.11491321037925488,Low Risk,Manual Review,787
0,0.0873941918989821,Low Risk,Approve,802
1,0.20776667101187912,Medium Risk,Manual Review,736
1,0.5444717387855963,Very High Risk,Reject,551
0,0.44790439667928694,Very High Risk,Reject,604
0,0.05370591812244809,Very Low Risk,Approve,820
0,0.16140362165233002,Medium Risk,Manual Review,761
0,0.24659095920721438,High Risk,Manual Review,714
0,0.10912724565838976,Low Risk,Manual Review,790
0,0.12694298150004352,Low Risk,Manual Review,780
0,0.05497807969359824,Very Low Risk,Approve,820
0,0.20188187002138006,Medium Risk,Manual Review,739
0,0.14573297966709667,Low Risk,Manual Review,770
0,0.2804530557462054,High Risk,Reject,696
0,0.16580740319394602,Medium Risk,Manual Review,759
0,0.12123344613807861,Low Risk,Manual Review,783
1,0.36103775896826085,Very High Risk,Reject,651
0,0.32737756671954177,Very High Risk,Reject,670
0,0.18243735287327048,Medium Risk,Manual Review,750
0,0.2309267006367533,High Risk,Manual Review,723
0,0.13162892700678416,Low Risk,Manual Review,778
0,0.14183195381682626,Low Risk,Manual Review,772
1,0.22105086792082423,High Risk,Manual Review,728
0,0.17762116392024094,Medium Risk,Manual Review,752
0,0.09958977013295436,Low Risk,Approve,795
0,0.15801631977151628,Medium Risk,Manual Review,763
0,0.045294601822856724,Very Low Risk,Approve,825
0,0.08877292050328868,Low Risk,Approve,801
0,0.3615045271207606,Very High Risk,Reject,651
0,0.045896605764357154,Very Low Risk,Approve,825
0,0.3158021867496555,Very High Risk,Reject,676
0,0.11960238609726619,Low Risk,Manual Review,784
0,0.31538114480453405,Very High Risk,Reject,677
0,0.04831307320552829,Very Low Risk,Approve,823
0,0.0872460715741525,Low Risk,Approve,802
0,0.17009892576823699,Medium Risk,Manual Review,756
0,0.16869547663857165,Medium Risk,Manual Review,757
0,0.25896794598399586,High Risk,Reject,708
0,0.22312413377319917,High Risk,Manual Review,727
0,0.26706665931483026,High Risk,Reject,703
1,0.15815115370747646,Medium Risk,Manual Review,763
1,0.09906590667738714,Low Risk,Approve,796
0,0.4926011799650441,Very High Risk,Reject,579
0,0.21752722725674503,High Risk,Manual Review,730
0,0.05835642284458076,Very Low Risk,Approve,818
1,0.26566479830193457,High Risk,Reject,704
0,0.514374697799746,Very High Risk,Reject,567
1,0.1564784196844938,Medium Risk,Manual Review,764
0,0.45808098898548727,Very High Risk,Reject,598
0,0.07544276422784166,Very Low Risk,Approve,809
1,0.26082840306109434,High Risk,Reject,707
1,0.4199073168675534,Very High Risk,Reject,619
1,0.24073296874457648,High Risk,Manual Review,718
0,0.20362969820565952,Medium Risk,Manual Review,738
0,0.059385913248911314,Very Low Risk,Approve,817
1,0.12935277816894883,Low Risk,Manual Review,779
0,0.39122906425308074,Very High Risk,Reject,635
0,0.1095443864418009,Low Risk,Manual Review,790
0,0.05004117052968058,Very Low Risk,Approve,822
0,0.10188485321825068,Low Risk,Manual Review,794
1,0.14290267652520972,Low Risk,Manual Review,771
0,0.1447668302971858,Low Risk,Manual Review,770
0,0.11330161173433044,Low Risk,Manual Review,788
0,0.07091638711786172,Very Low Risk,Approve,811
1,0.3597392418360839,Very High Risk,Reject,652
0,0.2032880750294867,Medium Risk,Manual Review,738
1,0.2553250143649164,High Risk,Reject,710
1,0.15081004575071116,Medium Risk,Manual Review,767
0,0.16523707463791334,Medium Risk,Manual Review,759
0,0.4355960660734502,Very High Risk,Reject,610
0,0.25363771608665425,High Risk,Reject,710
0,0.08233322987428578,Very Low Risk,Approve,805
0,0.21470013203306795,High Risk,Manual Review,732
0,0.2729234149249009,High Risk,Reject,700
0,0.12013908488945732,Low Risk,Manual Review,784
0,0.3014923435122815,High Risk,Reject,684
0,0.08904756214412594,Low Risk,Approve,801
0,0.06695804366689807,Very Low Risk,Approve,813
0,0.10450600181051711,Low Risk,Manual Review,793
0,0.18731537720711056,Medium Risk,Manual Review,747
0,0.3618534182974218,Very High Risk,Reject,651
0,0.3228297895240783,Very High Risk,Reject,672
1,0.14541778784936388,Low Risk,Manual Review,770
0,0.13532169921911172,Low Risk,Manual Review,776
1,0.25339448523405533,High Risk,Reject,711
0,0.053156415388801614,Very Low Risk,Approve,821
0,0.11265945863127165,Low Risk,Manual Review,788
0,0.5736841151167685,Very High Risk,Reject,534
0,0.1547148708793525,Medium Risk,Manual Review,765
0,0.5666469095246758,Very High Risk,Reject,538
1,0.05471084481599122,Very Low Risk,Approve,820
0,0.06624013074304154,Very Low Risk,Approve,814
0,0.18644543810420003,Medium Risk,Manual Review,747
0,0.3737010328931064,Very High Risk,Reject,644
0,0.26469166525331816,High Risk,Reject,704
0,0.13345317277235472,Low Risk,Manual Review,777
1,0.3731104740250234,Very High Risk,Reject,645
0,0.15533537791748533,Medium Risk,Manual Review,765
0,0.16450528055906855,Medium Risk,Manual Review,760
1,0.08944379941313542,Low Risk,Approve,801
0,0.43349202443274515,Very High Risk,Reject,612
0,0.38573878207217666,Very High Risk,Reject,638
0,0.06313021825001366,Very Low Risk,Approve,815
1,0.29301745680827596,High Risk,Reject,689
0,0.034858737120945824,Very Low Risk,Approve,831
0,0.37689771595319616,Very High Risk,Reject,643
0,0.4297968837103352,Very High Risk,Reject,614
0,0.20187860249730652,Medium Risk,Manual Review,739
0,0.23446843898072417,High Risk,Manual Review,721
1,0.033173463305342696,Very Low Risk,Approve,832
1,0.0981935009820665,Low Risk,Approve,796
0,0.3425730618045087,Very High Risk,Reject,662
0,0.2246383660604198,High Risk,Manual Review,726
0,0.12460250614746149,Low Risk,Manual Review,781
0,0.18121276272367765,Medium Risk,Manual Review,750
0,0.2563826556221224,High Risk,Reject,709
0,0.14051001540825023,Low Risk,Manual Review,773
1,0.28311237011792756,High Risk,Reject,694
0,0.17748731422855052,Medium Risk,Manual Review,752
1,0.3689821341611363,Very High Risk,Reject,647
1,0.38503388140876793,Very High Risk,Reject,638
0,0.3978375106404454,Very High Risk,Reject,631
0,0.11092275734176278,Low Risk,Manual Review,789
0,0.19009752189634058,Medium Risk,Manual Review,745
0,0.07651458927599918,Very Low Risk,Approve,808
0,0.03686789440715089,Very Low Risk,Approve,830
1,0.10105623784769256,Low Risk,Manual Review,794
0,0.08961823993583294,Low Risk,Approve,801
1,0.22220268380302813,High Risk,Manual Review,728
0,0.0885895240262366,Low Risk,Approve,801
0,0.49437223733012375,Very High Risk,Reject,578
1,0.4739004578906251,Very High Risk,Reject,589
0,0.35954936978493324,Very High Risk,Reject,652
0,0.08991203549716224,Low Risk,Approve,801
0,0.18969351486404765,Medium Risk,Manual Review,746
0,0.08274056419016439,Very Low Risk,Approve,804
0,0.4227255521213046,Very High Risk,Reject,618
0,0.15488224515899618,Medium Risk,Manual Review,765
0,0.157389610921108,Medium Risk,Manual Review,763
1,0.5537727688707565,Very High Risk,Reject,545
1,0.06031156661281664,Very Low Risk,Approve,817
1,0.44854153687880816,Very High Risk,Reject,603
0,0.2276879601392705,High Risk,Manual Review,725
0,0.4202892683867331,Very High Risk,Reject,619
0,0.08352802619662301,Very Low Risk,Approve,804
0,0.12554809087276855,Low Risk,Manual Review,781
1,0.4549006447386247,Very High Risk,Reject,600
1,0.4576470745916832,Very High Risk,Reject,598
0,0.13427439649763104,Low Risk,Manual Review,776
0,0.11019765465781174,Low Risk,Manual Review,789
0,0.09027513826442272,Low Risk,Approve,800
0,0.2278509197800422,High Risk,Manual Review,725
0,0.10066092960737769,Low Risk,Manual Review,795
0,0.08109142475492295,Very Low Risk,Approve,805
1,0.42272479453963163,Very High Risk,Reject,618
0,0.28639587138799516,High Risk,Reject,692
0,0.2163590815060328,High Risk,Manual Review,731
0,0.02738877119414125,Very Low Risk,Approve,835
0,0.42314598819442445,Very High Risk,Reject,617
0,0.16564700912392097,Medium Risk,Manual Review,759
0,0.11464274367447833,Low Risk,Manual Review,787
0,0.031041756740170037,Very Low Risk,Approve,833
0,0.12679829038248097,Low Risk,Manual Review,780
0,0.3687970099771202,Very High Risk,Reject,647
0,0.13431895097043528,Low Risk,Manual Review,776
0,0.4505056468263888,Very High Risk,Reject,602
0,0.08176845298515806,Very Low Risk,Approve,805
0,0.2301613965918739,High Risk,Manual Review,723
0,0.31599436302407186,Very High Risk,Reject,676
0,0.1850690969201569,Medium Risk,Manual Review,748
1,0.391028677282423,Very High Risk,Reject,635
0,0.05727375120530312,Very Low Risk,Approve,818
0,0.0679215578082201,Very Low Risk,Approve,813
0,0.029405003753132177,Very Low Risk,Approve,834
0,0.13986015522725842,Low Risk,Manual Review,773
0,0.22249491816165995,High Risk,Manual Review,728
0,0.03982060414787513,Very Low Risk,Approve,828
0,0.22269524664566068,High Risk,Manual Review,728
0,0.1624099503863539,Medium Risk,Manual Review,761
0,0.24245177335904225,High Risk,Manual Review,717
0,0.23195101817746386,High Risk,Manual Review,722
0,0.0859507669134578,Very Low Risk,Approve,803
1,0.4243572496636857,Very High Risk,Reject,617
1,0.3055263661768289,High Risk,Reject,682
0,0.3901096214188437,Very High Risk,Reject,635
0,0.1074932345013677,Low Risk,Manual Review,791
0,0.2130971157650899,Medium Risk,Manual Review,733
0,0.45035914530880317,Very High Risk,Reject,602
1,0.32377729509313236,Very High Risk,Reject,672
0,0.11439124408625993,Low Risk,Manual Review,787
0,0.2110096890067231,Medium Risk,Manual Review,734
0,0.2617998769896442,High Risk,Reject,706
0,0.22081330852538536,High Risk,Manual Review,729
0,0.6049371945489841,Very High Risk,Reject,517
0,0.15246801037916238,Medium Risk,Manual Review,766
1,0.37743073633477325,Very High Risk,Reject,642
0,0.09705394559897314,Low Risk,Approve,797
0,0.13448871429214332,Low Risk,Manual Review,776
0,0.23328187941782444,High Risk,Manual Review,722
0,0.16040809297773595,Medium Risk,Manual Review,762
0,0.10298645017745223,Low Risk,Manual Review,793
0,0.06366662792176019,Very Low Risk,Approve,815
0,0.17964942377569443,Medium Risk,Manual Review,751
0,0.16380294262645057,Medium Risk,Manual Review,760
1,0.41866312933228783,Very High Risk,Reject,620
0,0.10380037985648193,Low Risk,Manual Review,793
0,0.23637135572679335,High Risk,Manual Review,720
0,0.37340540444876585,Very High Risk,Reject,645
0,0.27356539557025017,High Risk,Reject,700
0,0.2966607002439313,High Risk,Reject,687
0,0.1051984802860343,Low Risk,Manual Review,792
1,0.3134717072361245,Very High Risk,Reject,678
0,0.20378665811034666,Medium Risk,Manual Review,738
0,0.04355086288646907,Very Low Risk,Approve,826
0,0.484494222386541,Very High Risk,Reject,584
1,0.3509575238792064,Very High Risk,Reject,657
1,0.1172635135577798,Low Risk,Manual Review,786
0,0.1653493301375206,Medium Risk,Manual Review,759
0,0.32178524221509985,Very High Risk,Reject,673
0,0.15371880111095695,Medium Risk,Manual Review,765
0,0.19560279139757822,Medium Risk,Manual Review,742
1,0.19167245971133554,Medium Risk,Manual Review,745
0,0.08924308830870055,Low Risk,Approve,801
1,0.25760963083915445,High Risk,Reject,708
0,0.2029179711131124,Medium Risk,Manual Review,738
0,0.05554604548982436,Very Low Risk,Approve,819
0,0.3255712395535627,Very High Risk,Reject,671
0,0.18281224048076794,Medium Risk,Manual Review,749
0,0.20238402318016716,Medium Risk,Manual Review,739
0,0.26477484358488546,High Risk,Reject,704
0,0.10195826361017897,Low Risk,Manual Review,794
0,0.4328475924097894,Very High Risk,Reject,612
0,0.027699899792306498,Very Low Risk,Approve,835
0,0.04729312356306617,Very Low Risk,Approve,824
0,0.023134060729433577,Very Low Risk,Approve,837
0,0.44893652914266785,Very High Risk,Reject,603
0,0.12075880091961771,Low Risk,Manual Review,784
0,0.17467477217077707,Medium Risk,Manual Review,754
0,0.13492915819807202,Low Risk,Manual Review,776
0,0.04569507468749521,Very Low Risk,Approve,825
1,0.26862797029009927,High Risk,Reject,702
1,0.21368417166946738,High Risk,Manual Review,732
0,0.20245967977511348,Medium Risk,Manual Review,739
0,0.03229484416373661,Very Low Risk,Approve,832
0,0.2164353001516263,High Risk,Manual Review,731
1,0.4128413483434723,Very High Risk,Reject,623
0,0.06262623530187868,Very Low Risk,Approve,816
0,0.39365982272650374,Very High Risk,Reject,633
0,0.1687539954255419,Medium Risk,Manual Review,757
0,0.12389075780535902,Low Risk,Manual Review,782
0,0.17174850965883753,Medium Risk,Manual Review,756
1,0.11637459488925823,Low Risk,Manual Review,786
0,0.18084064910389597,Medium Risk,Manual Review,751
1,0.3382160230406526,Very High Risk,Reject,664
0,0.04450886888847745,Very Low Risk,Approve,826
0,0.26053631273297134,High Risk,Reject,707
1,0.09362649076425147,Low Risk,Approve,799
0,0.21450774689741567,High Risk,Manual Review,732
0,0.138188901462655,Low Risk,Manual Review,774
1,0.4479899539843492,Very High Risk,Reject,604
0,0.04558186976894988,Very Low Risk,Approve,825
0,0.05144539585700761,Very Low Risk,Approve,822
0,0.24952800297524594,High Risk,Manual Review,713
0,0.11405937831655746,Low Risk,Manual Review,787
0,0.2621795475440843,High Risk,Reject,706
0,0.261863353851445,High Risk,Reject,706
0,0.07650695565568347,Very Low Risk,Approve,808
1,0.1405850076874121,Low Risk,Manual Review,773
0,0.49188106983950686,Very High Risk,Reject,579
0,0.4118532871870383,Very High Risk,Reject,623
0,0.2107835293103426,Medium Risk,Manual Review,734
0,0.08072059946003256,Very Low Risk,Approve,806
0,0.2077721636466181,Medium Risk,Manual Review,736
0,0.37303008987381114,Very High Risk,Reject,645
0,0.3071773594490641,High Risk,Reject,681
0,0.05338095651978726,Very Low Risk,Approve,821
0,0.07674473208285429,Very Low Risk,Approve,808
0,0.06452266182475803,Very Low Risk,Approve,815
0,0.06739232082807467,Very Low Risk,Approve,813
0,0.16951809912976115,Medium Risk,Manual Review,757
0,0.18439960710713957,Medium Risk,Manual Review,749
0,0.18291625552790375,Medium Risk,Manual Review,749
1,0.3984148413973135,Very High Risk,Reject,631
0,0.3798371467716195,Very High Risk,Reject,641
0,0.15499620616973736,Medium Risk,Manual Review,765
1,0.2494833427882416,High Risk,Manual Review,713
1,0.08090873177836165,Very Low Risk,Approve,806
0,0.02930999301542631,Very Low Risk,Approve,834
0,0.18873659725833233,Medium Risk,Manual Review,746
0,0.18861335373412802,Medium Risk,Manual Review,746
0,0.2194866484329393,High Risk,Manual Review,729
0,0.10572120592014314,Low Risk,Manual Review,792
1,0.22511043343307366,High Risk,Manual Review,726
1,0.23260187700358043,High Risk,Manual Review,722
0,0.02743472767170635,Very Low Risk,Approve,835
0,0.13226687819262195,Low Risk,Manual Review,777
0,0.16212834423576092,Medium Risk,Manual Review,761
0,0.2130472414062857,Medium Risk,Manual Review,733
0,0.05792153259429504,Very Low Risk,Approve,818
0,0.046965173792367344,Very Low Risk,Approve,824
0,0.04232071565102756,Very Low Risk,Approve,827
0,0.21059309975889706,Medium Risk,Manual Review,734
0,0.07932371089759672,Very Low Risk,Approve,806
0,0.03721391492120946,Very Low Risk,Approve,830
0,0.21556358027738168,High Risk,Manual Review,731
1,0.44386337045414936,Very High Risk,Reject,606
0,0.266525074622854,High Risk,Reject,703
0,0.11007994933655854,Low Risk,Manual Review,789
0,0.1812192461783798,Medium Risk,Manual Review,750
0,0.15684229825325596,Medium Risk,Manual Review,764
0,0.19622421764552306,Medium Risk,Manual Review,742
0,0.10177339689209526,Low Risk,Manual Review,794
1,0.1718592788266518,Medium Risk,Manual Review,755
0,0.25992595484774966,High Risk,Reject,707
0,0.11612574911764334,Low Risk,Manual Review,786
1,0.3375835832908873,Very High Risk,Reject,664
0,0.04320167740995493,Very Low Risk,Approve,826
0,0.3719532023068465,Very High Risk,Reject,645
1,0.46868508014419913,Very High Risk,Reject,592
0,0.22211114594603693,High Risk,Manual Review,728
0,0.09919689544734657,Low Risk,Approve,795
0,0.23413810579179944,High Risk,Manual Review,721
0,0.2843766065619174,High Risk,Reject,694
0,0.11278102421163319,Low Risk,Manual Review,788
0,0.38144213477982397,Very High Risk,Reject,640
0,0.027229574334258162,Very Low Risk,Approve,835
0,0.3373015279804742,Very High Risk,Reject,664
0,0.26083410462138673,High Risk,Reject,707
0,0.07870558968339365,Very Low Risk,Approve,807
0,0.06431384304942228,Very Low Risk,Approve,815
0,0.07093767635278943,Very Low Risk,Approve,811
0,0.1580538746631726,Medium Risk,Manual Review,763
1,0.436271185116726,Very High Risk,Reject,610
1,0.10977111162768792,Low Risk,Manual Review,790
0,0.07715230473589114,Very Low Risk,Approve,808
0,0.07520903146329418,Very Low Risk,Approve,809
0,0.10635178822229228,Low Risk,Manual Review,792
0,0.19748292455166236,Medium Risk,Manual Review,741
1,0.2716052782625965,High Risk,Reject,701
0,0.5948336644530023,Very High Risk,Reject,523
1,0.3742477442229882,Very High Risk,Reject,644
0,0.48095003216786136,Very High Risk,Reject,585
0,0.12516018806888257,Low Risk,Manual Review,781
0,0.18647686372807695,Medium Risk,Manual Review,747
0,0.19317829654839852,Medium Risk,Manual Review,744
0,0.20354116311177178,Medium Risk,Manual Review,738
0,0.6631760706979848,Very High Risk,Reject,485
0,0.13966210089492923,Low Risk,Manual Review,773
0,0.22883615663018222,High Risk,Manual Review,724
0,0.05680792282648783,Very Low Risk,Approve,819
0,0.08021003933649556,Very Low Risk,Approve,806
0,0.23841861401735132,High Risk,Manual Review,719
1,0.3222958378142247,Very High Risk,Reject,673
0,0.14020517836645988,Low Risk,Manual Review,773
0,0.2630184438544911,High Risk,Reject,705
0,0.1174938160779438,Low Risk,Manual Review,785
0,0.18675082856305508,Medium Risk,Manual Review,747
1,0.38504627545744174,Very High Risk,Reject,638
0,0.20253125685299012,Medium Risk,Manual Review,739
0,0.051784814178395984,Very Low Risk,Approve,822
1,0.08641807425461424,Very Low Risk,Approve,802
0,0.3741751120862849,Very High Risk,Reject,644
0,0.16828896192772275,Medium Risk,Manual Review,757
0,0.0903502654942513,Low Risk,Approve,800
1,0.1473591949050742,Medium Risk,Manual Review,769
0,0.25418445330857836,High Risk,Reject,710
0,0.08816311104429543,Low Risk,Approve,802
0,0.135817404810299,Low Risk,Manual Review,775
0,0.2937144110577278,High Risk,Reject,688
0,0.1818077955531274,Medium Risk,Manual Review,750
1,0.027407347135561613,Very Low Risk,Approve,835
0,0.2064510733590342,Medium Risk,Manual Review,736
0,0.030334993313707894,Very Low Risk,Approve,833
0,0.1174783355162836,Low Risk,Manual Review,785
1,0.10536782261868463,Low Risk,Manual Review,792
0,0.40666317019852766,Very High Risk,Reject,626
0,0.07569389530046762,Very Low Risk,Approve,808
1,0.33604354802383,Very High Risk,Reject,665
1,0.12709023380030543,Low Risk,Manual Review,780
1,0.2186349272872229,High Risk,Manual Review,730
0,0.13199819814972222,Low Risk,Manual Review,777
0,0.09503645963353813,Low Risk,Approve,798
0,0.1758267167245241,Medium Risk,Manual Review,753
0,0.27412882321682064,High Risk,Reject,699
0,0.1268779958965022,Low Risk,Manual Review,780
0,0.020851048523100418,Very Low Risk,Approve,839
0,0.4440398420088646,Very High Risk,Reject,606
0,0.19869327275453819,Medium Risk,Manual Review,741
0,0.06548455669162226,Very Low Risk,Approve,814
1,0.0746488066697924,Very Low Risk,Approve,809
1,0.24240972675576464,High Risk,Manual Review,717
1,0.4884829906712681,Very High Risk,Reject,581
0,0.049805429575950036,Very Low Risk,Approve,823
0,0.11078757647204633,Low Risk,Manual Review,789
1,0.29045312567949666,High Risk,Reject,690
0,0.11784406120141697,Low Risk,Manual Review,785
0,0.09075312020865503,Low Risk,Approve,800
0,0.08861843569394633,Low Risk,Approve,801
1,0.4351103546956914,Very High Risk,Reject,611
0,0.16582107109052427,Medium Risk,Manual Review,759
0,0.029281217151296366,Very Low Risk,Approve,834
0,0.09245507896204869,Low Risk,Approve,799
0,0.20374565213028356,Medium Risk,Manual Review,738
0,0.31986486186960766,Very High Risk,Reject,674
0,0.024800316540211503,Very Low Risk,Approve,836
0,0.08090231646596163,Very Low Risk,Approve,806
1,0.21055022480170932,Medium Risk,Manual Review,734
0,0.1420587589439178,Low Risk,Manual Review,772
1,0.5626233259351601,Very High Risk,Reject,541
1,0.5071841488849744,Very High Risk,Reject,571
0,0.15831093922112482,Medium Risk,Manual Review,763
1,0.41556271367940273,Very High Risk,Reject,621
1,0.4101030882251739,Very High Risk,Reject,624
1,0.5756554304578924,Very High Risk,Reject,533
0,0.21100245608914908,Medium Risk,Manual Review,734
0,0.16791605038923055,Medium Risk,Manual Review,758
0,0.2846443469238747,High Risk,Reject,693
1,0.28407388550188367,High Risk,Reject,694
1,0.10074558679412195,Low Risk,Manual Review,795
0,0.2895587969330817,High Risk,Reject,691
0,0.04862182719507548,Very Low Risk,Approve,823
1,0.48582002338573527,Very High Risk,Reject,583
0,0.24521881140155052,High Risk,Manual Review,715
0,0.14697630401107778,Medium Risk,Manual Review,769
0,0.06385754172541584,Very Low Risk,Approve,815
0,0.06595912968711895,Very Low Risk,Approve,814
1,0.5548894114010882,Very High Risk,Reject,545
0,0.14906230042717894,Medium Risk,Manual Review,768
0,0.16764105327996265,Medium Risk,Manual Review,758
0,0.2613157642771676,High Risk,Reject,706
0,0.21270473010030053,Medium Risk,Manual Review,733
0,0.29780984279593786,High Risk,Reject,686
0,0.2871428200151706,High Risk,Reject,692
1,0.11361604896129573,Low Risk,Manual Review,788
0,0.16005764950461365,Medium Risk,Manual Review,762
0,0.3881748668975513,Very High Risk,Reject,637
1,0.1567279226208088,Medium Risk,Manual Review,764
1,0.10134439846420382,Low Risk,Manual Review,794
0,0.09080899280385714,Low Risk,Approve,800
0,0.3747328549671864,Very High Risk,Reject,644
0,0.27468927061640663,High Risk,Reject,699
0,0.03163040440053026,Very Low Risk,Approve,833
0,0.2596556558382443,High Risk,Reject,707
1,0.3931932125046922,Very High Risk,Reject,634
0,0.07101229285495218,Very Low Risk,Approve,811
0,0.11687248680204915,Low Risk,Manual Review,786
0,0.5879838710047842,Very High Risk,Reject,527
0,0.10573232799160755,Low Risk,Manual Review,792
1,0.1558950200019182,Medium Risk,Manual Review,764
0,0.19804953998314298,Medium Risk,Manual Review,741
0,0.21699770759765502,High Risk,Manual Review,731
0,0.17639766622162045,Medium Risk,Manual Review,753
0,0.09721246794640102,Low Risk,Approve,797
0,0.07023001108196082,Very Low Risk,Approve,811
0,0.054125383189314494,Very Low Risk,Approve,820
0,0.2577057538730698,High Risk,Reject,708
0,0.17724503103361916,Medium Risk,Manual Review,753
0,0.07357248461644503,Very Low Risk,Approve,810
0,0.09511689593755782,Low Risk,Approve,798
0,0.08600135558804647,Very Low Risk,Approve,803
0,0.18936756460427018,Medium Risk,Manual Review,746
1,0.09014296152722998,Low Risk,Approve,800
0,0.025221861293114843,Very Low Risk,Approve,836
0,0.10399634605165911,Low Risk,Manual Review,793
0,0.18245477251979197,Medium Risk,Manual Review,750
0,0.3419211505322889,Very High Risk,Reject,662
0,0.16559971002699347,Medium Risk,Manual Review,759
0,0.21199717756337164,Medium Risk,Manual Review,733
0,0.1454525281175006,Low Risk,Manual Review,770
0,0.1480409141811838,Medium Risk,Manual Review,769
0,0.0887740546530182,Low Risk,Approve,801
0,0.18475407301477406,Medium Risk,Manual Review,748
1,0.23280788022268997,High Risk,Manual Review,722
0,0.14016039609165729,Low Risk,Manual Review,773
0,0.0219149779521361,Very Low Risk,Approve,838
0,0.041623009711991454,Very Low Risk,Approve,827
0,0.05990100645329277,Very Low Risk,Approve,817
0,0.13347709651490028,Low Risk,Manual Review,777
0,0.045471138682853005,Very Low Risk,Approve,825
0,0.3500902771992001,Very High Risk,Reject,657
0,0.14214669700463067,Low Risk,Manual Review,772
0,0.021068191131191308,Very Low Risk,Approve,838
0,0.2665626452377492,High Risk,Reject,703
0,0.31847138999710833,Very High Risk,Reject,675
1,0.29954815810105484,High Risk,Reject,685
0,0.03559161814544129,Very Low Risk,Approve,830
0,0.12569223097490256,Low Risk,Manual Review,781
1,0.48781230142722576,Very High Risk,Reject,582
0,0.3671834436469493,Very High Risk,Reject,648
0,0.07584522116123243,Very Low Risk,Approve,808
0,0.4006380548622245,Very High Risk,Reject,630
0,0.5349495242531784,Very High Risk,Reject,556
0,0.042913486056992675,Very Low Risk,Approve,826
0,0.08489059515164316,Very Low Risk,Approve,803
0,0.23190221474301922,High Risk,Manual Review,722
1,0.36348887115610135,Very High Risk,Reject,650
1,0.24770727615393967,High Risk,Manual Review,714
1,0.03686270519818341,Very Low Risk,Approve,830
0,0.03157660096965556,Very Low Risk,Approve,833
0,0.6568105926525863,Very High Risk,Reject,489
0,0.28213081776426424,High Risk,Reject,695
1,0.13957033107400216,Low Risk,Manual Review,773
1,0.1812766621598433,Medium Risk,Manual Review,750
1,0.4637007091263825,Very High Risk,Reject,595
0,0.20831845322067435,Medium Risk,Manual Review,735
0,0.11706025360030034,Low Risk,Manual Review,786
0,0.16989020111927977,Medium Risk,Manual Review,757
0,0.14193866727822724,Low Risk,Manual Review,772
0,0.09342064826828296,Low Risk,Approve,799
0,0.08314164329180856,Very Low Risk,Approve,804
0,0.0681760478098897,Very Low Risk,Approve,813
0,0.23073251701574546,High Risk,Manual Review,723
0,0.0489921161582305,Very Low Risk,Approve,823
0,0.1491965651396145,Medium Risk,Manual Review,768
0,0.1121645503092784,Low Risk,Manual Review,788
0,0.20450868537006875,Medium Risk,Manual Review,738
0,0.018274323936155155,Very Low Risk,Approve,840
0,0.05143516263518933,Very Low Risk,Approve,822
0,0.2930248779326573,High Risk,Reject,689
1,0.23782744625818966,High Risk,Manual Review,719
0,0.1073118090564066,Low Risk,Manual Review,791
1,0.2701530897827194,High Risk,Reject,701
1,0.08134707059243891,Very Low Risk,Approve,805
0,0.2524163802051618,High Risk,Reject,711
0,0.20794244667126127,Medium Risk,Manual Review,736
1,0.5639555578527327,Very High Risk,Reject,540
0,0.11459839562185671,Low Risk,Manual Review,787
0,0.06538648059391708,Very Low Risk,Approve,814
0,0.15587458765638904,Medium Risk,Manual Review,764
0,0.39450706793118284,Very High Risk,Reject,633
0,0.13967244241576238,Low Risk,Manual Review,773
0,0.25027124072547563,High Risk,Reject,712
0,0.10123087009499553,Low Risk,Manual Review,794
0,0.2405995403405867,High Risk,Manual Review,718
0,0.42980874430311594,Very High Risk,Reject,614
0,0.15425227501642497,Medium Risk,Manual Review,765
0,0.13819522828818986,Low Risk,Manual Review,774
0,0.0506681244863857,Very Low Risk,Approve,822
1,0.21835437698998303,High Risk,Manual Review,730
0,0.15103750546964093,Medium Risk,Manual Review,767
0,0.10368910173536756,Low Risk,Manual Review,793
1,0.24603277703342016,High Risk,Manual Review,715
0,0.04974607565793281,Very Low Risk,Approve,823
0,0.1869664424708178,Medium Risk,Manual Review,747
0,0.062093441015206044,Very Low Risk,Approve,816
0,0.14425427484844622,Low Risk,Manual Review,771
1,0.22542246129365862,High Risk,Manual Review,726
0,0.1570097887490068,Medium Risk,Manual Review,764
0,0.09743425196446329,Low Risk,Approve,796
0,0.20872194489972995,Medium Risk,Manual Review,735
0,0.30624563455431025,High Risk,Reject,682
0,0.1585890591465654,Medium Risk,Manual Review,763
0,0.047325010966477184,Very Low Risk,Approve,824
1,0.34227024734202577,Very High Risk,Reject,662
0,0.049120529262601326,Very Low Risk,Approve,823
0,0.45397582547166215,Very High Risk,Reject,600
0,0.30125449979412905,High Risk,Reject,684
0,0.32100775803548953,Very High Risk,Reject,673
0,0.1158329725514319,Low Risk,Manual Review,786
0,0.09184454362912425,Low Risk,Approve,799
0,0.5328989535555502,Very High Risk,Reject,557
0,0.07969603202177793,Very Low Risk,Approve,806
1,0.350555899886409,Very High Risk,Reject,657
0,0.16891784844525778,Medium Risk,Manual Review,757
0,0.1760154357144291,Medium Risk,Manual Review,753
0,0.1981215504616119,Medium Risk,Manual Review,741
0,0.14618228342106823,Medium Risk,Manual Review,770
0,0.16350352382533018,Medium Risk,Manual Review,760
0,0.2524575921034041,High Risk,Reject,711
0,0.25688934397386154,High Risk,Reject,709
0,0.024169324945455078,Very Low Risk,Approve,837
0,0.06700462744792969,Very Low Risk,Approve,813
0,0.03087617471249702,Very Low Risk,Approve,833
1,0.2123825238689883,Medium Risk,Manual Review,733
0,0.203912227656775,Medium Risk,Manual Review,738
1,0.3633526371958281,Very High Risk,Reject,650
1,0.1281155866616667,Low Risk,Manual Review,780
0,0.4576407830224963,Very High Risk,Reject,598
0,0.15565374848719796,Medium Risk,Manual Review,764
1,0.4412313493821241,Very High Risk,Reject,607
0,0.07552967801522337,Very Low Risk,Approve,808
0,0.1220821789408111,Low Risk,Manual Review,783
0,0.08877679268159432,Low Risk,Approve,801
0,0.13032059442965843,Low Risk,Manual Review,778
0,0.49960365292283443,Very High Risk,Reject,575
1,0.4021668817985937,Very High Risk,Reject,629
0,0.05794185584482823,Very Low Risk,Approve,818
0,0.14269289353021916,Low Risk,Manual Review,772
0,0.16480177738441326,Medium Risk,Manual Review,759
0,0.06159947849287443,Very Low Risk,Approve,816
0,0.07074229574750791,Very Low Risk,Approve,811
0,0.2316525220582343,High Risk,Manual Review,723
0,0.14211623283669367,Low Risk,Manual Review,772
0,0.09371879876128697,Low Risk,Approve,798
1,0.33774397342068113,Very High Risk,Reject,664
0,0.22688491038505387,High Risk,Manual Review,725
0,0.17454440026453577,Medium Risk,Manual Review,754
0,0.12487061156384667,Low Risk,Manual Review,781
0,0.24052298096226565,High Risk,Manual Review,718
0,0.09751868459237695,Low Risk,Approve,796
0,0.3311461651580744,Very High Risk,Reject,668
0,0.28301359674696275,High Risk,Reject,694
0,0.05051925729709491,Very Low Risk,Approve,822
0,0.23833972319418772,High Risk,Manual Review,719
0,0.11918665081804602,Low Risk,Manual Review,784
0,0.2572646393158598,High Risk,Reject,709
0,0.16874358659020988,Medium Risk,Manual Review,757
0,0.09609309236309968,Low Risk,Approve,797
0,0.14090580887996715,Low Risk,Manual Review,773
0,0.5063071845831358,Very High Risk,Reject,572
0,0.21750177495681686,High Risk,Manual Review,730
1,0.25296571559672953,High Risk,Reject,711
0,0.21344323072750274,High Risk,Manual Review,733
1,0.14974012933291547,Medium Risk,Manual Review,768
0,0.04045641981953439,Very Low Risk,Approve,828
0,0.17209981992138237,Medium Risk,Manual Review,755
0,0.1260931552391671,Low Risk,Manual Review,781
0,0.21395823202703487,High Risk,Manual Review,732
0,0.08397793226969336,Very Low Risk,Approve,804
0,0.05221323342937901,Very Low Risk,Approve,821
1,0.12180225286791338,Low Risk,Manual Review,783
0,0.13675196983365984,Low Risk,Manual Review,775
0,0.13330633364766628,Low Risk,Manual Review,777
0,0.24391383707058545,High Risk,Manual Review,716
0,0.0610943243077861,Very Low Risk,Approve,816
0,0.13987240178617089,Low Risk,Manual Review,773
1,0.2513170779964689,High Risk,Reject,712
1,0.542965062216043,Very High Risk,Reject,551
0,0.04519740059551296,Very Low Risk,Approve,825
0,0.03587015761837645,Very Low Risk,Approve,830
0,0.2809471766427574,High Risk,Reject,695
1,0.08355163860202904,Very Low Risk,Approve,804
0,0.1372449528514706,Low Risk,Manual Review,775
0,0.09673159846513875,Low Risk,Approve,797
0,0.10884303526216839,Low Risk,Manual Review,790
0,0.032800724508692675,Very Low Risk,Approve,832
0,0.23154758525388505,High Risk,Manual Review,723
0,0.157793063820153,Medium Risk,Manual Review,763
0,0.06927454638573233,Very Low Risk,Approve,812
0,0.3767557154692861,Very High Risk,Reject,643
0,0.0908370362700745,Low Risk,Approve,800
0,0.07433759646040113,Very Low Risk,Approve,809
1,0.4293658765830865,Very High Risk,Reject,614
0,0.06222502587530251,Very Low Risk,Approve,816
0,0.17173160626945988,Medium Risk,Manual Review,756
0,0.1096543635760996,Low Risk,Manual Review,790
0,0.11227595804284746,Low Risk,Manual Review,788
1,0.4612423140820426,Very High Risk,Reject,596
0,0.12189664396516303,Low Risk,Manual Review,783
0,0.3148213158906477,Very High Risk,Reject,677
0,0.30618667068944533,High Risk,Reject,682
0,0.2256320292061434,High Risk,Manual Review,726
0,0.3137819742487518,Very High Risk,Reject,677
0,0.19545764066340457,Medium Risk,Manual Review,742
1,0.3431554747832468,Very High Risk,Reject,661
0,0.19359353509928895,Medium Risk,Manual Review,744
0,0.25517615535933397,High Risk,Reject,710
0,0.5054353084880528,Very High Risk,Reject,572
0,0.2502275122420074,High Risk,Reject,712
0,0.12536391171643044,Low Risk,Manual Review,781
0,0.23944594373424574,High Risk,Manual Review,718
0,0.20200524252734237,Medium Risk,Manual Review,739
0,0.2262872124269682,High Risk,Manual Review,726
0,0.38678647252665294,Very High Risk,Reject,637
0,0.16265432866726637,Medium Risk,Manual Review,761
0,0.11315031089043946,Low Risk,Manual Review,788
0,0.24853774666625303,High Risk,Manual Review,713
1,0.46880376343178426,Very High Risk,Reject,592
1,0.34750705991100067,Very High Risk,Reject,659
0,0.15004868103253968,Medium Risk,Manual Review,767
0,0.27503838763276545,High Risk,Reject,699
1,0.5304466417589827,Very High Risk,Reject,558
0,0.41889071751414336,Very High Risk,Reject,620
1,0.38339489568286644,Very High Risk,Reject,639
1,0.2967677528860793,High Risk,Reject,687
0,0.12677122056830184,Low Risk,Manual Review,780
0,0.28303516612272334,High Risk,Reject,694
0,0.06321782325032707,Very Low Risk,Approve,815
1,0.3434385236186421,Very High Risk,Reject,661
0,0.2561574038343323,High Risk,Reject,709
0,0.03845422960943251,Very Low Risk,Approve,829
1,0.2330308927195971,High Risk,Manual Review,722
1,0.21481152943037427,High Risk,Manual Review,732
0,0.11635559333157837,Low Risk,Manual Review,786
0,0.08381530714296906,Very Low Risk,Approve,804
0,0.10150311478576207,Low Risk,Manual Review,794
0,0.1514418752318952,Medium Risk,Manual Review,767
0,0.2337144235971673,High Risk,Manual Review,721
0,0.369096117171379,Very High Risk,Reject,647
0,0.08887371696480056,Low Risk,Approve,801
0,0.19912931196045927,Medium Risk,Manual Review,740
0,0.1624460132655859,Medium Risk,Manual Review,761
0,0.2855645567833393,High Risk,Reject,693
0,0.16972242719583777,Medium Risk,Manual Review,757
1,0.2485282991043115,High Risk,Manual Review,713
0,0.13020215704013094,Low Risk,Manual Review,778
0,0.34770180055460415,Very High Risk,Reject,659
0,0.28910418173945224,High Risk,Reject,691
0,0.18266275633893003,Medium Risk,Manual Review,750
0,0.24247218626447622,High Risk,Manual Review,717
0,0.26576569730457184,High Risk,Reject,704
1,0.6442989366547927,Very High Risk,Reject,496
1,0.34759887250365623,Very High Risk,Reject,659
0,0.24911482143098457,High Risk,Manual Review,713
1,0.13650516233634954,Low Risk,Manual Review,775
1,0.3536822551864925,Very High Risk,Reject,655
1,0.1379520958430989,Low Risk,Manual Review,774
1,0.18169458857956877,Medium Risk,Manual Review,750
0,0.23637994031108434,High Risk,Manual Review,720
0,0.2858373199492992,High Risk,Reject,693
0,0.09501623171138424,Low Risk,Approve,798
0,0.13236469533387918,Low Risk,Manual Review,777
0,0.08455063056430946,Very Low Risk,Approve,803
0,0.20043001810368227,Medium Risk,Manual Review,740
0,0.05272632756004779,Very Low Risk,Approve,821
0,0.03066620179666062,Very Low Risk,Approve,833
0,0.20649562786332362,Medium Risk,Manual Review,736
1,0.24443763102051252,High Risk,Manual Review,716
0,0.1542897279590308,Medium Risk,Manual Review,765
1,0.18850144414328773,Medium Risk,Manual Review,746
1,0.5338904359465946,Very High Risk,Reject,556
0,0.2312977482935317,High Risk,Manual Review,723
0,0.21661471107799785,High Risk,Manual Review,731
0,0.13973335541647253,Low Risk,Manual Review,773
0,0.10820959556401598,Low Risk,Manual Review,790
0,0.24888743210446662,High Risk,Manual Review,713
0,0.27258084816766565,High Risk,Reject,700
0,0.2717379484769565,High Risk,Reject,701
0,0.02484269183705194,Very Low Risk,Approve,836
0,0.1965417597602573,Medium Risk,Manual Review,742
0,0.46286828524612844,Very High Risk,Reject,595
1,0.4316757378956559,Very High Risk,Reject,613
0,0.08608294457520384,Very Low Risk,Approve,803
0,0.14235364995540878,Low Risk,Manual Review,772
0,0.09083514166308033,Low Risk,Approve,800
0,0.03535102037816719,Very Low Risk,Approve,831
0,0.019864913754871313,Very Low Risk,Approve,839
0,0.14426385665000052,Low Risk,Manual Review,771
0,0.045297384501951206,Very Low Risk,Approve,825
0,0.3765692143258641,Very High Risk,Reject,643
0,0.03657504325643721,Very Low Risk,Approve,830
0,0.2007661066078309,Medium Risk,Manual Review,740
0,0.3457960884640934,Very High Risk,Reject,660
1,0.40933972820252096,Very High Risk,Reject,625
0,0.024697719598624532,Very Low Risk,Approve,836
0,0.05117298662990067,Very Low Risk,Approve,822
1,0.4855174569905813,Very High Risk,Reject,583
0,0.23721114564687518,High Risk,Manual Review,720
0,0.2041649992018533,Medium Risk,Manual Review,738
0,0.23669650872723882,High Risk,Manual Review,720
0,0.1333651304553055,Low Risk,Manual Review,777
0,0.07293482429840059,Very Low Risk,Approve,810
0,0.2811232592095717,High Risk,Reject,695
1,0.17180975970294957,Medium Risk,Manual Review,756
0,0.261572993899664,High Risk,Reject,706
1,0.06096514718000266,Very Low Risk,Approve,816
0,0.3275075970686274,Very High Risk,Reject,670
1,0.43686108386247613,Very High Risk,Reject,610
0,0.3850350306374896,Very High Risk,Reject,638
1,0.10892618317303167,Low Risk,Manual Review,790
0,0.3046117507099652,High Risk,Reject,682
1,0.16825432934335569,Medium Risk,Manual Review,757
0,0.15345146891580258,Medium Risk,Manual Review,766
1,0.037706140886692,Very Low Risk,Approve,829
0,0.07137592154722014,Very Low Risk,Approve,811
0,0.1805121605357349,Medium Risk,Manual Review,751
0,0.03626128360473061,Very Low Risk,Approve,830
0,0.1709944897880392,Medium Risk,Manual Review,756
0,0.07443795836279682,Very Low Risk,Approve,809
0,0.07573808052573004,Very Low Risk,Approve,808
0,0.16960900998717063,Medium Risk,Manual Review,757
0,0.20927433316257293,Medium Risk,Manual Review,735
0,0.3845799792980369,Very High Risk,Reject,638
0,0.24173019312260444,High Risk,Manual Review,717
0,0.08105095542666954,Very Low Risk,Approve,805
0,0.2601107559370515,High Risk,Reject,707
0,0.22797168147150684,High Risk,Manual Review,725
0,0.14939259053822412,Medium Risk,Manual Review,768
1,0.29951993580931624,High Risk,Reject,685
1,0.12182651260792646,Low Risk,Manual Review,783
0,0.1891039598364054,Medium Risk,Manual Review,746
0,0.31246736870294906,Very High Risk,Reject,678
0,0.15998879740613936,Medium Risk,Manual Review,762
0,0.0903037694191681,Low Risk,Approve,800
0,0.35250903067188516,Very High Risk,Reject,656
0,0.24076992129203453,High Risk,Manual Review,718
1,0.13598336077626852,Low Risk,Manual Review,775
1,0.4065788923225283,Very High Risk,Reject,626
0,0.13530936844397623,Low Risk,Manual Review,776
1,0.1546864728199179,Medium Risk,Manual Review,765
0,0.03409048462411812,Very Low Risk,Approve,831
0,0.046013207933614624,Very Low Risk,Approve,825
1,0.468235966350841,Very High Risk,Reject,592
1,0.6433340062931654,Very High Risk,Reject,496
0,0.1412663202036918,Low Risk,Manual Review,772
0,0.03750502383000948,Very Low Risk,Approve,829
0,0.0691878861087468,Very Low Risk,Approve,812
0,0.08306819948297717,Very Low Risk,Approve,804
0,0.347446173152177,Very High Risk,Reject,659
1,0.32137439575511706,Very High Risk,Reject,673
1,0.2935289782449287,High Risk,Reject,689
0,0.27614176981305905,High Risk,Reject,698
0,0.037894122372848366,Very Low Risk,Approve,829
0,0.15275614832165801,Medium Risk,Manual Review,766
0,0.2775825323721896,High Risk,Reject,697
0,0.486531522781507,Very High Risk,Reject,582
0,0.1698571935604175,Medium Risk,Manual Review,757
0,0.12249026352245729,Low Risk,Manual Review,783
1,0.3005280216179373,High Risk,Reject,685
0,0.3048378056811893,High Risk,Reject,682
0,0.04158226215936312,Very Low Risk,Approve,827
0,0.3975175566099988,Very High Risk,Reject,631
1,0.17799607081192154,Medium Risk,Manual Review,752
0,0.11633357978198625,Low Risk,Manual Review,786
1,0.22021356773889467,High Risk,Manual Review,729
0,0.28645025641627975,High Risk,Reject,692
0,0.17083073618560432,Medium Risk,Manual Review,756
0,0.08836780391371978,Low Risk,Approve,801
0,0.23542303648286625,High Risk,Manual Review,721
0,0.19610581030718807,Medium Risk,Manual Review,742
0,0.35199977612604405,Very High Risk,Reject,656
1,0.15507074714918048,Medium Risk,Manual Review,765
0,0.21059955298521044,Medium Risk,Manual Review,734
0,0.31534941076436945,Very High Risk,Reject,677
0,0.07605733220270408,Very Low Risk,Approve,808
0,0.11424878747612956,Low Risk,Manual Review,787
0,0.24563413199393555,High Risk,Manual Review,715
0,0.11251282730049736,Low Risk,Manual Review,788
1,0.46522005457131543,Very High Risk,Reject,594
0,0.11024238359133776,Low Risk,Manual Review,789
1,0.5126868419745975,Very High Risk,Reject,568
0,0.14328033902705745,Low Risk,Manual Review,771
0,0.2905268058078434,High Risk,Reject,690
1,0.42705775068105134,Very High Risk,Reject,615
0,0.2471931845405045,High Risk,Manual Review,714
0,0.10096638166535504,Low Risk,Manual Review,794
0,0.05892620313470365,Very Low Risk,Approve,818
1,0.20056406583969935,Medium Risk,Manual Review,740
0,0.1625899484221957,Medium Risk,Manual Review,761
0,0.05869010873906927,Very Low Risk,Approve,818
0,0.0416612601648245,Very Low Risk,Approve,827
1,0.0714007929085012,Very Low Risk,Approve,811
0,0.041894029072180594,Very Low Risk,Approve,827
0,0.10446373102303334,Low Risk,Manual Review,793
0,0.06461650535103909,Very Low Risk,Approve,814
0,0.22285163009858713,High Risk,Manual Review,727
0,0.04865226031800353,Very Low Risk,Approve,823
0,0.16362127423412143,Medium Risk,Manual Review,760
0,0.3011740107842409,High Risk,Reject,684
0,0.05411115741016423,Very Low Risk,Approve,820
0,0.05938531814368788,Very Low Risk,Approve,817
0,0.0868776976011626,Very Low Risk,Approve,802
0,0.18123253039619586,Medium Risk,Manual Review,750
0,0.08156843368806463,Very Low Risk,Approve,805
0,0.10263021835554866,Low Risk,Manual Review,794
0,0.025908251945911953,Very Low Risk,Approve,836
0,0.0478944240802253,Very Low Risk,Approve,824
1,0.33145668815030643,Very High Risk,Reject,668
0,0.302707905635807,High Risk,Reject,684
0,0.2352596462999857,High Risk,Manual Review,721
0,0.08808586450767386,Low Risk,Approve,802
0,0.2342421983490976,High Risk,Manual Review,721
1,0.2052513777307725,Medium Risk,Manual Review,737
0,0.2667980655374078,High Risk,Reject,703
0,0.06102723647892222,Very Low Risk,Approve,816
1,0.3845731830183634,Very High Risk,Reject,638
0,0.23829383286630423,High Risk,Manual Review,719
0,0.1326155974203594,Low Risk,Manual Review,777
1,0.33175956269231366,Very High Risk,Reject,668
0,0.052292820225963356,Very Low Risk,Approve,821
0,0.3386016305646057,Very High Risk,Reject,664
0,0.06986577304329422,Very Low Risk,Approve,812
0,0.15381823994489816,Medium Risk,Manual Review,765
0,0.26881221155560187,High Risk,Reject,702
0,0.36270285043251776,Very High Risk,Reject,651
0,0.3497562249023602,Very High Risk,Reject,658
0,0.3865614346101134,Very High Risk,Reject,637
0,0.15820239421814034,Medium Risk,Manual Review,763
0,0.1306208287875933,Low Risk,Manual Review,778
0,0.18097853935118757,Medium Risk,Manual Review,750
1,0.12678960855508956,Low Risk,Manual Review,780
0,0.0459457393820979,Very Low Risk,Approve,825
0,0.1731122164804275,Medium Risk,Manual Review,755
0,0.08887530555251585,Low Risk,Approve,801
0,0.200448022417753,Medium Risk,Manual Review,740
0,0.2308726470135631,High Risk,Manual Review,723
0,0.049967729766248886,Very Low Risk,Approve,823
1,0.4074031589956362,Very High Risk,Reject,626
0,0.18758438616447723,Medium Risk,Manual Review,747
1,0.5688687314007761,Very High Risk,Reject,537
0,0.11233883579305023,Low Risk,Manual Review,788
0,0.20925701595456522,Medium Risk,Manual Review,735
0,0.09839469695879013,Low Risk,Approve,796
0,0.23201727552515258,High Risk,Manual Review,722
0,0.04062437387954631,Very Low Risk,Approve,828
0,0.15319336741917294,Medium Risk,Manual Review,766
0,0.24934963048739725,High Risk,Manual Review,713
0,0.17453957742579582,Medium Risk,Manual Review,754
0,0.05740950541163331,Very Low Risk,Approve,818
0,0.14377385779929433,Low Risk,Manual Review,771
1,0.17015436808949172,Medium Risk,Manual Review,756
0,0.25287558322578346,High Risk,Reject,711
0,0.34535899363326794,Very High Risk,Reject,660
0,0.3762630120763531,Very High Risk,Reject,643
0,0.15224598557823127,Medium Risk,Manual Review,766
0,0.3069093723346494,High Risk,Reject,681
0,0.1605772226259146,Medium Risk,Manual Review,762
0,0.0672457512021722,Very Low Risk,Approve,813
0,0.02674279489643024,Very Low Risk,Approve,835
0,0.1978182950704897,Medium Risk,Manual Review,741
0,0.060873060027793614,Very Low Risk,Approve,817
0,0.1630909288548569,Medium Risk,Manual Review,760
0,0.2935710458873496,High Risk,Reject,689
0,0.058996599830677766,Very Low Risk,Approve,818
1,0.34756413099511646,Very High Risk,Reject,659
1,0.3152123856002258,Very High Risk,Reject,677
0,0.05006606810663172,Very Low Risk,Approve,822
0,0.24562396259146885,High Risk,Manual Review,715
0,0.25051427024820155,High Risk,Reject,712
0,0.06904581316717354,Very Low Risk,Approve,812
0,0.13092989477522493,Low Risk,Manual Review,778
0,0.19052436780649118,Medium Risk,Manual Review,745
0,0.08630999283970732,Very Low Risk,Approve,803
0,0.06501325707606406,Very Low Risk,Approve,814
0,0.030631206170455144,Very Low Risk,Approve,833
0,0.13634077905281292,Low Risk,Manual Review,775
0,0.2079008004105198,Medium Risk,Manual Review,736
0,0.3081496482776736,High Risk,Reject,681
0,0.04758354261073371,Very Low Risk,Approve,824
0,0.2998873267822013,High Risk,Reject,685
0,0.22551287216701815,High Risk,Manual Review,726
0,0.2496290516125012,High Risk,Manual Review,713
0,0.11551074366979161,Low Risk,Manual Review,786
0,0.16251711322656998,Medium Risk,Manual Review,761
0,0.07656547644769997,Very Low Risk,Approve,808
0,0.14566925971747707,Low Risk,Manual Review,770
0,0.1154789422177427,Low Risk,Manual Review,786
1,0.16799717308858345,Medium Risk,Manual Review,758
0,0.17078126320118553,Medium Risk,Manual Review,756
0,0.22562062932116014,High Risk,Manual Review,726
0,0.27200170507435656,High Risk,Reject,700
0,0.07296521469841218,Very Low Risk,Approve,810
0,0.17346642192416897,Medium Risk,Manual Review,755
0,0.24066384449123454,High Risk,Manual Review,718
0,0.39994425502377534,Very High Risk,Reject,630
0,0.2397439514766356,High Risk,Manual Review,718
0,0.2793060046749017,High Risk,Reject,696
1,0.5277225949178058,Very High Risk,Reject,560
0,0.31810042528190585,Very High Risk,Reject,675
0,0.4738243343563878,Very High Risk,Reject,589
1,0.11535743410111107,Low Risk,Manual Review,787
0,0.5471294803513402,Very High Risk,Reject,549
0,0.18114824946301525,Medium Risk,Manual Review,750
0,0.14587834518590295,Medium Risk,Manual Review,770
0,0.17982066361558668,Medium Risk,Manual Review,751
0,0.3718302800128231,Very High Risk,Reject,645
0,0.16698530970212505,Medium Risk,Manual Review,758
1,0.07402838837046076,Very Low Risk,Approve,809
0,0.12116268276512696,Low Risk,Manual Review,783
1,0.17221899184225234,Medium Risk,Manual Review,755
0,0.4665058892203009,Very High Risk,Reject,593
0,0.04971862491928118,Very Low Risk,Approve,823
0,0.02702855686574377,Very Low Risk,Approve,835
0,0.04563116627024904,Very Low Risk,Approve,825
0,0.051899616151231995,Very Low Risk,Approve,821
1,0.22463612998777244,High Risk,Manual Review,726
0,0.08481319197190809,Very Low Risk,Approve,803
0,0.0457860436502044,Very Low Risk,Approve,825
0,0.11794592259137882,Low Risk,Manual Review,785
0,0.08626330745628076,Very Low Risk,Approve,803
0,0.18798877459856628,Medium Risk,Manual Review,747
0,0.15821438920029085,Medium Risk,Manual Review,763
1,0.26353418768380366,High Risk,Reject,705
1,0.2475721868591576,High Risk,Manual Review,714
0,0.07475075192634839,Very Low Risk,Approve,809
0,0.05455267265711976,Very Low Risk,Approve,820
1,0.10008856591975329,Low Risk,Manual Review,795
0,0.25095538482538055,High Risk,Reject,712
0,0.07271664275779323,Very Low Risk,Approve,810
0,0.2440872858346532,High Risk,Manual Review,716
1,0.5428538250794994,Very High Risk,Reject,551
0,0.15411522452256615,Medium Risk,Manual Review,765
0,0.060412268909570445,Very Low Risk,Approve,817
0,0.2690039642224244,High Risk,Reject,702
0,0.21885339977935991,High Risk,Manual Review,730
0,0.3318980703682085,Very High Risk,Reject,667
0,0.046054540525694174,Very Low Risk,Approve,825
0,0.1578649997261799,Medium Risk,Manual Review,763
0,0.3031623729254021,High Risk,Reject,683
0,0.109526975304121,Low Risk,Manual Review,790
0,0.37153946208012784,Very High Risk,Reject,646
0,0.2083564443816416,Medium Risk,Manual Review,735
0,0.03469753929905195,Very Low Risk,Approve,831
0,0.14438772506801534,Low Risk,Manual Review,771
0,0.05807362999401068,Very Low Risk,Approve,818
0,0.04226635269765798,Very Low Risk,Approve,827
0,0.11880650093215667,Low Risk,Manual Review,785
0,0.2366905442661988,High Risk,Manual Review,720
1,0.41113616655946555,Very High Risk,Reject,624
0,0.17547856636510692,Medium Risk,Manual Review,753
0,0.09249683700065517,Low Risk,Approve,799
0,0.11918262913124286,Low Risk,Manual Review,784
0,0.4000331372934765,Very High Risk,Reject,630
0,0.1909988506367175,Medium Risk,Manual Review,745
1,0.39586511333941804,Very High Risk,Reject,632
0,0.13149864090658114,Low Risk,Manual Review,778
0,0.07982911016343602,Very Low Risk,Approve,806
0,0.2145041402827839,High Risk,Manual Review,732
0,0.1471992704570502,Medium Risk,Manual Review,769
1,0.25158453417242804,High Risk,Reject,712
0,0.07854201840284279,Very Low Risk,Approve,807
1,0.37088925477640355,Very High Risk,Reject,646
0,0.05767819946911355,Very Low Risk,Approve,818
0,0.043863089494444514,Very Low Risk,Approve,826
1,0.25926598556976027,High Risk,Reject,707
0,0.04109415073167523,Very Low Risk,Approve,827
0,0.11368702821579468,Low Risk,Manual Review,787
0,0.21208195625945003,Medium Risk,Manual Review,733
0,0.08448742244127762,Very Low Risk,Approve,804
1,0.22409879954781275,High Risk,Manual Review,727
0,0.09384675558380579,Low Risk,Approve,798
0,0.28797550753739404,High Risk,Reject,692
0,0.14152314636333052,Low Risk,Manual Review,772
0,0.1797686819197463,Medium Risk,Manual Review,751
0,0.18112216166397785,Medium Risk,Manual Review,750
0,0.2941077033965443,High Risk,Reject,688
1,0.18994907626989152,Medium Risk,Manual Review,746
0,0.4060153539498915,Very High Risk,Reject,627
0,0.12637038882617835,Low Risk,Manual Review,780
1,0.11767535473951213,Low Risk,Manual Review,785
0,0.13970660829411405,Low Risk,Manual Review,773
0,0.40978134379943126,Very High Risk,Reject,625
0,0.18518279822880665,Medium Risk,Manual Review,748
0,0.10904297875021282,Low Risk,Manual Review,790
0,0.14729878868636134,Medium Risk,Manual Review,769
0,0.03933887632677827,Very Low Risk,Approve,828
0,0.06810231356557837,Very Low Risk,Approve,813
0,0.2063862573109308,Medium Risk,Manual Review,736
0,0.21167401918211962,Medium Risk,Manual Review,734
1,0.26879548866079644,High Risk,Reject,702
0,0.15211167700016823,Medium Risk,Manual Review,766
1,0.2992433449180585,High Risk,Reject,685
0,0.4191409075023879,Very High Risk,Reject,619
0,0.051996694207187874,Very Low Risk,Approve,821
0,0.09275946018309095,Low Risk,Approve,799
0,0.07595507931812591,Very Low Risk,Approve,808
0,0.062495961694068285,Very Low Risk,Approve,816
0,0.14832981135680304,Medium Risk,Manual Review,768
1,0.28620497071798545,High Risk,Reject,693
1,0.41602562751129435,Very High Risk,Reject,621
0,0.16265355399851103,Medium Risk,Manual Review,761
0,0.21462480271883344,High Risk,Manual Review,732
0,0.5966539059593872,Very High Risk,Reject,522
0,0.18128391496270385,Medium Risk,Manual Review,750
0,0.06302007611230367,Very Low Risk,Approve,815
0,0.47534192679675846,Very High Risk,Reject,589
0,0.06097929937616508,Very Low Risk,Approve,816
0,0.14184363988020954,Low Risk,Manual Review,772
1,0.3863933049463113,Very High Risk,Reject,637
0,0.031797818678196435,Very Low Risk,Approve,833
0,0.12341668554613212,Low Risk,Manual Review,782
0,0.05568858566461824,Very Low Risk,Approve,819
1,0.12990069985591596,Low Risk,Manual Review,779
1,0.1275775954039742,Low Risk,Manual Review,780
0,0.08432184235327767,Very Low Risk,Approve,804
0,0.1230750633245517,Low Risk,Manual Review,782
1,0.13219126754310276,Low Risk,Manual Review,777
0,0.18204585105675877,Medium Risk,Manual Review,750
0,0.3434123917811841,Very High Risk,Reject,661
1,0.20206066527394426,Medium Risk,Manual Review,739
0,0.11131386667475257,Low Risk,Manual Review,789
1,0.09089831452596536,Low Risk,Approve,800
1,0.26060417456863655,High Risk,Reject,707
0,0.08303151716226667,Very Low Risk,Approve,804
0,0.15519967190801057,Medium Risk,Manual Review,765
0,0.189561562895294,Medium Risk,Manual Review,746
0,0.11751815384500668,Low Risk,Manual Review,785
0,0.18677463931755744,Medium Risk,Manual Review,747
0,0.18213296041915195,Medium Risk,Manual Review,750
0,0.18063661677310397,Medium Risk,Manual Review,751
0,0.1209162148046209,Low Risk,Manual Review,783
0,0.11370352754301918,Low Risk,Manual Review,787
1,0.5632912269424563,Very High Risk,Reject,540
0,0.27424939351327227,High Risk,Reject,699
1,0.2298189963840237,High Risk,Manual Review,724
0,0.09777998956478899,Low Risk,Approve,796
0,0.05758132009090702,Very Low Risk,Approve,818
0,0.16380838841289602,Medium Risk,Manual Review,760
0,0.041681534155372776,Very Low Risk,Approve,827
0,0.05823181676577533,Very Low Risk,Approve,818
0,0.19849680124611793,Medium Risk,Manual Review,741
0,0.05941860014536275,Very Low Risk,Approve,817
0,0.19726448274863953,Medium Risk,Manual Review,742
0,0.18084886867041433,Medium Risk,Manual Review,751
1,0.20921667695179988,Medium Risk,Manual Review,735
0,0.1775290209580406,Medium Risk,Manual Review,752
0,0.26491677996647267,High Risk,Reject,704
0,0.14365757856445158,Low Risk,Manual Review,771
0,0.401441077401762,Very High Risk,Reject,629
1,0.3274892965229538,Very High Risk,Reject,670
1,0.12037225472611157,Low Risk,Manual Review,784
0,0.33094902971675083,Very High Risk,Reject,668
0,0.1122503720904832,Low Risk,Manual Review,788
1,0.18340392216869483,Medium Risk,Manual Review,749
0,0.09423632973673336,Low Risk,Approve,798
0,0.19705478397844417,Medium Risk,Manual Review,742
0,0.13770685082503661,Low Risk,Manual Review,774
0,0.5231557194212245,Very High Risk,Reject,562
0,0.4424886989017221,Very High Risk,Reject,607
1,0.0683406410646858,Very Low Risk,Approve,812
1,0.5198040984399358,Very High Risk,Reject,564
0,0.11510642170021171,Low Risk,Manual Review,787
1,0.4789112787129553,Very High Risk,Reject,587
0,0.18039941853255756,Medium Risk,Manual Review,751
0,0.23826715851347613,High Risk,Manual Review,719
0,0.05255505651379732,Very Low Risk,Approve,821
1,0.16207998264973442,Medium Risk,Manual Review,761
1,0.11285215787136138,Low Risk,Manual Review,788
1,0.37261738942315636,Very High Risk,Reject,645
1,0.42261328436464196,Very High Risk,Reject,618
0,0.5699219496761081,Very High Risk,Reject,537
1,0.27568855621085114,High Risk,Reject,698
0,0.18119179839968952,Medium Risk,Manual Review,750
0,0.16631706917274078,Medium Risk,Manual Review,759
0,0.3975964993531543,Very High Risk,Reject,631
0,0.12193503571362116,Low Risk,Manual Review,783
0,0.34683469639687425,Very High Risk,Reject,659
0,0.2572609392741137,High Risk,Reject,709
0,0.14468256850056183,Low Risk,Manual Review,770
0,0.2894328208385748,High Risk,Reject,691
0,0.1790220453070173,Medium Risk,Manual Review,752
0,0.17008354903749487,Medium Risk,Manual Review,756
0,0.11892778765973651,Low Risk,Manual Review,785
0,0.13232393614119364,Low Risk,Manual Review,777
0,0.22958087905143423,High Risk,Manual Review,724
1,0.20354014845284815,Medium Risk,Manual Review,738
0,0.2082935961215592,Medium Risk,Manual Review,735
1,0.2983263347691469,High Risk,Reject,686
0,0.15542660434590047,Medium Risk,Manual Review,765
0,0.06644570533133147,Very Low Risk,Approve,813
0,0.12293800314715404,Low Risk,Manual Review,782
0,0.046384349959153796,Very Low Risk,Approve,824
0,0.18035461715100137,Medium Risk,Manual Review,751
0,0.1951472691880445,Medium Risk,Manual Review,743
0,0.18027374076736594,Medium Risk,Manual Review,751
0,0.028723044656290577,Very Low Risk,Approve,834
0,0.23227622089020006,High Risk,Manual Review,722
1,0.32844587506817374,Very High Risk,Reject,669
0,0.1757962171361262,Medium Risk,Manual Review,753
0,0.13842236690701326,Low Risk,Manual Review,774
1,0.40638314735510334,Very High Risk,Reject,626
0,0.06564457754825083,Very Low Risk,Approve,814
0,0.2759292926683863,High Risk,Reject,698
0,0.1696212849402375,Medium Risk,Manual Review,757
0,0.04170495358669145,Very Low Risk,Approve,827
0,0.1821033038922821,Medium Risk,Manual Review,750
0,0.12640812320416692,Low Risk,Manual Review,780
1,0.48469178501200216,Very High Risk,Reject,583
0,0.40229755579607757,Very High Risk,Reject,629
0,0.20718648980599763,Medium Risk,Manual Review,736
1,0.3982560654995998,Very High Risk,Reject,631
0,0.14013778007460476,Low Risk,Manual Review,773
0,0.08213519273785969,Very Low Risk,Approve,805
0,0.15493009425432822,Medium Risk,Manual Review,765
0,0.12735297729247805,Low Risk,Manual Review,780
0,0.0806626039344731,Very Low Risk,Approve,806
0,0.16862798166787793,Medium Risk,Manual Review,757
0,0.1079479883018216,Low Risk,Manual Review,791
1,0.201916931245161,Medium Risk,Manual Review,739
0,0.11263017921436372,Low Risk,Manual Review,788
0,0.2304085025445765,High Risk,Manual Review,723
1,0.0699577554625847,Very Low Risk,Approve,812
1,0.23942198217257385,High Risk,Manual Review,718
0,0.18330529659348102,Medium Risk,Manual Review,749
0,0.16788039251028414,Medium Risk,Manual Review,758
0,0.1287047606499439,Low Risk,Manual Review,779
1,0.07735824824087609,Very Low Risk,Approve,807
0,0.30006861889689085,High Risk,Reject,685
0,0.15091729102439647,Medium Risk,Manual Review,767
0,0.12592406621131816,Low Risk,Manual Review,781
0,0.3447345792600326,Very High Risk,Reject,660
0,0.2793071440042904,High Risk,Reject,696
0,0.23997782370498735,High Risk,Manual Review,718
0,0.19665587999444026,Medium Risk,Manual Review,742
1,0.054417315746700216,Very Low Risk,Approve,820
0,0.4263184858591446,Very High Risk,Reject,616
0,0.2970538491170169,High Risk,Reject,687
0,0.15850653157009878,Medium Risk,Manual Review,763
0,0.08892963391928695,Low Risk,Approve,801
0,0.03713494597032073,Very Low Risk,Approve,830
1,0.5503408873362917,Very High Risk,Reject,547
0,0.016156425225877798,Very Low Risk,Approve,841
1,0.52924961999086,Very High Risk,Reject,559
0,0.39728238628676527,Very High Risk,Reject,631
0,0.25217415382810926,High Risk,Reject,711
0,0.4463518941123477,Very High Risk,Reject,605
1,0.25333630609219887,High Risk,Reject,711
0,0.15929183095140043,Medium Risk,Manual Review,762
0,0.34976131309383496,Very High Risk,Reject,658
0,0.16708333029522132,Medium Risk,Manual Review,758
0,0.1470918074103857,Medium Risk,Manual Review,769
0,0.12904078787694756,Low Risk,Manual Review,779
0,0.24442040501723533,High Risk,Manual Review,716
0,0.6027919070096861,Very High Risk,Reject,518
0,0.1489267752305741,Medium Risk,Manual Review,768
0,0.21785990728544014,High Risk,Manual Review,730
0,0.33412970533785985,Very High Risk,Reject,666
1,0.2617085196361556,High Risk,Reject,706
0,0.1272542010100995,Low Risk,Manual Review,780
1,0.4594019971440651,Very High Risk,Reject,597
0,0.08509771201843634,Very Low Risk,Approve,803
0,0.02512684490865576,Very Low Risk,Approve,836
0,0.18302132561837095,Medium Risk,Manual Review,749
0,0.13117448853998473,Low Risk,Manual Review,778
0,0.3437094108578915,Very High Risk,Reject,661
0,0.05836913074526179,Very Low Risk,Approve,818
0,0.45802834866924147,Very High Risk,Reject,598
0,0.07523894298191318,Very Low Risk,Approve,809
0,0.11140416381313119,Low Risk,Manual Review,789
0,0.10749358123080234,Low Risk,Manual Review,791
0,0.16440161409793416,Medium Risk,Manual Review,760
0,0.1323978640196473,Low Risk,Manual Review,777
0,0.4343064768474166,Very High Risk,Reject,611
1,0.10092967823364715,Low Risk,Manual Review,794
0,0.33078506638879196,Very High Risk,Reject,668
0,0.11028547451138222,Low Risk,Manual Review,789
1,0.07497747513436796,Very Low Risk,Approve,809
0,0.0870593579711553,Very Low Risk,Approve,802
1,0.3119418238443297,Very High Risk,Reject,678
1,0.3334917839634385,Very High Risk,Reject,667
0,0.12171172955635828,Low Risk,Manual Review,783
0,0.053247757732320065,Very Low Risk,Approve,821
0,0.23504237904726624,High Risk,Manual Review,721
0,0.30317678509282275,High Risk,Reject,683
0,0.10135883157728408,Low Risk,Manual Review,794
1,0.3254193344012232,Very High Risk,Reject,671
0,0.13173265493431227,Low Risk,Manual Review,778
0,0.045582600467990446,Very Low Risk,Approve,825
0,0.21307754120833244,Medium Risk,Manual Review,733
0,0.0335193085949311,Very Low Risk,Approve,832
0,0.0693490240375637,Very Low Risk,Approve,812
0,0.20634333606360206,Medium Risk,Manual Review,737
0,0.0449475228751759,Very Low Risk,Approve,825
0,0.40413295292448564,Very High Risk,Reject,628
0,0.1266799462368621,Low Risk,Manual Review,780
0,0.1372725741295065,Low Risk,Manual Review,775
0,0.037610001459395685,Very Low Risk,Approve,829
0,0.11701297847126708,Low Risk,Manual Review,786
1,0.30952427657962833,High Risk,Reject,680
0,0.060286007868172196,Very Low Risk,Approve,817
0,0.0776978030242487,Very Low Risk,Approve,807
0,0.03530096965134985,Very Low Risk,Approve,831
1,0.1716700643926256,Medium Risk,Manual Review,756
0,0.04160883745643599,Very Low Risk,Approve,827
0,0.12203662826882651,Low Risk,Manual Review,783
0,0.1174685213193465,Low Risk,Manual Review,785
0,0.091267909343707,Low Risk,Approve,800
0,0.11860032691449866,Low Risk,Manual Review,785
0,0.057534078158706085,Very Low Risk,Approve,818
0,0.04825238961379033,Very Low Risk,Approve,823
0,0.1501798324177063,Medium Risk,Manual Review,767
0,0.23619825935025784,High Risk,Manual Review,720
0,0.06429562009822466,Very Low Risk,Approve,815
0,0.07387837527374615,Very Low Risk,Approve,809
0,0.10461700131051974,Low Risk,Manual Review,792
1,0.34752584873324693,Very High Risk,Reject,659
1,0.14336873557904048,Low Risk,Manual Review,771
0,0.3133066213430391,Very High Risk,Reject,678
1,0.20602012990098986,Medium Risk,Manual Review,737
0,0.06747850773276685,Very Low Risk,Approve,813
0,0.32911137311728444,Very High Risk,Reject,669
0,0.06028637457905608,Very Low Risk,Approve,817
0,0.1975860145206386,Medium Risk,Manual Review,741
0,0.059827296599293034,Very Low Risk,Approve,817
0,0.13042434270800035,Low Risk,Manual Review,778
0,0.10278550644361166,Low Risk,Manual Review,793
0,0.25559966558362135,High Risk,Reject,709
0,0.10396698259818818,Low Risk,Manual Review,793
1,0.10244645351692536,Low Risk,Manual Review,794
0,0.10458824250181148,Low Risk,Manual Review,792
0,0.14719617053054523,Medium Risk,Manual Review,769
0,0.09781568216159321,Low Risk,Approve,796
0,0.037640207370299314,Very Low Risk,Approve,829
0,0.24819549580578976,High Risk,Manual Review,713
0,0.2227934064895447,High Risk,Manual Review,727
1,0.2423618447226802,High Risk,Manual Review,717
1,0.2981247166569352,High Risk,Reject,686
1,0.11378249056714357,Low Risk,Manual Review,787
0,0.22583898815376424,High Risk,Manual Review,726
1,0.2981577880353486,High Risk,Reject,686
0,0.28253970213066787,High Risk,Reject,695
0,0.07907152129851903,Very Low Risk,Approve,807
0,0.07602348709410943,Very Low Risk,Approve,808
0,0.13555406404621453,Low Risk,Manual Review,775
0,0.07309097644654837,Very Low Risk,Approve,810
0,0.08354869576896573,Very Low Risk,Approve,804
1,0.3169905860647668,Very High Risk,Reject,676
0,0.13244560665461852,Low Risk,Manual Review,777
0,0.060937411050230574,Very Low Risk,Approve,816
0,0.11405358972823292,Low Risk,Manual Review,787
1,0.4808071011443385,Very High Risk,Reject,586
0,0.0495922840150884,Very Low Risk,Approve,823
0,0.39542850387646233,Very High Risk,Reject,633
0,0.1647968109585353,Medium Risk,Manual Review,759
0,0.2956342802976593,High Risk,Reject,687
0,0.14197361066771452,Low Risk,Manual Review,772
0,0.13403616950783884,Low Risk,Manual Review,776
0,0.3755798960658789,Very High Risk,Reject,643
0,0.480352931150552,Very High Risk,Reject,586
0,0.16272834850601514,Medium Risk,Manual Review,760
0,0.36841789693104104,Very High Risk,Reject,647
0,0.21193998611307105,Medium Risk,Manual Review,733
0,0.09047106610109763,Low Risk,Approve,800
0,0.14853283022077163,Medium Risk,Manual Review,768
1,0.14408808015938931,Low Risk,Manual Review,771
0,0.29296800672857937,High Risk,Reject,689
0,0.46205395299839025,Very High Risk,Reject,596
0,0.4922181584972189,Very High Risk,Reject,579
0,0.07899841802872415,Very Low Risk,Approve,807
0,0.13751573911305406,Low Risk,Manual Review,774
0,0.23678957435400635,High Risk,Manual Review,720
1,0.23258807124165268,High Risk,Manual Review,722
0,0.07896098711527949,Very Low Risk,Approve,807
0,0.2786882595664258,High Risk,Reject,697
0,0.1781929057994406,Medium Risk,Manual Review,752
0,0.05636927358132212,Very Low Risk,Approve,819
1,0.3083798114702911,High Risk,Reject,680
0,0.06307495434143512,Very Low Risk,Approve,815
0,0.059258534466267915,Very Low Risk,Approve,817
1,0.3031749718005867,High Risk,Reject,683
0,0.052738023936601285,Very Low Risk,Approve,821
0,0.132499282524258,Low Risk,Manual Review,777
0,0.32544945009180953,Very High Risk,Reject,671
1,0.4078876855843045,Very High Risk,Reject,626
0,0.3007220308775483,High Risk,Reject,685
1,0.19325749306469295,Medium Risk,Manual Review,744
0,0.05377701002884429,Very Low Risk,Approve,820
0,0.1477038400007829,Medium Risk,Manual Review,769
0,0.03327786929053895,Very Low Risk,Approve,832
0,0.3041477847652257,High Risk,Reject,683
0,0.28867564562027664,High Risk,Reject,691
1,0.11358216914312999,Low Risk,Manual Review,788
0,0.12900560655613433,Low Risk,Manual Review,779
0,0.03029790748953891,Very Low Risk,Approve,833
1,0.09660247325782138,Low Risk,Approve,797
1,0.272095367816078,High Risk,Reject,700
0,0.04284727117496584,Very Low Risk,Approve,826
1,0.3025193436449529,High Risk,Reject,684
0,0.18010776486274618,Medium Risk,Manual Review,751
0,0.20978121268542105,Medium Risk,Manual Review,735
0,0.22530633929733293,High Risk,Manual Review,726
0,0.26682546845310284,High Risk,Reject,703
0,0.3044402011212745,High Risk,Reject,683
0,0.22378768214179126,High Risk,Manual Review,727
1,0.4286827934734635,Very High Risk,Reject,614
1,0.2073421773569648,Medium Risk,Manual Review,736
0,0.305711412070184,High Risk,Reject,682
1,0.15154037695547684,Medium Risk,Manual Review,767
1,0.277769550874143,High Risk,Reject,697
0,0.36907836472810784,Very High Risk,Reject,647
0,0.043886361595788036,Very Low Risk,Approve,826
0,0.44364317596819947,Very High Risk,Reject,606
0,0.09204350728764012,Low Risk,Approve,799
0,0.47565388418371796,Very High Risk,Reject,588
1,0.4501866337333951,Very High Risk,Reject,602
0,0.16369668696397885,Medium Risk,Manual Review,760
0,0.3879625132743002,Very High Risk,Reject,637
0,0.1585603513410235,Medium Risk,Manual Review,763
0,0.15755078076510812,Medium Risk,Manual Review,763
1,0.28900685101849777,High Risk,Reject,691
0,0.1073736290910561,Low Risk,Manual Review,791
0,0.04097734011421738,Very Low Risk,Approve,827
0,0.11746792757262167,Low Risk,Manual Review,785
1,0.38398259398284607,Very High Risk,Reject,639
0,0.24835228767670015,High Risk,Manual Review,713
1,0.12792802594472255,Low Risk,Manual Review,780
0,0.46686650409204916,Very High Risk,Reject,593
0,0.15338728236561774,Medium Risk,Manual Review,766
0,0.10442844454027277,Low Risk,Manual Review,793
0,0.024294646139288632,Very Low Risk,Approve,837
0,0.19428879104842467,Medium Risk,Manual Review,743
1,0.38555234494070184,Very High Risk,Reject,638
0,0.1134184756015907,Low Risk,Manual Review,788
0,0.138209969801011,Low Risk,Manual Review,774
0,0.31123999317939993,High Risk,Reject,679
0,0.26032515886143953,High Risk,Reject,707
0,0.2316488483189872,High Risk,Manual Review,723
1,0.4254784213400145,Very High Risk,Reject,616
0,0.11158602427126948,Low Risk,Manual Review,789
0,0.1021590064293007,Low Risk,Manual Review,794
1,0.39013903730696625,Very High Risk,Reject,635
0,0.14304421635778217,Low Risk,Manual Review,771
0,0.111317548974058,Low Risk,Manual Review,789
0,0.06811732730197285,Very Low Risk,Approve,813
0,0.14022574508473706,Low Risk,Manual Review,773
0,0.33435210012938565,Very High Risk,Reject,666
0,0.19046441609554446,Medium Risk,Manual Review,745
0,0.27822799399010845,High Risk,Reject,697
0,0.03952977964598796,Very Low Risk,Approve,828
1,0.19821666719868233,Medium Risk,Manual Review,741
0,0.3087028099763194,High Risk,Reject,680
0,0.10591495068891417,Low Risk,Manual Review,792
1,0.215661244416604,High Risk,Manual Review,731
0,0.30906517413830864,High Risk,Reject,680
0,0.11860059049739338,Low Risk,Manual Review,785
1,0.5842798498506379,Very High Risk,Reject,529
0,0.16065199331846217,Medium Risk,Manual Review,762
0,0.11168394081655772,Low Risk,Manual Review,789
0,0.18257115291982068,Medium Risk,Manual Review,750
1,0.3099551673030012,High Risk,Reject,680
1,0.12071157399947863,Low Risk,Manual Review,784
1,0.18324478798989075,Medium Risk,Manual Review,749
0,0.363862750017035,Very High Risk,Reject,650
0,0.15711287683121594,Medium Risk,Manual Review,764
0,0.4388843065822668,Very High Risk,Reject,609
0,0.13481939854142047,Low Risk,Manual Review,776
0,0.26156433789404954,High Risk,Reject,706
0,0.059703952920806866,Very Low Risk,Approve,817
0,0.2723107023430727,High Risk,Reject,700
0,0.11184152350349594,Low Risk,Manual Review,788
0,0.11272363386861263,Low Risk,Manual Review,788
0,0.12490585937712598,Low Risk,Manual Review,781
0,0.25865442219503726,High Risk,Reject,708
0,0.09646732732625382,Low Risk,Approve,797
0,0.12613173085141519,Low Risk,Manual Review,781
0,0.09610433653121117,Low Risk,Approve,797
0,0.2553812530159351,High Risk,Reject,710
1,0.07753789301999695,Very Low Risk,Approve,807
0,0.15855101819897452,Medium Risk,Manual Review,763
0,0.09774251154179894,Low Risk,Approve,796
0,0.14721406609964346,Medium Risk,Manual Review,769
1,0.17604419842146626,Medium Risk,Manual Review,753
0,0.12062553183474026,Low Risk,Manual Review,784
0,0.21543503138213227,High Risk,Manual Review,732
0,0.04433076401342446,Very Low Risk,Approve,826
1,0.5100199984723115,Very High Risk,Reject,569
0,0.20313867386968257,Medium Risk,Manual Review,738
0,0.07857705745578288,Very Low Risk,Approve,807
1,0.5317569300275764,Very High Risk,Reject,558
0,0.03486459154476607,Very Low Risk,Approve,831
0,0.21672686843510688,High Risk,Manual Review,731
0,0.27515534437040534,High Risk,Reject,699
0,0.240696202376014,High Risk,Manual Review,718
0,0.10806473375679033,Low Risk,Manual Review,791
0,0.1276243673724679,Low Risk,Manual Review,780
0,0.08939068237503259,Low Risk,Approve,801
0,0.22273056877173603,High Risk,Manual Review,727
0,0.09052455634155943,Low Risk,Approve,800
0,0.08573694880007546,Very Low Risk,Approve,803
0,0.14806416797714125,Medium Risk,Manual Review,769
0,0.07795646847181298,Very Low Risk,Approve,807
1,0.22629554411692632,High Risk,Manual Review,726
0,0.06466942397209527,Very Low Risk,Approve,814
0,0.15243780858617462,Medium Risk,Manual Review,766
0,0.06730320134024995,Very Low Risk,Approve,813
1,0.2045098930279799,Medium Risk,Manual Review,738
0,0.29814022360848075,High Risk,Reject,686
0,0.12378438913818728,Low Risk,Manual Review,782
0,0.25364772856189066,High Risk,Reject,710
0,0.1899010279361682,Medium Risk,Manual Review,746
0,0.08988312029480881,Low Risk,Approve,801
0,0.2982307779500619,High Risk,Reject,686
0,0.1802897566492916,Medium Risk,Manual Review,751
0,0.1449813132334843,Low Risk,Manual Review,770
0,0.05084662482312132,Very Low Risk,Approve,822
0,0.10070194788091916,Low Risk,Manual Review,795
1,0.3723433588678805,Very High Risk,Reject,645
0,0.14818338555590707,Medium Risk,Manual Review,768
1,0.13832402184820047,Low Risk,Manual Review,774
0,0.2266320671552798,High Risk,Manual Review,725
0,0.05515845445785492,Very Low Risk,Approve,820
0,0.38072642668938556,Very High Risk,Reject,641
0,0.09294769084871042,Low Risk,Approve,799
1,0.07348581556740376,Very Low Risk,Approve,810
0,0.43223534420956067,Very High Risk,Reject,612
0,0.518135905954325,Very High Risk,Reject,565
0,0.21849329346568344,High Risk,Manual Review,730
0,0.2737498453193277,High Risk,Reject,699
0,0.26300003419909757,High Risk,Reject,705
0,0.1773946154105241,Medium Risk,Manual Review,752
0,0.11453250589372409,Low Risk,Manual Review,787
0,0.09589319230076104,Low Risk,Approve,797
0,0.2931821367780794,High Risk,Reject,689
1,0.13420302788082128,Low Risk,Manual Review,776
0,0.23764519439101264,High Risk,Manual Review,719
0,0.030611016951040446,Very Low Risk,Approve,833
0,0.3628361874359267,Very High Risk,Reject,650
0,0.14520004526647792,Low Risk,Manual Review,770
0,0.155416889374557,Medium Risk,Manual Review,765
1,0.33392198598287604,Very High Risk,Reject,666
0,0.3109753155200606,High Risk,Reject,679
0,0.30038895864362103,High Risk,Reject,685
0,0.530632407863771,Very High Risk,Reject,558
0,0.11852280533612031,Low Risk,Manual Review,785
1,0.2840449433134517,High Risk,Reject,694
0,0.12429106857654518,Low Risk,Manual Review,782
0,0.0888699460927045,Low Risk,Approve,801
0,0.0650677003671249,Very Low Risk,Approve,814
0,0.49118643426240216,Very High Risk,Reject,580
0,0.2784843981469946,High Risk,Reject,697
0,0.2137365296968232,High Risk,Manual Review,732
0,0.0753083013321298,Very Low Risk,Approve,809
0,0.07365159465837508,Very Low Risk,Approve,809
0,0.08459076697463935,Very Low Risk,Approve,803
0,0.06153838053102396,Very Low Risk,Approve,816
0,0.3213379549366028,Very High Risk,Reject,673
0,0.05387413559859547,Very Low Risk,Approve,820
1,0.4150177670708461,Very High Risk,Reject,622
0,0.07873913493910792,Very Low Risk,Approve,807
0,0.10828372205765545,Low Risk,Manual Review,790
1,0.32898620871648004,Very High Risk,Reject,669
0,0.05653326378333256,Very Low Risk,Approve,819
0,0.21456732931516853,High Risk,Manual Review,732
0,0.10283773657044519,Low Risk,Manual Review,793
1,0.20217252143149336,Medium Risk,Manual Review,739
0,0.19060360457092537,Medium Risk,Manual Review,745
0,0.2507804949671294,High Risk,Reject,712
1,0.09819715122781168,Low Risk,Approve,796
0,0.06041957566551994,Very Low Risk,Approve,817
0,0.25388814721667236,High Risk,Reject,710
1,0.26752512348956553,High Risk,Reject,703
1,0.4702374479867878,Very High Risk,Reject,591
1,0.3427630953059914,Very High Risk,Reject,661
0,0.2321718303241223,High Risk,Manual Review,722
0,0.13608331693413153,Low Risk,Manual Review,775
0,0.2496877923260937,High Risk,Manual Review,713
0,0.11418547158336571,Low Risk,Manual Review,787
0,0.2558982425920701,High Risk,Reject,709
0,0.18670840748829337,Medium Risk,Manual Review,747
1,0.2610935862505893,High Risk,Reject,706
0,0.3207490873479636,Very High Risk,Reject,674
0,0.04649064959555708,Very Low Risk,Approve,824
0,0.08552837037173103,Very Low Risk,Approve,803
0,0.110158964235883,Low Risk,Manual Review,789
0,0.04400899880190988,Very Low Risk,Approve,826
0,0.155258385785852,Medium Risk,Manual Review,765
0,0.2652899426750547,High Risk,Reject,704
0,0.09853429194852116,Low Risk,Approve,796
0,0.11011477734828434,Low Risk,Manual Review,789
0,0.31010164683014224,High Risk,Reject,679
0,0.41922917423095446,Very High Risk,Reject,619
0,0.18985437195920804,Medium Risk,Manual Review,746
0,0.11600150849802018,Low Risk,Manual Review,786
1,0.22085618857832315,High Risk,Manual Review,729
0,0.28630955346621273,High Risk,Reject,693
0,0.21023174088662905,Medium Risk,Manual Review,734
0,0.039311105670259326,Very Low Risk,Approve,828
0,0.2663458766100262,High Risk,Reject,704
0,0.02398490070393998,Very Low Risk,Approve,837
0,0.32344944769960576,Very High Risk,Reject,672
1,0.1310633553283503,Low Risk,Manual Review,778
0,0.09860230030390846,Low Risk,Approve,796
1,0.4249569209001638,Very High Risk,Reject,616
0,0.20268420883730168,Medium Risk,Manual Review,739
0,0.2560147542193568,High Risk,Reject,709
1,0.5061359747096028,Very High Risk,Reject,572
0,0.20680604289627624,Medium Risk,Manual Review,736
0,0.10927661948359568,Low Risk,Manual Review,790
0,0.046843374148269785,Very Low Risk,Approve,824
0,0.12265907939012881,Low Risk,Manual Review,783
0,0.16027388192233288,Medium Risk,Manual Review,762
0,0.10696347962855252,Low Risk,Manual Review,791
0,0.23340048952337533,High Risk,Manual Review,722
1,0.28280879549518223,High Risk,Reject,694
0,0.07401831526486227,Very Low Risk,Approve,809
0,0.3082117996082557,High Risk,Reject,680
0,0.18860792213778307,Medium Risk,Manual Review,746
0,0.08104569514146523,Very Low Risk,Approve,805
0,0.03392546028681069,Very Low Risk,Approve,831
0,0.20858524980688556,Medium Risk,Manual Review,735
0,0.06158244145937619,Very Low Risk,Approve,816
0,0.48149408215791095,Very High Risk,Reject,585
1,0.27397194720805607,High Risk,Reject,699
1,0.22437545746875354,High Risk,Manual Review,727
0,0.10756823531329447,Low Risk,Manual Review,791
0,0.15426672466620647,Medium Risk,Manual Review,765
0,0.2507668721183509,High Risk,Reject,712
0,0.14076884880874518,Low Risk,Manual Review,773
0,0.0640675583925182,Very Low Risk,Approve,815
1,0.3285748298379848,Very High Risk,Reject,669
0,0.09830259792952448,Low Risk,Approve,796
0,0.11601717720004569,Low Risk,Manual Review,786
1,0.45860078879501254,Very High Risk,Reject,598
0,0.2103006976459228,Medium Risk,Manual Review,734
0,0.20292557407734924,Medium Risk,Manual Review,738
0,0.24481732142558046,High Risk,Manual Review,715
0,0.05759183185900435,Very Low Risk,Approve,818
0,0.15093403510889528,Medium Risk,Manual Review,767
1,0.4715427477594102,Very High Risk,Reject,591
0,0.0853361185449113,Very Low Risk,Approve,803
0,0.36386405016956735,Very High Risk,Reject,650
1,0.45907402128114766,Very High Risk,Reject,598
0,0.06319213647666384,Very Low Risk,Approve,815
0,0.10736372382795893,Low Risk,Manual Review,791
0,0.1552909705812017,Medium Risk,Manual Review,765
0,0.08444726463143948,Very Low Risk,Approve,804
1,0.11915005970926149,Low Risk,Manual Review,784
1,0.31223593537836847,Very High Risk,Reject,678
0,0.1159133925135665,Low Risk,Manual Review,786
0,0.13377095097493394,Low Risk,Manual Review,776
0,0.24657045518757484,High Risk,Manual Review,714
0,0.027885448115191905,Very Low Risk,Approve,835
0,0.16498862927360816,Medium Risk,Manual Review,759
0,0.22999455725998755,High Risk,Manual Review,724
0,0.06966148925503826,Very Low Risk,Approve,812
0,0.3046088381340293,High Risk,Reject,682
0,0.16689047409730748,Medium Risk,Manual Review,758
0,0.3242272128919141,Very High Risk,Reject,672
0,0.2130845102005221,Medium Risk,Manual Review,733
0,0.43844695932997224,Very High Risk,Reject,609
0,0.1692256308599985,Medium Risk,Manual Review,757
0,0.1177975004735775,Low Risk,Manual Review,785
0,0.06217430937111689,Very Low Risk,Approve,816
0,0.04983212571874669,Very Low Risk,Approve,823
1,0.2430038638826761,High Risk,Manual Review,716
0,0.23711424328510808,High Risk,Manual Review,720
1,0.44809991264419263,Very High Risk,Reject,604
0,0.2501085185106447,High Risk,Reject,712
0,0.10976503782994787,Low Risk,Manual Review,790
0,0.13138391010661774,Low Risk,Manual Review,778
0,0.4467719011896454,Very High Risk,Reject,604
1,0.11201988580305111,Low Risk,Manual Review,788
0,0.17138051367401255,Medium Risk,Manual Review,756
0,0.05942497853207208,Very Low Risk,Approve,817
1,0.32801425661958744,Very High Risk,Reject,670
0,0.24445579666630785,High Risk,Manual Review,716
0,0.2577383223512456,High Risk,Reject,708
1,0.10273677626726604,Low Risk,Manual Review,793
0,0.40163708315850977,Very High Risk,Reject,629
0,0.4202394204013484,Very High Risk,Reject,619
0,0.159490341211631,Medium Risk,Manual Review,762
1,0.38827463977262905,Very High Risk,Reject,636
0,0.42883041478427075,Very High Risk,Reject,614
0,0.1973778144667136,Medium Risk,Manual Review,741
0,0.19133209173756777,Medium Risk,Manual Review,745
0,0.1748074093145554,Medium Risk,Manual Review,754
0,0.18264023204057528,Medium Risk,Manual Review,750
0,0.2805788972220617,High Risk,Reject,696
0,0.10321121498732644,Low Risk,Manual Review,793
0,0.14950030578393736,Medium Risk,Manual Review,768
0,0.11351188721697018,Low Risk,Manual Review,788
0,0.09903848432287846,Low Risk,Approve,796
0,0.0490777767795041,Very Low Risk,Approve,823
0,0.20653463298392263,Medium Risk,Manual Review,736
0,0.1547710107604593,Medium Risk,Manual Review,765
0,0.22578072997426216,High Risk,Manual Review,726
0,0.14054485475887055,Low Risk,Manual Review,773
0,0.08312524391199118,Very Low Risk,Approve,804
0,0.4804568825268289,Very High Risk,Reject,586
0,0.5199112538406554,Very High Risk,Reject,564
0,0.2666450097750761,High Risk,Reject,703
1,0.4531816424392546,Very High Risk,Reject,601
0,0.1469642160813844,Medium Risk,Manual Review,769
0,0.08426668087337047,Very Low Risk,Approve,804
0,0.10801289542412527,Low Risk,Manual Review,791
0,0.03816559015853807,Very Low Risk,Approve,829
0,0.1681526584534476,Medium Risk,Manual Review,758
0,0.09076607615520801,Low Risk,Approve,800
1,0.2891318867884605,High Risk,Reject,691
0,0.09995529869506072,Low Risk,Approve,795
0,0.2364339770662184,High Risk,Manual Review,720
0,0.15871578366068212,Medium Risk,Manual Review,763
0,0.4276638866230102,Very High Risk,Reject,615
1,0.21918079442395103,High Risk,Manual Review,729
0,0.14026696505598082,Low Risk,Manual Review,773
0,0.26869858451913403,High Risk,Reject,702
0,0.10849486981596634,Low Risk,Manual Review,790
0,0.14089097447628418,Low Risk,Manual Review,773
0,0.20291122096432732,Medium Risk,Manual Review,738
0,0.1562814864555438,Medium Risk,Manual Review,764
1,0.05140724094233024,Very Low Risk,Approve,822
0,0.20220624418953656,Medium Risk,Manual Review,739
0,0.35057407680259656,Very High Risk,Reject,657
1,0.4719256275159456,Very High Risk,Reject,590
0,0.436035758290347,Very High Risk,Reject,610
0,0.08346046468778406,Very Low Risk,Approve,804
0,0.22134347064002377,High Risk,Manual Review,728
0,0.04041696940925734,Very Low Risk,Approve,828
0,0.23040516566920818,High Risk,Manual Review,723
0,0.1006846255200766,Low Risk,Manual Review,795
0,0.1636256710489883,Medium Risk,Manual Review,760
0,0.14131471436832635,Low Risk,Manual Review,772
0,0.21131537677613912,Medium Risk,Manual Review,734
1,0.3147702294600867,Very High Risk,Reject,677
0,0.094783381518803,Low Risk,Approve,798
0,0.18339521615525894,Medium Risk,Manual Review,749
1,0.40165244598689204,Very High Risk,Reject,629
0,0.4534085978243719,Very High Risk,Reject,601
1,0.11672046106898887,Low Risk,Manual Review,786
0,0.10667927646326268,Low Risk,Manual Review,791
0,0.05834952244279822,Very Low Risk,Approve,818
0,0.15856203955851392,Medium Risk,Manual Review,763
0,0.08403355045809835,Very Low Risk,Approve,804
1,0.3370827947594902,Very High Risk,Reject,665
1,0.1743978865757107,Medium Risk,Manual Review,754
0,0.29740320973163487,High Risk,Reject,686
0,0.17702118801742636,Medium Risk,Manual Review,753
0,0.0997690694272162,Low Risk,Approve,795
0,0.22829158771767083,High Risk,Manual Review,724
0,0.1569488184390332,Medium Risk,Manual Review,764
1,0.3203049473987719,Very High Risk,Reject,674
0,0.3006106567723863,High Risk,Reject,685
0,0.15993955135392657,Medium Risk,Manual Review,762
0,0.34162102468151523,Very High Risk,Reject,662
0,0.35864888468086686,Very High Risk,Reject,653
0,0.15245396818965334,Medium Risk,Manual Review,766
0,0.0941818569141297,Low Risk,Approve,798
0,0.43756738305522846,Very High Risk,Reject,609
0,0.09252451865705628,Low Risk,Approve,799
1,0.29114091630765077,High Risk,Reject,690
0,0.09359368114894921,Low Risk,Approve,799
0,0.4127336883564384,Very High Risk,Reject,623
0,0.569357646811532,Very High Risk,Reject,537
0,0.22787975186245754,High Risk,Manual Review,725
0,0.105060903863174,Low Risk,Manual Review,792
0,0.16628216901382767,Medium Risk,Manual Review,759
0,0.09349219253285496,Low Risk,Approve,799
0,0.1464699820681523,Medium Risk,Manual Review,769
0,0.15061792876556052,Medium Risk,Manual Review,767
0,0.12675113812568078,Low Risk,Manual Review,780
0,0.3246437129043853,Very High Risk,Reject,671
0,0.29538755744872297,High Risk,Reject,688
0,0.2512506552357416,High Risk,Reject,712
0,0.15909172022880058,Medium Risk,Manual Review,762
0,0.4347007985218512,Very High Risk,Reject,611
0,0.07927453769527792,Very Low Risk,Approve,806
0,0.2930021469179524,High Risk,Reject,689
0,0.19845971841583396,Medium Risk,Manual Review,741
1,0.24243957128774843,High Risk,Manual Review,717
1,0.27625938503864234,High Risk,Reject,698
0,0.17424742903400026,Medium Risk,Manual Review,754
0,0.032432627137037984,Very Low Risk,Approve,832
0,0.21691578892016675,High Risk,Manual Review,731
0,0.15606950361037134,Medium Risk,Manual Review,764
0,0.20604375468196617,Medium Risk,Manual Review,737
0,0.25374619701472034,High Risk,Reject,710
0,0.3245128980730159,Very High Risk,Reject,672
0,0.08387684523036583,Very Low Risk,Approve,804
0,0.16243121434400434,Medium Risk,Manual Review,761
0,0.14313764766526949,Low Risk,Manual Review,771
1,0.2991523789126146,High Risk,Reject,685
0,0.16696548777088213,Medium Risk,Manual Review,758
1,0.46998679702792556,Very High Risk,Reject,592
1,0.2188961196511402,High Risk,Manual Review,730
0,0.1222895684624908,Low Risk,Manual Review,783
0,0.2992880556810718,High Risk,Reject,685
1,0.4288370154714623,Very High Risk,Reject,614
0,0.20098972597378237,Medium Risk,Manual Review,739
1,0.29836137317298034,High Risk,Reject,686
0,0.22967149415807664,High Risk,Manual Review,724
0,0.1016891442310872,Low Risk,Manual Review,794
0,0.04476261144900134,Very Low Risk,Approve,825
0,0.25505112536006047,High Risk,Reject,710
0,0.09255854725830182,Low Risk,Approve,799
0,0.13959767414301644,Low Risk,Manual Review,773
0,0.05913509289673105,Very Low Risk,Approve,817
0,0.21380100343073552,High Risk,Manual Review,732
0,0.2661975534646646,High Risk,Reject,704
0,0.3190845058183479,Very High Risk,Reject,675
0,0.13536122404207912,Low Risk,Manual Review,776
0,0.07251090910311406,Very Low Risk,Approve,810
0,0.3377157960895583,Very High Risk,Reject,664
0,0.02679956115082263,Very Low Risk,Approve,835
0,0.5421323351695124,Very High Risk,Reject,552
0,0.21268877291986202,Medium Risk,Manual Review,733
1,0.31353711083268687,Very High Risk,Reject,678
0,0.03543722428395695,Very Low Risk,Approve,831
0,0.1506743070514361,Medium Risk,Manual Review,767
0,0.4062675130370623,Very High Risk,Reject,627
0,0.11060690293276888,Low Risk,Manual Review,789
0,0.24893625343677914,High Risk,Manual Review,713
0,0.215209101973629,High Risk,Manual Review,732
0,0.045315678414830064,Very Low Risk,Approve,825
0,0.2798552187825373,High Risk,Reject,696
1,0.14605695735116428,Medium Risk,Manual Review,770
0,0.17218432005981613,Medium Risk,Manual Review,755
0,0.20569218957113536,Medium Risk,Manual Review,737
0,0.2565869008478606,High Risk,Reject,709
0,0.2258592257649611,High Risk,Manual Review,726
0,0.31702848272698575,Very High Risk,Reject,676
0,0.1399518721760457,Low Risk,Manual Review,773
0,0.40443742754030393,Very High Risk,Reject,628
0,0.2723319150308444,High Risk,Reject,700
0,0.08928056058537695,Low Risk,Approve,801
1,0.5917565951320329,Very High Risk,Reject,525
0,0.13008523889798915,Low Risk,Manual Review,778
0,0.11904003942922077,Low Risk,Manual Review,785
0,0.10848421741998271,Low Risk,Manual Review,790
0,0.0403246119693746,Very Low Risk,Approve,828
0,0.2833001530518305,High Risk,Reject,694
0,0.13483657669513385,Low Risk,Manual Review,776
0,0.46784050740088123,Very High Risk,Reject,593
0,0.20068573307201218,Medium Risk,Manual Review,740
1,0.23490359674954403,High Risk,Manual Review,721
0,0.2575328259035574,High Risk,Reject,708
0,0.19367583708270142,Medium Risk,Manual Review,743
0,0.2213613623098855,High Risk,Manual Review,728
1,0.1334441888883688,Low Risk,Manual Review,777
0,0.20492491176713912,Medium Risk,Manual Review,737
0,0.019814180181945043,Very Low Risk,Approve,839
0,0.15630085738419808,Medium Risk,Manual Review,764
1,0.2084402418851688,Medium Risk,Manual Review,735
0,0.16023602527357747,Medium Risk,Manual Review,762
0,0.07708152168745847,Very Low Risk,Approve,808
0,0.18273782773765476,Medium Risk,Manual Review,749
0,0.1300140663506194,Low Risk,Manual Review,778
0,0.18367085188342455,Medium Risk,Manual Review,749
0,0.2644757308095594,High Risk,Reject,705
0,0.12890741722084537,Low Risk,Manual Review,779
0,0.03739978145391391,Very Low Risk,Approve,829
0,0.33098416147077436,Very High Risk,Reject,668
0,0.3335015326643043,Very High Risk,Reject,667
0,0.41163149083744227,Very High Risk,Reject,624
0,0.05375179650142616,Very Low Risk,Approve,820
0,0.06359933502849141,Very Low Risk,Approve,815
1,0.22745939387831265,High Risk,Manual Review,725
0,0.21621421595699422,High Risk,Manual Review,731
1,0.2875354537065647,High Risk,Reject,692
0,0.24990734618463312,High Risk,Manual Review,713
0,0.06064990663761561,Very Low Risk,Approve,817
0,0.05931768806071798,Very Low Risk,Approve,817
0,0.03951034343246172,Very Low Risk,Approve,828
0,0.07352133700776403,Very Low Risk,Approve,810
0,0.1306632348335301,Low Risk,Manual Review,778
0,0.14516309180489095,Low Risk,Manual Review,770
0,0.20413555472397976,Medium Risk,Manual Review,738
0,0.09629684827681462,Low Risk,Approve,797
0,0.22226853806848418,High Risk,Manual Review,728
0,0.23523414231200743,High Risk,Manual Review,721
0,0.045222511357133975,Very Low Risk,Approve,825
0,0.45303511594281737,Very High Risk,Reject,601
0,0.33287309646928903,Very High Risk,Reject,667
0,0.4864472803625444,Very High Risk,Reject,582
0,0.10354170039406405,Low Risk,Manual Review,793
0,0.15131486482419448,Medium Risk,Manual Review,767
0,0.1311706545120725,Low Risk,Manual Review,778
0,0.2957042094516362,High Risk,Reject,687
1,0.2545498213049745,High Risk,Reject,710
0,0.22091718705007607,High Risk,Manual Review,728
0,0.2578792174028354,High Risk,Reject,708
0,0.041166821061112004,Very Low Risk,Approve,827
0,0.03991018921252309,Very Low Risk,Approve,828
0,0.3333553305330159,Very High Risk,Reject,667
0,0.12763848014888785,Low Risk,Manual Review,780
0,0.14829555505261252,Medium Risk,Manual Review,768
0,0.18165385167402417,Medium Risk,Manual Review,750
0,0.38314644250534,Very High Risk,Reject,639
1,0.3054652712535256,High Risk,Reject,682
0,0.14150813770944398,Low Risk,Manual Review,772
0,0.07479153205599476,Very Low Risk,Approve,809
0,0.1147458063348591,Low Risk,Manual Review,787
0,0.48603096416313185,Very High Risk,Reject,583
0,0.06525872774495048,Very Low Risk,Approve,814
0,0.2722846690596983,High Risk,Reject,700
0,0.2654939137205297,High Risk,Reject,704
0,0.30204888309970546,High Risk,Reject,684
1,0.37344938884645484,Very High Risk,Reject,645
0,0.24068443715654358,High Risk,Manual Review,718
0,0.19984338113902728,Medium Risk,Manual Review,740
0,0.0649387992284977,Very Low Risk,Approve,814
0,0.13342207487733085,Low Risk,Manual Review,777
0,0.38253269717587807,Very High Risk,Reject,640
0,0.29883453394185405,High Risk,Reject,686
0,0.4123050880099122,Very High Risk,Reject,623
0,0.2836411367895178,High Risk,Reject,694
0,0.10926422825900833,Low Risk,Manual Review,790
0,0.06076496503830254,Very Low Risk,Approve,817
0,0.4461123044928851,Very High Risk,Reject,605
0,0.2572694888051478,High Risk,Reject,709
0,0.09251510681710728,Low Risk,Approve,799
0,0.10084680571073883,Low Risk,Manual Review,795
0,0.259761367764064,High Risk,Reject,707
0,0.21331175865789928,Medium Risk,Manual Review,733
0,0.054693651508191894,Very Low Risk,Approve,820
1,0.26325464839981827,High Risk,Reject,705
1,0.07705256057460183,Very Low Risk,Approve,808
0,0.2675625818367803,High Risk,Reject,703
1,0.21624636047857573,High Risk,Manual Review,731
0,0.19438519897168446,Medium Risk,Manual Review,743
0,0.04095206416257537,Very Low Risk,Approve,827
1,0.4006581538113521,Very High Risk,Reject,630
0,0.18749519251291252,Medium Risk,Manual Review,747
0,0.14959693248269076,Medium Risk,Manual Review,768
0,0.4204858139516062,Very High Risk,Reject,619
0,0.0709819556825851,Very Low Risk,Approve,811
0,0.36734261038983446,Very High Risk,Reject,648
0,0.4498690233327801,Very High Risk,Reject,603
0,0.0787694132711795,Very Low Risk,Approve,807
0,0.0799702348352789,Very Low Risk,Approve,806
0,0.05742025779525743,Very Low Risk,Approve,818
0,0.12499714605534104,Low Risk,Manual Review,781
1,0.23217148111449043,High Risk,Manual Review,722
0,0.1290106995049624,Low Risk,Manual Review,779
0,0.24561701437956504,High Risk,Manual Review,715
0,0.1254667747462485,Low Risk,Manual Review,781
0,0.3424606119411446,Very High Risk,Reject,662
0,0.4698851239047902,Very High Risk,Reject,592
1,0.4520467702195808,Very High Risk,Reject,601
0,0.07256281825376729,Very Low Risk,Approve,810
0,0.19364304657431683,Medium Risk,Manual Review,743
0,0.14441735191045785,Low Risk,Manual Review,771
0,0.05940417541493346,Very Low Risk,Approve,817
0,0.038201972251770404,Very Low Risk,Approve,829
0,0.11279312156752254,Low Risk,Manual Review,788
0,0.06271100250691443,Very Low Risk,Approve,816
0,0.29989907601811683,High Risk,Reject,685
0,0.20012577460737332,Medium Risk,Manual Review,740
0,0.34407037465344,Very High Risk,Reject,661
0,0.04636944809963644,Very Low Risk,Approve,824
0,0.15257290147380254,Medium Risk,Manual Review,766
1,0.36047286628419467,Very High Risk,Reject,652
0,0.021167486894069117,Very Low Risk,Approve,838
0,0.11748276683237632,Low Risk,Manual Review,785
0,0.2995149038462507,High Risk,Reject,685
0,0.16351298400068784,Medium Risk,Manual Review,760
0,0.09756386772184672,Low Risk,Approve,796
0,0.34947592897309787,Very High Risk,Reject,658
0,0.25490389690537807,High Risk,Reject,710
0,0.0878989360945501,Low Risk,Approve,802
0,0.36115803176743017,Very High Risk,Reject,651
0,0.19683171961439624,Medium Risk,Manual Review,742
0,0.25272440312917,High Risk,Reject,711
0,0.10658233122137756,Low Risk,Manual Review,791
0,0.22795516944890135,High Risk,Manual Review,725
0,0.2242159501567737,High Risk,Manual Review,727
0,0.10655902884543338,Low Risk,Manual Review,791
0,0.056015279608267514,Very Low Risk,Approve,819
0,0.06802314892376224,Very Low Risk,Approve,813
0,0.019556311431657807,Very Low Risk,Approve,839
0,0.2127399953107617,Medium Risk,Manual Review,733
1,0.13240621654175388,Low Risk,Manual Review,777
0,0.10673096391705102,Low Risk,Manual Review,791
1,0.3237451244162591,Very High Risk,Reject,672
0,0.09738919123160274,Low Risk,Approve,796
0,0.12500788047335887,Low Risk,Manual Review,781
0,0.09640190037725535,Low Risk,Approve,797
0,0.1487481696639768,Medium Risk,Manual Review,768
0,0.13498388887356522,Low Risk,Manual Review,776
0,0.43054815052703616,Very High Risk,Reject,613
0,0.10966294861672368,Low Risk,Manual Review,790
0,0.04630883956214523,Very Low Risk,Approve,825
0,0.23532755149398019,High Risk,Manual Review,721
0,0.03965191055361212,Very Low Risk,Approve,828
0,0.15695504676946914,Medium Risk,Manual Review,764
0,0.11029850448702923,Low Risk,Manual Review,789
0,0.16988371609821554,Medium Risk,Manual Review,757
0,0.04489662782496384,Very Low Risk,Approve,825
0,0.1085689305467181,Low Risk,Manual Review,790
0,0.13225914915978268,Low Risk,Manual Review,777
0,0.09114966850887038,Low Risk,Approve,800
0,0.3692331247113104,Very High Risk,Reject,647
0,0.32413940408741476,Very High Risk,Reject,672
0,0.14054105006494663,Low Risk,Manual Review,773
0,0.15992089466323647,Medium Risk,Manual Review,762
1,0.29083441204908556,High Risk,Reject,690
0,0.20890050245044586,Medium Risk,Manual Review,735
0,0.15780171758795536,Medium Risk,Manual Review,763
0,0.07530271662279545,Very Low Risk,Approve,809
0,0.08352077277252677,Very Low Risk,Approve,804
0,0.2601421027994347,High Risk,Reject,707
1,0.20509402344077363,Medium Risk,Manual Review,737
0,0.04796898392894214,Very Low Risk,Approve,824
0,0.24606731575078242,High Risk,Manual Review,715
0,0.12999774822487967,Low Risk,Manual Review,779
0,0.207802845294003,Medium Risk,Manual Review,736
0,0.3276571649925242,Very High Risk,Reject,670
1,0.13469532563408607,Low Risk,Manual Review,776
0,0.41694112412484813,Very High Risk,Reject,621
0,0.07260639069389187,Very Low Risk,Approve,810
0,0.16594920570950336,Medium Risk,Manual Review,759
0,0.15002159297143583,Medium Risk,Manual Review,767
0,0.201029865514126,Medium Risk,Manual Review,739
0,0.499879828616484,Very High Risk,Reject,575
1,0.25093771461357495,High Risk,Reject,712
0,0.12543255860676245,Low Risk,Manual Review,781
0,0.17862514018593054,Medium Risk,Manual Review,752
0,0.03558844891912966,Very Low Risk,Approve,830
0,0.09694659489443316,Low Risk,Approve,797
0,0.21749451277641726,High Risk,Manual Review,730
1,0.40574560016673655,Very High Risk,Reject,627
1,0.22363847619746033,High Risk,Manual Review,727
0,0.10895394247251056,Low Risk,Manual Review,790
0,0.31522080224862903,Very High Risk,Reject,677
0,0.28391645801833226,High Risk,Reject,694
0,0.1120830404507924,Low Risk,Manual Review,788
0,0.05817558057191594,Very Low Risk,Approve,818
0,0.31098682349750906,High Risk,Reject,679
0,0.07604442592150921,Very Low Risk,Approve,808
0,0.2100135293600559,Medium Risk,Manual Review,734
0,0.2846700348295999,High Risk,Reject,693
1,0.28507448224499765,High Risk,Reject,693
0,0.03277559928805466,Very Low Risk,Approve,832
0,0.39676881584182405,Very High Risk,Reject,632
0,0.2711943338481662,High Risk,Reject,701
0,0.1765910671941204,Medium Risk,Manual Review,753
1,0.3467453852145384,Very High Risk,Reject,659
1,0.06681615050149871,Very Low Risk,Approve,813
0,0.38537556286907987,Very High Risk,Reject,638
0,0.1857235900542784,Medium Risk,Manual Review,748
0,0.07016704652347143,Very Low Risk,Approve,811
0,0.19455294985413896,Medium Risk,Manual Review,743
0,0.1422894183897061,Low Risk,Manual Review,772
0,0.21428599169553203,High Risk,Manual Review,732
0,0.3626321100099684,Very High Risk,Reject,651
0,0.1026611532052217,Low Risk,Manual Review,794
0,0.1305338365403902,Low Risk,Manual Review,778
0,0.2511137349784123,High Risk,Reject,712
0,0.08872501813748934,Low Risk,Approve,801
0,0.09707000196331779,Low Risk,Approve,797
0,0.22104613808403878,High Risk,Manual Review,728
0,0.15145130300799503,Medium Risk,Manual Review,767
0,0.09637548587050575,Low Risk,Approve,797
0,0.23389237946120686,High Risk,Manual Review,721
0,0.46505514603626485,Very High Risk,Reject,594
0,0.15792321476132365,Medium Risk,Manual Review,763
0,0.20403057724070975,Medium Risk,Manual Review,738
1,0.3312645093630194,Very High Risk,Reject,668
1,0.10408931962549378,Low Risk,Manual Review,793
0,0.23587445168006943,High Risk,Manual Review,720
0,0.12757038091422027,Low Risk,Manual Review,780
0,0.12053377261906413,Low Risk,Manual Review,784
0,0.3506444423531437,Very High Risk,Reject,657
0,0.14221601938230666,Low Risk,Manual Review,772
0,0.22463916567997047,High Risk,Manual Review,726
0,0.16487294993654747,Medium Risk,Manual Review,759
0,0.09318956451375533,Low Risk,Approve,799
0,0.3064270316345936,High Risk,Reject,681
0,0.10045351569344271,Low Risk,Manual Review,795
0,0.22803244755975952,High Risk,Manual Review,725
0,0.21478319326089101,High Risk,Manual Review,732
0,0.5389139262136629,Very High Risk,Reject,554
0,0.14344302448020255,Low Risk,Manual Review,771
0,0.18401874564265186,Medium Risk,Manual Review,749
0,0.027373921607055835,Very Low Risk,Approve,835
0,0.31552688930895556,Very High Risk,Reject,676
0,0.0659698009656368,Very Low Risk,Approve,814
0,0.3934243774564893,Very High Risk,Reject,634
0,0.07680700968813167,Very Low Risk,Approve,808
0,0.05685073164910447,Very Low Risk,Approve,819
0,0.3012801409535518,High Risk,Reject,684
0,0.07420574252672404,Very Low Risk,Approve,809
1,0.2123743392319209,Medium Risk,Manual Review,733
0,0.5103904424103689,Very High Risk,Reject,569
0,0.09826338365768861,Low Risk,Approve,796
0,0.28641899081161126,High Risk,Reject,692
0,0.07427022505551722,Very Low Risk,Approve,809
0,0.10520610858666894,Low Risk,Manual Review,792
0,0.1417082420126333,Low Risk,Manual Review,772
0,0.07632060134671413,Very Low Risk,Approve,808
0,0.21985595946093286,High Risk,Manual Review,729
0,0.12102456461053518,Low Risk,Manual Review,783
0,0.1552326881817312,Medium Risk,Manual Review,765
0,0.23503128677032664,High Risk,Manual Review,721
0,0.2641479650076975,High Risk,Reject,705
0,0.27211485920833783,High Risk,Reject,700
0,0.3445113122876618,Very High Risk,Reject,661
0,0.2650624103480982,High Risk,Reject,704
1,0.05934352320360787,Very Low Risk,Approve,817
0,0.13179503220625943,Low Risk,Manual Review,778
0,0.17471369961487912,Medium Risk,Manual Review,754
0,0.3847589928037093,Very High Risk,Reject,638
1,0.12935180853273445,Low Risk,Manual Review,779
1,0.22152735853456204,High Risk,Manual Review,728
1,0.40726312928610026,Very High Risk,Reject,626
1,0.13606171727806257,Low Risk,Manual Review,775
0,0.14209525271663917,Low Risk,Manual Review,772
0,0.2288196090226621,High Risk,Manual Review,724
0,0.07378912987042467,Very Low Risk,Approve,809
1,0.33405780465445634,Very High Risk,Reject,666
0,0.07663646924159981,Very Low Risk,Approve,808
0,0.27356362361932074,High Risk,Reject,700
0,0.07559440140143169,Very Low Risk,Approve,808
0,0.1286516039432672,Low Risk,Manual Review,779
0,0.12233005224817296,Low Risk,Manual Review,783
0,0.2198678156686257,High Risk,Manual Review,729
0,0.17758514185726426,Medium Risk,Manual Review,752
0,0.09996494190084676,Low Risk,Approve,795
1,0.12985443200451893,Low Risk,Manual Review,779
0,0.25417772231247754,High Risk,Reject,710
0,0.034615031498614654,Very Low Risk,Approve,831
0,0.21348577113464065,High Risk,Manual Review,733
0,0.3842678609560215,Very High Risk,Reject,639
1,0.12562781447983928,Low Risk,Manual Review,781
0,0.04617210959780225,Very Low Risk,Approve,825
0,0.122223029481461,Low Risk,Manual Review,783
0,0.07512405799526346,Very Low Risk,Approve,809
0,0.20191857365659274,Medium Risk,Manual Review,739
0,0.12951446194075297,Low Risk,Manual Review,779
0,0.45836666323989406,Very High Risk,Reject,598
0,0.060859640260647024,Very Low Risk,Approve,817
0,0.06960393015297041,Very Low Risk,Approve,812
0,0.056636449750713254,Very Low Risk,Approve,819
0,0.10905144773352232,Low Risk,Manual Review,790
0,0.14319159289143504,Low Risk,Manual Review,771
0,0.4524452528646728,Very High Risk,Reject,601
0,0.14200275701621923,Low Risk,Manual Review,772
0,0.07780978250710703,Very Low Risk,Approve,807
0,0.24500593766259024,High Risk,Manual Review,715
0,0.19089337310529395,Medium Risk,Manual Review,745
0,0.26411394526328613,High Risk,Reject,705
0,0.03544960562444248,Very Low Risk,Approve,831
0,0.05164060192300893,Very Low Risk,Approve,822
0,0.3119355771019123,Very High Risk,Reject,678
0,0.28544817504694114,High Risk,Reject,693
1,0.2901316153557488,High Risk,Reject,690
1,0.06853285096887796,Very Low Risk,Approve,812
0,0.12198584921859129,Low Risk,Manual Review,783
1,0.16719711373663607,Medium Risk,Manual Review,758
0,0.3491033238397157,Very High Risk,Reject,658
0,0.05153412548335084,Very Low Risk,Approve,822
0,0.14313322856781713,Low Risk,Manual Review,771
1,0.1631742945771977,Medium Risk,Manual Review,760
0,0.47019671474128394,Very High Risk,Reject,591
0,0.029619111800652513,Very Low Risk,Approve,834
0,0.3779801810827817,Very High Risk,Reject,642
0,0.20655083563346763,Medium Risk,Manual Review,736
0,0.06556134914268018,Very Low Risk,Approve,814
0,0.17954928555730018,Medium Risk,Manual Review,751
0,0.3146008270273261,Very High Risk,Reject,677
0,0.15307781891738234,Medium Risk,Manual Review,766
0,0.15767818669046954,Medium Risk,Manual Review,763
1,0.2607118881589525,High Risk,Reject,707
0,0.11346841835517153,Low Risk,Manual Review,788
1,0.16464200131335507,Medium Risk,Manual Review,759
0,0.20939242187317095,Medium Risk,Manual Review,735
0,0.13734899612135174,Low Risk,Manual Review,774
0,0.2214927003917478,High Risk,Manual Review,728
0,0.18217767270344387,Medium Risk,Manual Review,750
0,0.12518118962327035,Low Risk,Manual Review,781
0,0.11866799804741807,Low Risk,Manual Review,785
0,0.049624228274918934,Very Low Risk,Approve,823
0,0.05850278555853126,Very Low Risk,Approve,818
1,0.16301260725333205,Medium Risk,Manual Review,760
0,0.1892698793752258,Medium Risk,Manual Review,746
0,0.19317255064181932,Medium Risk,Manual Review,744
0,0.3546585804328217,Very High Risk,Reject,655
0,0.3702458583325564,Very High Risk,Reject,646
1,0.4489192895477101,Very High Risk,Reject,603
0,0.11252130441605247,Low Risk,Manual Review,788
0,0.43016352296301297,Very High Risk,Reject,613
0,0.12732421083619883,Low Risk,Manual Review,780
1,0.1910284187499064,Medium Risk,Manual Review,745
0,0.14441509748366044,Low Risk,Manual Review,771
0,0.16713171472546015,Medium Risk,Manual Review,758
0,0.14682224607510083,Medium Risk,Manual Review,769
0,0.1599806781897992,Medium Risk,Manual Review,762
0,0.27191168100869645,High Risk,Reject,700
0,0.20579078394350986,Medium Risk,Manual Review,737
0,0.17750366030774128,Medium Risk,Manual Review,752
0,0.21430982731923326,High Risk,Manual Review,732
0,0.23639089146536488,High Risk,Manual Review,720
0,0.27335646298291605,High Risk,Reject,700
0,0.1447949301698969,Low Risk,Manual Review,770
0,0.044751536242261324,Very Low Risk,Approve,825
0,0.15823412305612466,Medium Risk,Manual Review,763
0,0.018170624545627404,Very Low Risk,Approve,840
0,0.07779718842578696,Very Low Risk,Approve,807
0,0.394848008985873,Very High Risk,Reject,633
0,0.1178499276228843,Low Risk,Manual Review,785
0,0.1317057071694604,Low Risk,Manual Review,778
0,0.3487669232316258,Very High Risk,Reject,658
0,0.03602830432859954,Very Low Risk,Approve,830
0,0.17465594666223525,Medium Risk,Manual Review,754
0,0.13685076339473926,Low Risk,Manual Review,775
0,0.047894296138458255,Very Low Risk,Approve,824
1,0.39757551299886523,Very High Risk,Reject,631
0,0.451509173393767,Very High Risk,Reject,602
1,0.16666790935197648,Medium Risk,Manual Review,758
0,0.14257026526436498,Low Risk,Manual Review,772
1,0.20867099662725094,Medium Risk,Manual Review,735
1,0.12304055686592422,Low Risk,Manual Review,782
0,0.14223131312904652,Low Risk,Manual Review,772
1,0.34999028976656504,Very High Risk,Reject,658
0,0.06177463683274062,Very Low Risk,Approve,816
1,0.2825780627599064,High Risk,Reject,695
0,0.15793411101590774,Medium Risk,Manual Review,763
0,0.2522074589094202,High Risk,Reject,711
0,0.0465511269336656,Very Low Risk,Approve,824
0,0.2348546317438116,High Risk,Manual Review,721
0,0.30177300174365584,High Risk,Reject,684
1,0.22219944744927936,High Risk,Manual Review,728
0,0.09083961574289745,Low Risk,Approve,800
0,0.1120814406392233,Low Risk,Manual Review,788
0,0.20862710173219462,Medium Risk,Manual Review,735
0,0.2007171141292821,Medium Risk,Manual Review,740
1,0.23138335886313302,High Risk,Manual Review,723
0,0.33620281460954354,Very High Risk,Reject,665
0,0.08893909836096285,Low Risk,Approve,801
0,0.17053384149240586,Medium Risk,Manual Review,756
0,0.05152410121804355,Very Low Risk,Approve,822
0,0.1443131129026436,Low Risk,Manual Review,771
0,0.17787343058714974,Medium Risk,Manual Review,752
1,0.33223340697835296,Very High Risk,Reject,667
0,0.15829950270102416,Medium Risk,Manual Review,763
0,0.12030910217248882,Low Risk,Manual Review,784
0,0.15281624993483064,Medium Risk,Manual Review,766
0,0.18886993671444,Medium Risk,Manual Review,746
0,0.03733305671377395,Very Low Risk,Approve,829
0,0.11374324895166625,Low Risk,Manual Review,787
0,0.14327289247249184,Low Risk,Manual Review,771
0,0.2636148909056609,High Risk,Reject,705
1,0.18496159241539661,Medium Risk,Manual Review,748
0,0.38717906657408163,Very High Risk,Reject,637
0,0.18371947963544497,Medium Risk,Manual Review,749
0,0.07164226135496339,Very Low Risk,Approve,811
0,0.24464411030655506,High Risk,Manual Review,715
1,0.12240494458097297,Low Risk,Manual Review,783
0,0.10969444071510244,Low Risk,Manual Review,790
0,0.26986318517856756,High Risk,Reject,702
0,0.12731507652172483,Low Risk,Manual Review,780
0,0.23542300589785894,High Risk,Manual Review,721
0,0.07024797742918183,Very Low Risk,Approve,811
0,0.292764844657209,High Risk,Reject,689
0,0.11571764026036173,Low Risk,Manual Review,786
0,0.21457878357612498,High Risk,Manual Review,732
0,0.0986475762166089,Low Risk,Approve,796
0,0.01925104114155657,Very Low Risk,Approve,839
0,0.26757779085980454,High Risk,Reject,703
0,0.4089020383744622,Very High Risk,Reject,625
0,0.18600753217276547,Medium Risk,Manual Review,748
0,0.05187278493560397,Very Low Risk,Approve,821
0,0.4133052632254052,Very High Risk,Reject,623
1,0.3120304441772002,Very High Risk,Reject,678
0,0.13601242678054307,Low Risk,Manual Review,775
0,0.19706940252241045,Medium Risk,Manual Review,742
0,0.11924830495190356,Low Risk,Manual Review,784
1,0.27022348002812135,High Risk,Reject,701
1,0.22256035737585592,High Risk,Manual Review,728
0,0.20228037337344776,Medium Risk,Manual Review,739
0,0.18845148274124712,Medium Risk,Manual Review,746
0,0.10146667068794521,Low Risk,Manual Review,794
0,0.30016812407036203,High Risk,Reject,685
1,0.24806688823839562,High Risk,Manual Review,714
0,0.2707862113315756,High Risk,Reject,701
1,0.30036453769166804,High Risk,Reject,685
0,0.199765904854357,Medium Risk,Manual Review,740
1,0.07800545837382376,Very Low Risk,Approve,807
0,0.1476608968491841,Medium Risk,Manual Review,769
0,0.12152904103963798,Low Risk,Manual Review,783
1,0.08243888794349963,Very Low Risk,Approve,805
1,0.3197551136860317,Very High Risk,Reject,674
1,0.44950309398425475,Very High Risk,Reject,603
0,0.13835773132262985,Low Risk,Manual Review,774
0,0.07510669883511767,Very Low Risk,Approve,809
0,0.1743958763486034,Medium Risk,Manual Review,754
0,0.30898874075514565,High Risk,Reject,680
0,0.20988865448871058,Medium Risk,Manual Review,735
0,0.09226507562433431,Low Risk,Approve,799
0,0.4142990758221428,Very High Risk,Reject,622
0,0.08822300458483488,Low Risk,Approve,801
0,0.07057056608162696,Very Low Risk,Approve,811
0,0.1417460658147115,Low Risk,Manual Review,772
1,0.32809726757960406,Very High Risk,Reject,670
0,0.13673171573831505,Low Risk,Manual Review,775
1,0.3592510103386779,Very High Risk,Reject,652
0,0.10121153418072919,Low Risk,Manual Review,794
0,0.24304747184084574,High Risk,Manual Review,716
0,0.33706300043426235,Very High Risk,Reject,665
0,0.04453266118843382,Very Low Risk,Approve,826
0,0.12268714837495896,Low Risk,Manual Review,783
0,0.24690936090960314,High Risk,Manual Review,714
0,0.14858424078868893,Medium Risk,Manual Review,768
1,0.04220999532327173,Very Low Risk,Approve,827
0,0.13596091454234002,Low Risk,Manual Review,775
0,0.2701134597335796,High Risk,Reject,701
0,0.27314052539681566,High Risk,Reject,700
0,0.11026741749533946,Low Risk,Manual Review,789
0,0.31557318689067265,Very High Risk,Reject,676
0,0.10026557663252139,Low Risk,Manual Review,795
1,0.17653285974680166,Medium Risk,Manual Review,753
0,0.4226439760267975,Very High Risk,Reject,618
0,0.04624336011542974,Very Low Risk,Approve,825
0,0.1282004131074153,Low Risk,Manual Review,779
0,0.1983669960546096,Medium Risk,Manual Review,741
0,0.12787200545021282,Low Risk,Manual Review,780
0,0.14148194360094346,Low Risk,Manual Review,772
0,0.1080619477187758,Low Risk,Manual Review,791
0,0.07372086516466131,Very Low Risk,Approve,809
0,0.36900529818850997,Very High Risk,Reject,647
0,0.15635244400683213,Medium Risk,Manual Review,764
0,0.061533256918917686,Very Low Risk,Approve,816
0,0.11436397201260376,Low Risk,Manual Review,787
0,0.25067595345786675,High Risk,Reject,712
1,0.23289132847792854,High Risk,Manual Review,722
0,0.2371402434717871,High Risk,Manual Review,720
0,0.19811941691868787,Medium Risk,Manual Review,741
0,0.2788715560026492,High Risk,Reject,697
1,0.490004378467025,Very High Risk,Reject,580
0,0.12666738441025555,Low Risk,Manual Review,780
0,0.31871686637606733,Very High Risk,Reject,675
1,0.30275381683913755,High Risk,Reject,683
0,0.2673760191393788,High Risk,Reject,703
0,0.16096573225837968,Medium Risk,Manual Review,761
0,0.301981092534405,High Risk,Reject,684
1,0.14994394030875097,Medium Risk,Manual Review,768
0,0.06124621503181837,Very Low Risk,Approve,816
0,0.10062335679850416,Low Risk,Manual Review,795
0,0.5949440161825704,Very High Risk,Reject,523
0,0.19786275870379677,Medium Risk,Manual Review,741
0,0.19370712979197358,Medium Risk,Manual Review,743
0,0.2927644458608433,High Risk,Reject,689
0,0.1697700068309678,Medium Risk,Manual Review,757
1,0.1841952489131778,Medium Risk,Manual Review,749
0,0.09354506844837403,Low Risk,Approve,799
0,0.08586022748187402,Very Low Risk,Approve,803
0,0.11974653650008138,Low Risk,Manual Review,784
1,0.4065881521861582,Very High Risk,Reject,626
0,0.14200428754920727,Low Risk,Manual Review,772
0,0.08997842145492033,Low Risk,Approve,801
0,0.15149546253509,Medium Risk,Manual Review,767
0,0.26760225255539033,High Risk,Reject,703
1,0.4477241716638806,Very High Risk,Reject,604
0,0.17466118549795215,Medium Risk,Manual Review,754
0,0.28018975419623054,High Risk,Reject,696
0,0.5707361041908551,Very High Risk,Reject,536
0,0.08950582058603161,Low Risk,Approve,801
1,0.18641726380470178,Medium Risk,Manual Review,747
0,0.04850946050277585,Very Low Risk,Approve,823
0,0.11423237489424025,Low Risk,Manual Review,787
0,0.2202502556300419,High Risk,Manual Review,729
0,0.4344577270346694,Very High Risk,Reject,611
0,0.04886790651536497,Very Low Risk,Approve,823
0,0.2858110390082648,High Risk,Reject,693
0,0.1300842711730141,Low Risk,Manual Review,778
0,0.21907232651308794,High Risk,Manual Review,730
1,0.15320959707758802,Medium Risk,Manual Review,766
0,0.18880137559168428,Medium Risk,Manual Review,746
0,0.10081923980234281,Low Risk,Manual Review,795
0,0.2204344883589848,High Risk,Manual Review,729
0,0.15480801597153557,Medium Risk,Manual Review,765
0,0.04103383663181807,Very Low Risk,Approve,827
0,0.3763827829285886,Very High Risk,Reject,643
0,0.1418148035539124,Low Risk,Manual Review,772
0,0.03656791385525832,Very Low Risk,Approve,830
0,0.28852170908561164,High Risk,Reject,691
1,0.3241240564378489,Very High Risk,Reject,672
0,0.06722846309460537,Very Low Risk,Approve,813
0,0.0670788950607301,Very Low Risk,Approve,813
0,0.13403442291632595,Low Risk,Manual Review,776
0,0.059576632387935494,Very Low Risk,Approve,817
0,0.24967628087810761,High Risk,Manual Review,713
0,0.4206610563022275,Very High Risk,Reject,619
1,0.2886880320599613,High Risk,Reject,691
0,0.2147235091337222,High Risk,Manual Review,732
0,0.14055251408123232,Low Risk,Manual Review,773
0,0.32025277285131226,Very High Risk,Reject,674
0,0.029228750670351918,Very Low Risk,Approve,834
0,0.04526787461266428,Very Low Risk,Approve,825
0,0.04062758683999015,Very Low Risk,Approve,828
0,0.09465392494334617,Low Risk,Approve,798
0,0.2142249066640291,High Risk,Manual Review,732
0,0.14655523082421218,Medium Risk,Manual Review,769
0,0.04695102672434402,Very Low Risk,Approve,824
0,0.06114692518468653,Very Low Risk,Approve,816
0,0.16793096375291092,Medium Risk,Manual Review,758
0,0.05434357373291137,Very Low Risk,Approve,820
0,0.3303850596043947,Very High Risk,Reject,668
0,0.21477081422362695,High Risk,Manual Review,732
0,0.19294026745423037,Medium Risk,Manual Review,744
0,0.22579094800584895,High Risk,Manual Review,726
1,0.2609897055137709,High Risk,Reject,706
0,0.049143125166484024,Very Low Risk,Approve,823
1,0.4285503100199365,Very High Risk,Reject,614
1,0.4746831481401724,Very High Risk,Reject,589
1,0.3900905071640035,Very High Risk,Reject,635
0,0.07173721996712763,Very Low Risk,Approve,811
0,0.2516269475687647,High Risk,Reject,712
0,0.03402052368647411,Very Low Risk,Approve,831
0,0.1276287890350237,Low Risk,Manual Review,780
0,0.18704540274179612,Medium Risk,Manual Review,747
0,0.16924972837262203,Medium Risk,Manual Review,757
0,0.04205050819709928,Very Low Risk,Approve,827
0,0.0938813574045246,Low Risk,Approve,798
0,0.33344603732204753,Very High Risk,Reject,667
0,0.24333575449353165,High Risk,Manual Review,716
0,0.1477628561477899,Medium Risk,Manual Review,769
0,0.1513150074824787,Medium Risk,Manual Review,767
0,0.12487752464024097,Low Risk,Manual Review,781
1,0.1224188080731757,Low Risk,Manual Review,783
0,0.17980840019278196,Medium Risk,Manual Review,751
0,0.38087664854041353,Very High Risk,Reject,641
0,0.1208643663768394,Low Risk,Manual Review,784
0,0.045880681215060136,Very Low Risk,Approve,825
0,0.24176233181351928,High Risk,Manual Review,717
0,0.06873703289890622,Very Low Risk,Approve,812
1,0.3757472066177844,Very High Risk,Reject,643
0,0.3279339128933166,Very High Risk,Reject,670
1,0.1521353327518571,Medium Risk,Manual Review,766
0,0.32404182725684066,Very High Risk,Reject,672
0,0.1464001087912754,Medium Risk,Manual Review,769
0,0.1875980312712186,Medium Risk,Manual Review,747
0,0.1711932932937436,Medium Risk,Manual Review,756
1,0.13840195495805624,Low Risk,Manual Review,774
0,0.07701047911255976,Very Low Risk,Approve,808
0,0.30244507571719054,High Risk,Reject,684
0,0.23156420328114882,High Risk,Manual Review,723
0,0.09867843797967242,Low Risk,Approve,796
0,0.13995569143692627,Low Risk,Manual Review,773
0,0.1276640877022334,Low Risk,Manual Review,780
0,0.22921193611724414,High Risk,Manual Review,724
0,0.5062979403445967,Very High Risk,Reject,572
1,0.09760588008764694,Low Risk,Approve,796
0,0.24888007158028333,High Risk,Manual Review,713
1,0.36862061197328855,Very High Risk,Reject,647
0,0.0544468138884993,Very Low Risk,Approve,820
0,0.5533368154817804,Very High Risk,Reject,546
0,0.3415709618252478,Very High Risk,Reject,662
0,0.15687122709366083,Medium Risk,Manual Review,764
0,0.12591323682176467,Low Risk,Manual Review,781
0,0.21164337736949299,Medium Risk,Manual Review,734
1,0.4459968231219302,Very High Risk,Reject,605
0,0.20786871378391644,Medium Risk,Manual Review,736
0,0.08182591812919818,Very Low Risk,Approve,805
1,0.22744652580910515,High Risk,Manual Review,725
0,0.10325314639644576,Low Risk,Manual Review,793
0,0.14453240927360622,Low Risk,Manual Review,771
0,0.22751823386110293,High Risk,Manual Review,725
0,0.10473444901345857,Low Risk,Manual Review,792
0,0.16349613153252476,Medium Risk,Manual Review,760
0,0.055482501012213095,Very Low Risk,Approve,819
0,0.37996297090250647,Very High Risk,Reject,641
0,0.17515620026347273,Medium Risk,Manual Review,754
0,0.07536005494072025,Very Low Risk,Approve,809
0,0.12337398128245047,Low Risk,Manual Review,782
0,0.19495349908498033,Medium Risk,Manual Review,743
0,0.14546359044594026,Low Risk,Manual Review,770
0,0.07821103395273768,Very Low Risk,Approve,807
1,0.08405529705450653,Very Low Risk,Approve,804
1,0.32872594970273983,Very High Risk,Reject,669
0,0.14680841379883913,Medium Risk,Manual Review,769
0,0.038171459346271246,Very Low Risk,Approve,829
0,0.18661055229875526,Medium Risk,Manual Review,747
0,0.044432043320537545,Very Low Risk,Approve,826
0,0.2764440183338994,High Risk,Reject,698
0,0.12155632763988637,Low Risk,Manual Review,783
1,0.31473548924881833,Very High Risk,Reject,677
0,0.13740185832742693,Low Risk,Manual Review,774
0,0.0338168846195206,Very Low Risk,Approve,831
0,0.11472241111633452,Low Risk,Manual Review,787
0,0.16628770045300395,Medium Risk,Manual Review,759
0,0.22023743607090698,High Risk,Manual Review,729
0,0.17266450990251328,Medium Risk,Manual Review,755
0,0.16514275946000445,Medium Risk,Manual Review,759
0,0.10660303221319375,Low Risk,Manual Review,791
0,0.14851649346230142,Medium Risk,Manual Review,768
1,0.2579162498404679,High Risk,Reject,708
0,0.040657709863812126,Very Low Risk,Approve,828
0,0.09441580635237207,Low Risk,Approve,798
0,0.20357970950303134,Medium Risk,Manual Review,738
0,0.10397980181226751,Low Risk,Manual Review,793
0,0.09793519297472864,Low Risk,Approve,796
0,0.4069054792756347,Very High Risk,Reject,626
0,0.2383889734741654,High Risk,Manual Review,719
0,0.3665369180726971,Very High Risk,Reject,648
0,0.12132359351914744,Low Risk,Manual Review,783
0,0.11781735329725569,Low Risk,Manual Review,785
1,0.2648116782681031,High Risk,Reject,704
0,0.1429317663606215,Low Risk,Manual Review,771
0,0.25190590301980015,High Risk,Reject,711
0,0.10413912417472583,Low Risk,Manual Review,793
0,0.3472015807341697,Very High Risk,Reject,659
1,0.11376693096019339,Low Risk,Manual Review,787
0,0.33399289711048047,Very High Risk,Reject,666
0,0.17895113920413003,Medium Risk,Manual Review,752
0,0.295010632286251,High Risk,Reject,688
0,0.1332895365212655,Low Risk,Manual Review,777
0,0.07200398023831443,Very Low Risk,Approve,810
0,0.1804917110096217,Medium Risk,Manual Review,751
0,0.18781464272276124,Medium Risk,Manual Review,747
0,0.11129431463717483,Low Risk,Manual Review,789
0,0.05944524479268011,Very Low Risk,Approve,817
0,0.03212506851428925,Very Low Risk,Approve,832
0,0.3501986514610846,Very High Risk,Reject,657
1,0.23882796985164692,High Risk,Manual Review,719
0,0.1734102015139278,Medium Risk,Manual Review,755
0,0.39569176507662834,Very High Risk,Reject,632
0,0.030930817461169505,Very Low Risk,Approve,833
1,0.10227126170496241,Low Risk,Manual Review,794
0,0.1144127188111332,Low Risk,Manual Review,787
0,0.21714993816934045,High Risk,Manual Review,731
0,0.1460898692083486,Medium Risk,Manual Review,770
0,0.11372061981051071,Low Risk,Manual Review,787
0,0.07505405755275368,Very Low Risk,Approve,809
0,0.3513280282509973,Very High Risk,Reject,657
1,0.33526165205608294,Very High Risk,Reject,666
1,0.05864053069598019,Very Low Risk,Approve,818
0,0.07354805541895865,Very Low Risk,Approve,810
0,0.09764911417766263,Low Risk,Approve,796
1,0.28953438149859034,High Risk,Reject,691
0,0.06787360642485635,Very Low Risk,Approve,813
0,0.030683663268217923,Very Low Risk,Approve,833
0,0.27703560342771505,High Risk,Reject,698
0,0.07953437986565717,Very Low Risk,Approve,806
0,0.43214408995184406,Very High Risk,Reject,612
1,0.3116253963990835,Very High Risk,Reject,679
1,0.30201101748318265,High Risk,Reject,684
0,0.06570686469360174,Very Low Risk,Approve,814
0,0.019564303579120167,Very Low Risk,Approve,839
0,0.25394158490629276,High Risk,Reject,710
0,0.07891269188317926,Very Low Risk,Approve,807
0,0.12090304475971667,Low Risk,Manual Review,784
1,0.15697904868961327,Medium Risk,Manual Review,764
0,0.4113796507962934,Very High Risk,Reject,624
0,0.23544641534910923,High Risk,Manual Review,721
1,0.5594877125642301,Very High Risk,Reject,542
0,0.3382710345138834,Very High Risk,Reject,664
1,0.1267411237786427,Low Risk,Manual Review,780
0,0.1584888712482189,Medium Risk,Manual Review,763
0,0.0991108675624887,Low Risk,Approve,795
0,0.4519601177906813,Very High Risk,Reject,601
0,0.03471995294073608,Very Low Risk,Approve,831
0,0.4916051371988375,Very High Risk,Reject,580
0,0.04729617370801317,Very Low Risk,Approve,824
0,0.26725290487374737,High Risk,Reject,703
1,0.610692452429934,Very High Risk,Reject,514
0,0.1868594843534723,Medium Risk,Manual Review,747
0,0.07273360690514094,Very Low Risk,Approve,810
1,0.12310727943504259,Low Risk,Manual Review,782
1,0.40643331814523603,Very High Risk,Reject,626
0,0.21946841437969983,High Risk,Manual Review,729
0,0.06469242081483904,Very Low Risk,Approve,814
1,0.19729274265609076,Medium Risk,Manual Review,741
1,0.4410225128455474,Very High Risk,Reject,607
0,0.13122695179022034,Low Risk,Manual Review,778
0,0.14713513693883443,Medium Risk,Manual Review,769
1,0.13531243669878426,Low Risk,Manual Review,776
0,0.41508512836904204,Very High Risk,Reject,622
0,0.15318917812257188,Medium Risk,Manual Review,766
0,0.06680317160399298,Very Low Risk,Approve,813
0,0.3813627969009892,Very High Risk,Reject,640
0,0.06983342766908952,Very Low Risk,Approve,812
0,0.054416279704321176,Very Low Risk,Approve,820
1,0.3934129922013384,Very High Risk,Reject,634
0,0.12167653307729134,Low Risk,Manual Review,783
0,0.2535514143223465,High Risk,Reject,711
0,0.3430020707569698,Very High Risk,Reject,661
1,0.14551247057746805,Low Risk,Manual Review,770
0,0.1788128221625572,Medium Risk,Manual Review,752
0,0.2826548343959701,High Risk,Reject,695
0,0.26888930066179306,High Risk,Reject,702
0,0.0500802748756625,Very Low Risk,Approve,822
0,0.08541991058262717,Very Low Risk,Approve,803
0,0.16703958443523031,Medium Risk,Manual Review,758
0,0.34847922938007986,Very High Risk,Reject,658
0,0.06749949259477779,Very Low Risk,Approve,813
0,0.2493355832586829,High Risk,Manual Review,713
0,0.3541008661463454,Very High Risk,Reject,655
0,0.4544870661236776,Very High Risk,Reject,600
0,0.2843261092337456,High Risk,Reject,694
0,0.23326180658851794,High Risk,Manual Review,722
0,0.20860866500688516,Medium Risk,Manual Review,735
0,0.04195916645187192,Very Low Risk,Approve,827
0,0.19117600115150019,Medium Risk,Manual Review,745
1,0.39042654710613783,Very High Risk,Reject,635
0,0.1712098732534562,Medium Risk,Manual Review,756
0,0.19363067661315508,Medium Risk,Manual Review,744
0,0.20660328623815463,Medium Risk,Manual Review,736
0,0.12017670516258182,Low Risk,Manual Review,784
0,0.07812520663058103,Very Low Risk,Approve,807
1,0.13778589047470463,Low Risk,Manual Review,774
1,0.3188085166312278,Very High Risk,Reject,675
0,0.44635475819738746,Very High Risk,Reject,605
0,0.32058882439121067,Very High Risk,Reject,674
0,0.20584429920868305,Medium Risk,Manual Review,737
0,0.14687476059101154,Medium Risk,Manual Review,769
0,0.3859583371734791,Very High Risk,Reject,638
0,0.06830416913167892,Very Low Risk,Approve,812
0,0.05739757851358553,Very Low Risk,Approve,818
1,0.31381810636438096,Very High Risk,Reject,677
0,0.27784507820006404,High Risk,Reject,697
0,0.08735674836682752,Low Risk,Approve,802
0,0.18395573052593292,Medium Risk,Manual Review,749
0,0.03819844182951419,Very Low Risk,Approve,829
1,0.3034727105699687,High Risk,Reject,683
0,0.24809869841755522,High Risk,Manual Review,714
0,0.04952956167627994,Very Low Risk,Approve,823
1,0.3449300739924383,Very High Risk,Reject,660
0,0.22203309016342143,High Risk,Manual Review,728
0,0.06728120896552596,Very Low Risk,Approve,813
1,0.35787385601058586,Very High Risk,Reject,653
0,0.562946485118099,Very High Risk,Reject,540
0,0.34198398837388266,Very High Risk,Reject,662
0,0.09566646854948768,Low Risk,Approve,797
1,0.034765721200439685,Very Low Risk,Approve,831
0,0.16891724422900564,Medium Risk,Manual Review,757
0,0.06296116112867543,Very Low Risk,Approve,815
0,0.3912498201086973,Very High Risk,Reject,635
0,0.13918148470816608,Low Risk,Manual Review,773
0,0.052736348894116485,Very Low Risk,Approve,821
0,0.06399535079176462,Very Low Risk,Approve,815
0,0.2716643231729528,High Risk,Reject,701
0,0.2873945849753883,High Risk,Reject,692
1,0.34253058108414647,Very High Risk,Reject,662
1,0.42928426161916244,Very High Risk,Reject,614
0,0.11993225295921127,Low Risk,Manual Review,784
1,0.3001019752868912,High Risk,Reject,685
1,0.2815560693801334,High Risk,Reject,695
0,0.07688143370477551,Very Low Risk,Approve,808
0,0.10591688860734946,Low Risk,Manual Review,792
0,0.18446274118704567,Medium Risk,Manual Review,749
1,0.2688281142340344,High Risk,Reject,702
0,0.5146163959196246,Very High Risk,Reject,567
1,0.1393909347973629,Low Risk,Manual Review,773
0,0.29825148390066464,High Risk,Reject,686
1,0.11742959150890267,Low Risk,Manual Review,785
0,0.044794073850213986,Very Low Risk,Approve,825
0,0.1851699694606137,Medium Risk,Manual Review,748
0,0.14553992639612245,Low Risk,Manual Review,770
0,0.22407561427288497,High Risk,Manual Review,727
0,0.2660657553037229,High Risk,Reject,704
1,0.45407635096937543,Very High Risk,Reject,600
0,0.37336201940760205,Very High Risk,Reject,645
0,0.0209948135482136,Very Low Risk,Approve,838
0,0.1395567601624593,Low Risk,Manual Review,773
1,0.3916507050172513,Very High Risk,Reject,635
0,0.10699873150591792,Low Risk,Manual Review,791
0,0.21478201866066604,High Risk,Manual Review,732
0,0.24113986772851911,High Risk,Manual Review,717
0,0.07462106741444076,Very Low Risk,Approve,809
0,0.2111008439854294,Medium Risk,Manual Review,734
0,0.31557389415783943,Very High Risk,Reject,676
1,0.2552431365885006,High Risk,Reject,710
0,0.47546917332161504,Very High Risk,Reject,588
1,0.05271735518133675,Very Low Risk,Approve,821
0,0.4130754340529798,Very High Risk,Reject,623
0,0.026599473214687842,Very Low Risk,Approve,835
0,0.07271959922249502,Very Low Risk,Approve,810
0,0.17259890792047747,Medium Risk,Manual Review,755
0,0.2685424107701978,High Risk,Reject,702
1,0.19355636413051483,Medium Risk,Manual Review,744
0,0.16823517023096568,Medium Risk,Manual Review,757
1,0.1681815701754382,Medium Risk,Manual Review,758
0,0.2770018300948933,High Risk,Reject,698
0,0.07347983090756316,Very Low Risk,Approve,810
1,0.11292913109448409,Low Risk,Manual Review,788
0,0.1683749276267771,Medium Risk,Manual Review,757
1,0.463506843472276,Very High Risk,Reject,595
0,0.1031354089805266,Low Risk,Manual Review,793
0,0.5122256513062811,Very High Risk,Reject,568
0,0.054402135794700615,Very Low Risk,Approve,820
0,0.07703197022168376,Very Low Risk,Approve,808
0,0.04106092530535291,Very Low Risk,Approve,827
0,0.1155396545646043,Low Risk,Manual Review,786
0,0.22377246308894963,High Risk,Manual Review,727
0,0.043023157627610054,Very Low Risk,Approve,826
0,0.10834123225449233,Low Risk,Manual Review,790
1,0.3718383187086662,Very High Risk,Reject,645
1,0.12743031666121804,Low Risk,Manual Review,780
0,0.11667054490138115,Low Risk,Manual Review,786
0,0.08195415566989075,Very Low Risk,Approve,805
0,0.31338591760785545,Very High Risk,Reject,678
0,0.06606059999538651,Very Low Risk,Approve,814
0,0.10241590162516319,Low Risk,Manual Review,794
0,0.08909100493720287,Low Risk,Approve,801
0,0.2079694871274039,Medium Risk,Manual Review,736
1,0.3471883195249263,Very High Risk,Reject,659
0,0.07992141631246157,Very Low Risk,Approve,806
0,0.3149080387844838,Very High Risk,Reject,677
0,0.01858871462234602,Very Low Risk,Approve,840
0,0.19148181444704118,Medium Risk,Manual Review,745
0,0.10403851355121758,Low Risk,Manual Review,793
0,0.02580559065007656,Very Low Risk,Approve,836
0,0.193768972201872,Medium Risk,Manual Review,743
0,0.12231035753374757,Low Risk,Manual Review,783
0,0.12926623485499625,Low Risk,Manual Review,779
1,0.16872489000474097,Medium Risk,Manual Review,757
0,0.15357775436653692,Medium Risk,Manual Review,766
0,0.11137685104889018,Low Risk,Manual Review,789
0,0.14610900700215548,Medium Risk,Manual Review,770
1,0.17491127018970604,Medium Risk,Manual Review,754
1,0.28767080210400897,High Risk,Reject,692
1,0.1031545132140246,Low Risk,Manual Review,793
0,0.5541483537455558,Very High Risk,Reject,545
0,0.11639257141463175,Low Risk,Manual Review,786
0,0.3790108863034238,Very High Risk,Reject,642
1,0.1984617159031315,Medium Risk,Manual Review,741
0,0.25793161761322264,High Risk,Reject,708
0,0.026476321973869323,Very Low Risk,Approve,835
0,0.074292678507671,Very Low Risk,Approve,809
1,0.3530504794812695,Very High Risk,Reject,656
1,0.2090469317700994,Medium Risk,Manual Review,735
1,0.35548845390518025,Very High Risk,Reject,654
0,0.25491495419082755,High Risk,Reject,710
1,0.05554412283255607,Very Low Risk,Approve,819
0,0.08211069804652261,Very Low Risk,Approve,805
1,0.4928981221933517,Very High Risk,Reject,579
0,0.02088231867756524,Very Low Risk,Approve,839
1,0.15960038221042866,Medium Risk,Manual Review,762
0,0.06449311504016228,Very Low Risk,Approve,815
0,0.17099447110394145,Medium Risk,Manual Review,756
0,0.2835423166167864,High Risk,Reject,694
0,0.2755831509912752,High Risk,Reject,698
0,0.3037544657768635,High Risk,Reject,683
0,0.11220192601924635,Low Risk,Manual Review,788
0,0.1672543793983699,Medium Risk,Manual Review,758
0,0.05878674414837866,Very Low Risk,Approve,818
0,0.09759007351314465,Low Risk,Approve,796
0,0.2702485585344864,High Risk,Reject,701
0,0.3043941010084088,High Risk,Reject,683
0,0.26597282730012806,High Risk,Reject,704
0,0.05822093687764235,Very Low Risk,Approve,818
0,0.19099748608958284,Medium Risk,Manual Review,745
1,0.20636776327521014,Medium Risk,Manual Review,736
1,0.3343841377365199,Very High Risk,Reject,666
0,0.4780147698931204,Very High Risk,Reject,587
0,0.09625050895006759,Low Risk,Approve,797
1,0.26370443597121007,High Risk,Reject,705
0,0.15042806773790537,Medium Risk,Manual Review,767
0,0.16456390648311248,Medium Risk,Manual Review,759
0,0.1036630980254671,Low Risk,Manual Review,793
0,0.24977439637500484,High Risk,Manual Review,713
0,0.059792832056785344,Very Low Risk,Approve,817
0,0.18504626628602613,Medium Risk,Manual Review,748
0,0.2522828772607984,High Risk,Reject,711
0,0.2999294863921575,High Risk,Reject,685
0,0.07368978545607165,Very Low Risk,Approve,809
1,0.26699561686717876,High Risk,Reject,703
0,0.11463742372822522,Low Risk,Manual Review,787
0,0.23952262977035965,High Risk,Manual Review,718
1,0.16794164191128616,Medium Risk,Manual Review,758
0,0.3516652205028855,Very High Risk,Reject,657
0,0.1457324951060788,Low Risk,Manual Review,770
1,0.5051352191805056,Very High Risk,Reject,572
0,0.1059721715594723,Low Risk,Manual Review,792
0,0.16778995629211896,Medium Risk,Manual Review,758
0,0.17814381494315873,Medium Risk,Manual Review,752
0,0.16632113528376258,Medium Risk,Manual Review,759
0,0.14196254615253143,Low Risk,Manual Review,772
0,0.2597184374189426,High Risk,Reject,707
0,0.2638356289234175,High Risk,Reject,705
0,0.16523468281536405,Medium Risk,Manual Review,759
0,0.1057822290827208,Low Risk,Manual Review,792
0,0.28562313321008825,High Risk,Reject,693
0,0.143289429907218,Low Risk,Manual Review,771
0,0.09910051132518395,Low Risk,Approve,795
0,0.2548722725037593,High Risk,Reject,710
1,0.06600048205107548,Very Low Risk,Approve,814
0,0.06342578105618148,Very Low Risk,Approve,815
0,0.12961302178148842,Low Risk,Manual Review,779
0,0.36898280000632105,Very High Risk,Reject,647
0,0.08165771258472519,Very Low Risk,Approve,805
0,0.0683200103494786,Very Low Risk,Approve,812
0,0.12734324678908832,Low Risk,Manual Review,780
0,0.3086173950958201,High Risk,Reject,680
0,0.320515861625343,Very High Risk,Reject,674
0,0.12269576443456083,Low Risk,Manual Review,783
0,0.29122819647437426,High Risk,Reject,690
0,0.33475144413593244,Very High Risk,Reject,666
1,0.41004901449148057,Very High Risk,Reject,624
0,0.27313284866613996,High Risk,Reject,700
0,0.1451126521127921,Low Risk,Manual Review,770
0,0.11596105075214447,Low Risk,Manual Review,786
0,0.2263878021526962,High Risk,Manual Review,725
0,0.26970743989165097,High Risk,Reject,702
0,0.09273445258353771,Low Risk,Approve,799
1,0.24294926740195122,High Risk,Manual Review,716
1,0.41833935078452694,Very High Risk,Reject,620
0,0.12133117781519126,Low Risk,Manual Review,783
0,0.24534680157421213,High Risk,Manual Review,715
1,0.14138968398389992,Low Risk,Manual Review,772
0,0.21158757605591025,Medium Risk,Manual Review,734
0,0.18997042749096343,Medium Risk,Manual Review,746
0,0.3857598758006073,Very High Risk,Reject,638
1,0.25215933100228655,High Risk,Reject,711
0,0.1768740711668454,Medium Risk,Manual Review,753
0,0.36390911945449217,Very High Risk,Reject,650
0,0.35793936874666427,Very High Risk,Reject,653
1,0.2655013043421155,High Risk,Reject,704
0,0.577747980155294,Very High Risk,Reject,532
0,0.04271842606407724,Very Low Risk,Approve,827
0,0.10227563756397387,Low Risk,Manual Review,794
0,0.22275526588542582,High Risk,Manual Review,727
1,0.25510214990067087,High Risk,Reject,710
0,0.1192359471329277,Low Risk,Manual Review,784
1,0.4511543844317513,Very High Risk,Reject,602
0,0.3009198506104276,High Risk,Reject,684
1,0.2892699629623271,High Risk,Reject,691
0,0.1311013220830734,Low Risk,Manual Review,778
0,0.15553310910627371,Medium Risk,Manual Review,764
0,0.1605424825764494,Medium Risk,Manual Review,762
0,0.14628062669513592,Medium Risk,Manual Review,770
0,0.08345187293651035,Very Low Risk,Approve,804
1,0.16017367793948467,Medium Risk,Manual Review,762
0,0.09125062319716258,Low Risk,Approve,800
0,0.06625262685451458,Very Low Risk,Approve,814
0,0.14073584774023137,Low Risk,Manual Review,773
0,0.15732155147269705,Medium Risk,Manual Review,763
0,0.3597144749700231,Very High Risk,Reject,652
0,0.0724489609123706,Very Low Risk,Approve,810
0,0.10060530996200417,Low Risk,Manual Review,795
0,0.04290479989596264,Very Low Risk,Approve,826
0,0.24762775026487824,High Risk,Manual Review,714
0,0.08276438496762996,Very Low Risk,Approve,804
1,0.3508043620654683,Very High Risk,Reject,657
0,0.03963257008601294,Very Low Risk,Approve,828
0,0.10614774016676018,Low Risk,Manual Review,792
1,0.2337990120261928,High Risk,Manual Review,721
0,0.12598617833455647,Low Risk,Manual Review,781
0,0.08867872552745994,Low Risk,Approve,801
0,0.1820241695157364,Medium Risk,Manual Review,750
0,0.228894999353318,High Risk,Manual Review,724
0,0.045620251664372356,Very Low Risk,Approve,825
0,0.135760400879241,Low Risk,Manual Review,775
0,0.07580354343003361,Very Low Risk,Approve,808
0,0.04385908479357091,Very Low Risk,Approve,826
0,0.14163420251786504,Low Risk,Manual Review,772
0,0.16947573515133482,Medium Risk,Manual Review,757
1,0.3745568642900862,Very High Risk,Reject,644
0,0.11041244081987968,Low Risk,Manual Review,789
0,0.07698687431927381,Very Low Risk,Approve,808
0,0.12715984835715655,Low Risk,Manual Review,780
1,0.33618357677417937,Very High Risk,Reject,665
0,0.04204954309195493,Very Low Risk,Approve,827
1,0.22972458036470028,High Risk,Manual Review,724
0,0.3279029190638653,Very High Risk,Reject,670
0,0.10434168642593353,Low Risk,Manual Review,793
1,0.38428778841971417,Very High Risk,Reject,639
0,0.08009159209025515,Very Low Risk,Approve,806
0,0.11384922256924346,Low Risk,Manual Review,787
1,0.1700020100977114,Medium Risk,Manual Review,756
1,0.422316781066079,Very High Risk,Reject,618
0,0.05276966195871385,Very Low Risk,Approve,821
0,0.13974717705496364,Low Risk,Manual Review,773
0,0.17341260677005815,Medium Risk,Manual Review,755
0,0.2530547781481257,High Risk,Reject,711
0,0.3852925512399155,Very High Risk,Reject,638
1,0.3768685035521942,Very High Risk,Reject,643
0,0.11547257163493513,Low Risk,Manual Review,786
0,0.2706075762179622,High Risk,Reject,701
0,0.2358558926120333,High Risk,Manual Review,720
0,0.0436626214628455,Very Low Risk,Approve,826
0,0.22470670863360312,High Risk,Manual Review,726
0,0.02805793848946557,Very Low Risk,Approve,835
1,0.2907737362159749,High Risk,Reject,690
1,0.17011906676072072,Medium Risk,Manual Review,756
0,0.026721729036306274,Very Low Risk,Approve,835
0,0.19461497724469085,Medium Risk,Manual Review,743
0,0.0807152390452491,Very Low Risk,Approve,806
0,0.07063181141734622,Very Low Risk,Approve,811
0,0.03000726153904577,Very Low Risk,Approve,833
0,0.22936406172049936,High Risk,Manual Review,724
0,0.0740086060017877,Very Low Risk,Approve,809
0,0.28269213161122136,High Risk,Reject,695
1,0.06315318555730512,Very Low Risk,Approve,815
0,0.1353419758086593,Low Risk,Manual Review,776
0,0.09714286470676525,Low Risk,Approve,797
1,0.20719942953629233,Medium Risk,Manual Review,736
0,0.07328284295019531,Very Low Risk,Approve,810
0,0.17650286432580672,Medium Risk,Manual Review,753
1,0.17639874618796392,Medium Risk,Manual Review,753
0,0.12737777362467834,Low Risk,Manual Review,780
1,0.2898903954348633,High Risk,Reject,691
0,0.09016744460547495,Low Risk,Approve,800
0,0.36588408064254446,Very High Risk,Reject,649
0,0.06925945256071217,Very Low Risk,Approve,812
0,0.3279198482606085,Very High Risk,Reject,670
0,0.14392940076313562,Low Risk,Manual Review,771
1,0.3856755510225198,Very High Risk,Reject,638
0,0.036190809759763895,Very Low Risk,Approve,830
1,0.12282898974998643,Low Risk,Manual Review,782
0,0.30888044432231654,High Risk,Reject,680
0,0.19804231631985425,Medium Risk,Manual Review,741
0,0.4250836871307287,Very High Risk,Reject,616
0,0.24503464519617252,High Risk,Manual Review,715
0,0.19082248545232727,Medium Risk,Manual Review,745
0,0.17566236360167242,Medium Risk,Manual Review,753
0,0.10975392547203282,Low Risk,Manual Review,790
0,0.04159939134763039,Very Low Risk,Approve,827
0,0.30636463356920207,High Risk,Reject,681
0,0.2427960529862627,High Risk,Manual Review,716
0,0.11403715377213133,Low Risk,Manual Review,787
0,0.299187437128841,High Risk,Reject,685
0,0.17967443183950138,Medium Risk,Manual Review,751
0,0.3110978579330098,High Risk,Reject,679
0,0.42042537392456736,Very High Risk,Reject,619
0,0.09122904028426855,Low Risk,Approve,800
0,0.355416216337529,Very High Risk,Reject,655
0,0.15943000560100032,Medium Risk,Manual Review,762
0,0.195968285817088,Medium Risk,Manual Review,742
0,0.1859688198375032,Medium Risk,Manual Review,748
0,0.24074081727434113,High Risk,Manual Review,718
0,0.06270963081125258,Very Low Risk,Approve,816
0,0.10347132112970679,Low Risk,Manual Review,793
0,0.2204261881952362,High Risk,Manual Review,729
0,0.1967819023456695,Medium Risk,Manual Review,742
0,0.24998651074130598,High Risk,Manual Review,713
0,0.17896713016894866,Medium Risk,Manual Review,752
1,0.26391110734025625,High Risk,Reject,705
0,0.2120685153710276,Medium Risk,Manual Review,733
0,0.18027827966077722,Medium Risk,Manual Review,751
0,0.06684131552277853,Very Low Risk,Approve,813
1,0.33748617669659164,Very High Risk,Reject,664
1,0.19236574335836842,Medium Risk,Manual Review,744
0,0.4659694764176601,Very High Risk,Reject,594
1,0.10077041586302142,Low Risk,Manual Review,795
0,0.4329033581910135,Very High Risk,Reject,612
0,0.12191652294709797,Low Risk,Manual Review,783
0,0.2847402410501976,High Risk,Reject,693
0,0.22944599599376464,High Risk,Manual Review,724
0,0.08240166346456475,Very Low Risk,Approve,805
0,0.1716526000624935,Medium Risk,Manual Review,756
1,0.1469474233386122,Medium Risk,Manual Review,769
0,0.13910227703414457,Low Risk,Manual Review,773
0,0.08563887358225097,Very Low Risk,Approve,803
0,0.11086985555032117,Low Risk,Manual Review,789
1,0.25572808512518025,High Risk,Reject,709
1,0.18713124525934238,Medium Risk,Manual Review,747
0,0.1703201775240104,Medium Risk,Manual Review,756
0,0.15671616306338698,Medium Risk,Manual Review,764
0,0.19992041424572488,Medium Risk,Manual Review,740
0,0.16227215225859037,Medium Risk,Manual Review,761
0,0.02598213628165735,Very Low Risk,Approve,836
1,0.2958034253087716,High Risk,Reject,687
1,0.5075099674101441,Very High Risk,Reject,571
0,0.13217490083212283,Low Risk,Manual Review,777
0,0.18582081509205442,Medium Risk,Manual Review,748
0,0.5412877121410116,Very High Risk,Reject,552
1,0.0676844572415956,Very Low Risk,Approve,813
0,0.30076014711871907,High Risk,Reject,685
0,0.21102094367242727,Medium Risk,Manual Review,734
1,0.4163163913391241,Very High Risk,Reject,621
0,0.028660040128951705,Very Low Risk,Approve,834
0,0.08336540167888075,Very Low Risk,Approve,804
0,0.1057633291687639,Low Risk,Manual Review,792
0,0.35359847622745044,Very High Risk,Reject,656
0,0.19035527349038128,Medium Risk,Manual Review,745
0,0.29734382103577106,High Risk,Reject,686
0,0.23652776863915104,High Risk,Manual Review,720
0,0.27468584627148884,High Risk,Reject,699
0,0.27401003674771307,High Risk,Reject,699
0,0.03541885832142371,Very Low Risk,Approve,831
0,0.12421158836743898,Low Risk,Manual Review,782
0,0.11961609115246541,Low Risk,Manual Review,784
1,0.2772382575374911,High Risk,Reject,698
0,0.21685934854075786,High Risk,Manual Review,731
0,0.2326473681010137,High Risk,Manual Review,722
1,0.44081331008842994,Very High Risk,Reject,608
1,0.29514509061448274,High Risk,Reject,688
0,0.03692923701713883,Very Low Risk,Approve,830
0,0.1667791176178299,Medium Risk,Manual Review,758
1,0.331581952934186,Very High Risk,Reject,668
0,0.2648285455556225,High Risk,Reject,704
0,0.17919932653033194,Medium Risk,Manual Review,751
0,0.048668139346667194,Very Low Risk,Approve,823
0,0.14275012927600525,Low Risk,Manual Review,771
0,0.09264025918234071,Low Risk,Approve,799
1,0.2362861664632817,High Risk,Manual Review,720
0,0.08666318612002129,Very Low Risk,Approve,802
0,0.0817483256470755,Very Low Risk,Approve,805
1,0.2733471104379812,High Risk,Reject,700
0,0.05795572944728086,Very Low Risk,Approve,818
0,0.08954130236493264,Low Risk,Approve,801
0,0.1846045605555888,Medium Risk,Manual Review,748
0,0.09202840810605722,Low Risk,Approve,799
0,0.09943871112847086,Low Risk,Approve,795
0,0.0384590036475454,Very Low Risk,Approve,829
1,0.39660288566770807,Very High Risk,Reject,632
0,0.1551890542234872,Medium Risk,Manual Review,765
0,0.04603170384002896,Very Low Risk,Approve,825
0,0.15352427418410722,Medium Risk,Manual Review,766
1,0.33493685509137927,Very High Risk,Reject,666
1,0.43029551860829107,Very High Risk,Reject,613
0,0.35450337895735534,Very High Risk,Reject,655
0,0.25357382687555735,High Risk,Reject,711
0,0.40806400983998475,Very High Risk,Reject,626
0,0.3198920492035799,Very High Risk,Reject,674
0,0.3214941430937473,Very High Risk,Reject,673
0,0.2300757454777111,High Risk,Manual Review,723
0,0.13527784965379533,Low Risk,Manual Review,776
0,0.3135157360441214,Very High Risk,Reject,678
0,0.1455381467884183,Low Risk,Manual Review,770
1,0.3709756883413532,Very High Risk,Reject,646
1,0.4332564742943369,Very High Risk,Reject,612
0,0.08021639583544282,Very Low Risk,Approve,806
0,0.341782531953448,Very High Risk,Reject,662
0,0.5042921916975653,Very High Risk,Reject,573
0,0.13222675495609482,Low Risk,Manual Review,777
1,0.38180438805179057,Very High Risk,Reject,640
1,0.45976745993195556,Very High Risk,Reject,597
0,0.10694290871400565,Low Risk,Manual Review,791
0,0.11124140012717706,Low Risk,Manual Review,789
0,0.37412248130512693,Very High Risk,Reject,644
0,0.23457375394138702,High Risk,Manual Review,721
0,0.2696878601446967,High Risk,Reject,702
1,0.042725813064093905,Very Low Risk,Approve,827
1,0.2068298042677429,Medium Risk,Manual Review,736
0,0.0803836712143756,Very Low Risk,Approve,806
0,0.23267233585940358,High Risk,Manual Review,722
0,0.10364449237759786,Low Risk,Manual Review,793
0,0.19671473165452688,Medium Risk,Manual Review,742
0,0.05603252778892914,Very Low Risk,Approve,819
0,0.10049604358951081,Low Risk,Manual Review,795
0,0.4521474804981201,Very High Risk,Reject,601
0,0.0481417879208615,Very Low Risk,Approve,824
1,0.1632805950568434,Medium Risk,Manual Review,760
0,0.1514811749008148,Medium Risk,Manual Review,767
0,0.2269234529764222,High Risk,Manual Review,725
0,0.4215560427940436,Very High Risk,Reject,618
0,0.2543856094464569,High Risk,Reject,710
0,0.02807408066215694,Very Low Risk,Approve,835
0,0.4209443037993985,Very High Risk,Reject,618
1,0.5864506608355111,Very High Risk,Reject,527
0,0.16281528616177918,Medium Risk,Manual Review,760
0,0.037762034232517575,Very Low Risk,Approve,829
0,0.11151859186705144,Low Risk,Manual Review,789
0,0.055186065527170355,Very Low Risk,Approve,820
0,0.13286892792038438,Low Risk,Manual Review,777
0,0.021909420749267182,Very Low Risk,Approve,838
0,0.5401428119557894,Very High Risk,Reject,553
0,0.038177521234288664,Very Low Risk,Approve,829
0,0.3243937579387654,Very High Risk,Reject,672
0,0.14289091109438265,Low Risk,Manual Review,771
1,0.5102224890437642,Very High Risk,Reject,569
0,0.2465269169044466,High Risk,Manual Review,714
1,0.440160352817293,Very High Risk,Reject,608
0,0.03294961411944757,Very Low Risk,Approve,832
0,0.2009431115192243,Medium Risk,Manual Review,739
1,0.5785429764347108,Very High Risk,Reject,532
0,0.19561889060137416,Medium Risk,Manual Review,742
0,0.3692818144971817,Very High Risk,Reject,647
0,0.21449727148417183,High Risk,Manual Review,732
0,0.2339479780817676,High Risk,Manual Review,721
0,0.034269842626921364,Very Low Risk,Approve,831
1,0.4021163386202586,Very High Risk,Reject,629
0,0.28838143078971495,High Risk,Reject,691
0,0.17252856225631583,Medium Risk,Manual Review,755
0,0.09759825505364163,Low Risk,Approve,796
0,0.040026184944325145,Very Low Risk,Approve,828
1,0.07101189931867885,Very Low Risk,Approve,811
1,0.40041906743068645,Very High Risk,Reject,630
1,0.567449412426808,Very High Risk,Reject,538
0,0.0931607302180659,Low Risk,Approve,799
0,0.49562632551709074,Very High Risk,Reject,577
1,0.6070918844391192,Very High Risk,Reject,516
0,0.07345470058845988,Very Low Risk,Approve,810
1,0.31732399722481985,Very High Risk,Reject,675
1,0.3827913704938742,Very High Risk,Reject,639
0,0.270754722597133,High Risk,Reject,701
0,0.23455245539630704,High Risk,Manual Review,721
0,0.16982611635048508,Medium Risk,Manual Review,757
0,0.5761454784359205,Very High Risk,Reject,533
1,0.36228810489079316,Very High Risk,Reject,651
0,0.06156940139172901,Very Low Risk,Approve,816
1,0.3679640500752296,Very High Risk,Reject,648
0,0.2791966447079178,High Risk,Reject,696
1,0.3165102568674896,Very High Risk,Reject,676
0,0.1032928214323947,Low Risk,Manual Review,793
0,0.03641963784350332,Very Low Risk,Approve,830
1,0.4900931084240988,Very High Risk,Reject,580
0,0.5291005439896233,Very High Risk,Reject,559
1,0.12330540742803336,Low Risk,Manual Review,782
0,0.0527303984344182,Very Low Risk,Approve,821
0,0.19323639230522505,Medium Risk,Manual Review,744
0,0.1284808202528834,Low Risk,Manual Review,779
0,0.1416157768814182,Low Risk,Manual Review,772
0,0.1258697548758434,Low Risk,Manual Review,781
0,0.10647429858183943,Low Risk,Manual Review,791
1,0.06367335777454247,Very Low Risk,Approve,815
0,0.19937266904093479,Medium Risk,Manual Review,740
0,0.15559272679927286,Medium Risk,Manual Review,764
0,0.09879773849412939,Low Risk,Approve,796
0,0.2977301907689777,High Risk,Reject,686
1,0.2796463812101056,High Risk,Reject,696
0,0.1670332597461065,Medium Risk,Manual Review,758
0,0.4031318460044437,Very High Risk,Reject,628
0,0.3447658536177715,Very High Risk,Reject,660
1,0.46015038559452365,Very High Risk,Reject,597
0,0.03290202653479977,Very Low Risk,Approve,832
0,0.33135295509735657,Very High Risk,Reject,668
0,0.031725792263205765,Very Low Risk,Approve,833
1,0.30095643041422226,High Risk,Reject,684
0,0.08350551827143096,Very Low Risk,Approve,804
0,0.06907801828868251,Very Low Risk,Approve,812
1,0.12311558887077625,Low Risk,Manual Review,782
0,0.1157170692229251,Low Risk,Manual Review,786
0,0.12155411739347488,Low Risk,Manual Review,783
0,0.09144728857093104,Low Risk,Approve,800
0,0.140205859977083,Low Risk,Manual Review,773
0,0.21176874050524933,Medium Risk,Manual Review,734
0,0.07986161771597663,Very Low Risk,Approve,806
0,0.13273044518354818,Low Risk,Manual Review,777
0,0.5394009435175295,Very High Risk,Reject,553
1,0.26561810411311093,High Risk,Reject,704
0,0.3112221072478753,High Risk,Reject,679
0,0.3734930162298001,Very High Risk,Reject,645
1,0.3570891746097224,Very High Risk,Reject,654
1,0.3901412499428856,Very High Risk,Reject,635
0,0.09886729888787886,Low Risk,Approve,796
1,0.2940028039168189,High Risk,Reject,688
0,0.17175276813605886,Medium Risk,Manual Review,756
0,0.2571131061366684,High Risk,Reject,709
0,0.3912612095271423,Very High Risk,Reject,635
0,0.2503145242033616,High Risk,Reject,712
0,0.026586130023425365,Very Low Risk,Approve,835
1,0.10794659074578897,Low Risk,Manual Review,791
0,0.13608250222794033,Low Risk,Manual Review,775
1,0.3126563478172831,Very High Risk,Reject,678
0,0.10670711119984665,Low Risk,Manual Review,791
1,0.5386491856218072,Very High Risk,Reject,554
1,0.5087729203396932,Very High Risk,Reject,570
0,0.403460126540079,Very High Risk,Reject,628
0,0.04873545604068649,Very Low Risk,Approve,823
0,0.18343269769077383,Medium Risk,Manual Review,749
0,0.15257616513171987,Medium Risk,Manual Review,766
0,0.3376855695685155,Very High Risk,Reject,664
0,0.09231370068472376,Low Risk,Approve,799
0,0.4350743996327472,Very High Risk,Reject,611
0,0.17006715045230908,Medium Risk,Manual Review,756
0,0.1397505447556405,Low Risk,Manual Review,773
1,0.14768625509706718,Medium Risk,Manual Review,769
0,0.13132365813994473,Low Risk,Manual Review,778
0,0.11593519098376324,Low Risk,Manual Review,786
0,0.17242150636601097,Medium Risk,Manual Review,755
0,0.27213502177044013,High Risk,Reject,700
0,0.1962399441047892,Medium Risk,Manual Review,742
0,0.5334225187716222,Very High Risk,Reject,557
0,0.194604252692634,Medium Risk,Manual Review,743
0,0.3489740081033213,Very High Risk,Reject,658
1,0.25196009826353155,High Risk,Reject,711
0,0.23915588864027904,High Risk,Manual Review,718
0,0.17851547433545073,Medium Risk,Manual Review,752
0,0.041264846136307494,Very Low Risk,Approve,827
1,0.3407490691178254,Very High Risk,Reject,663
0,0.2320931982718139,High Risk,Manual Review,722
1,0.19969730599826196,Medium Risk,Manual Review,740
1,0.27655240433459644,High Risk,Reject,698
0,0.12839547738818594,Low Risk,Manual Review,779
0,0.11412983637218027,Low Risk,Manual Review,787
0,0.04175405591523981,Very Low Risk,Approve,827
0,0.03419128678952756,Very Low Risk,Approve,831
0,0.17704845225347096,Medium Risk,Manual Review,753
0,0.14661138172905566,Medium Risk,Manual Review,769
0,0.14184156120133767,Low Risk,Manual Review,772
0,0.32205493364111165,Very High Risk,Reject,673
0,0.08623948937683616,Very Low Risk,Approve,803
0,0.22026904310277481,High Risk,Manual Review,729
0,0.17263829137322403,Medium Risk,Manual Review,755
0,0.31770926646532766,Very High Risk,Reject,675
1,0.34845812209037247,Very High Risk,Reject,658
0,0.1723285864131753,Medium Risk,Manual Review,755
0,0.3602206900970114,Very High Risk,Reject,652
0,0.14854810182797326,Medium Risk,Manual Review,768
0,0.33478882088078327,Very High Risk,Reject,666
0,0.22931571494115144,High Risk,Manual Review,724
0,0.0309536150700835,Very Low Risk,Approve,833
0,0.29449697397917785,High Risk,Reject,688
1,0.059759850034596856,Very Low Risk,Approve,817
0,0.1517034619224996,Medium Risk,Manual Review,767
1,0.06619273361182343,Very Low Risk,Approve,814
0,0.06363281453659579,Very Low Risk,Approve,815
0,0.09665433907229051,Low Risk,Approve,797
0,0.2536952719498881,High Risk,Reject,710
0,0.18631180585992346,Medium Risk,Manual Review,748
0,0.08704551302927191,Very Low Risk,Approve,802
0,0.08318172893958514,Very Low Risk,Approve,804
0,0.20824146438538774,Medium Risk,Manual Review,735
0,0.2008584155692273,Medium Risk,Manual Review,740
0,0.07426130026498708,Very Low Risk,Approve,809
0,0.07229481341969234,Very Low Risk,Approve,810
0,0.2323157447392913,High Risk,Manual Review,722
1,0.13126993412719024,Low Risk,Manual Review,778
1,0.28258761019304207,High Risk,Reject,695
0,0.32345386718156544,Very High Risk,Reject,672
0,0.13112426544137298,Low Risk,Manual Review,778
1,0.14985497949558804,Medium Risk,Manual Review,768
0,0.10305795590191894,Low Risk,Manual Review,793
0,0.15132357971037116,Medium Risk,Manual Review,767
1,0.1299333933637562,Low Risk,Manual Review,779
0,0.03696076644918251,Very Low Risk,Approve,830
1,0.1837206780971046,Medium Risk,Manual Review,749
0,0.24852248439765606,High Risk,Manual Review,713
0,0.1514475176895553,Medium Risk,Manual Review,767
0,0.26621184139866433,High Risk,Reject,704
0,0.11991538083285641,Low Risk,Manual Review,784
0,0.22148884049175852,High Risk,Manual Review,728
1,0.23723224736174278,High Risk,Manual Review,720
0,0.27937127924056715,High Risk,Reject,696
0,0.08971346434779648,Low Risk,Approve,801
0,0.28359612897792463,High Risk,Reject,694
0,0.02263579847533805,Very Low Risk,Approve,838
0,0.1959268607242821,Medium Risk,Manual Review,742
0,0.1252181723110505,Low Risk,Manual Review,781
0,0.29493042446826623,High Risk,Reject,688
0,0.18048251302636448,Medium Risk,Manual Review,751
1,0.41406171761164723,Very High Risk,Reject,622
0,0.07026209825197154,Very Low Risk,Approve,811
0,0.1107362535213504,Low Risk,Manual Review,789
0,0.1515011805887561,Medium Risk,Manual Review,767
0,0.20155472790799403,Medium Risk,Manual Review,739
0,0.05889453412117428,Very Low Risk,Approve,818
0,0.2419172522570255,High Risk,Manual Review,717
0,0.12863669630502053,Low Risk,Manual Review,779
1,0.16584988417500066,Medium Risk,Manual Review,759
0,0.17482398896444484,Medium Risk,Manual Review,754
0,0.0411308162426262,Very Low Risk,Approve,827
0,0.16259145465476876,Medium Risk,Manual Review,761
0,0.1700853245943595,Medium Risk,Manual Review,756
0,0.03781957043399231,Very Low Risk,Approve,829
0,0.157136698953711,Medium Risk,Manual Review,764
0,0.27739977481785283,High Risk,Reject,697
0,0.09280686003252635,Low Risk,Approve,799
0,0.06383335042828717,Very Low Risk,Approve,815
0,0.11888715281659007,Low Risk,Manual Review,785
0,0.08943218055386415,Low Risk,Approve,801
0,0.2746965907655889,High Risk,Reject,699
0,0.2872070301714218,High Risk,Reject,692
0,0.13064157315602773,Low Risk,Manual Review,778
0,0.04571970202039684,Very Low Risk,Approve,825
0,0.14961657962836242,Medium Risk,Manual Review,768
1,0.4108891673945524,Very High Risk,Reject,624
1,0.3320587491570976,Very High Risk,Reject,667
0,0.20305277261468657,Medium Risk,Manual Review,738
0,0.03721932265146888,Very Low Risk,Approve,830
0,0.03230510511664791,Very Low Risk,Approve,832
0,0.48139927644632285,Very High Risk,Reject,585
0,0.15459907885758148,Medium Risk,Manual Review,765
1,0.5444603147623546,Very High Risk,Reject,551
0,0.0928173317987185,Low Risk,Approve,799
1,0.1019048607708846,Low Risk,Manual Review,794
0,0.17204008536794604,Medium Risk,Manual Review,755
1,0.2576160099344992,High Risk,Reject,708
0,0.16007697281971447,Medium Risk,Manual Review,762
0,0.28839190029642126,High Risk,Reject,691
0,0.12836529805074895,Low Risk,Manual Review,779
1,0.3662581273411665,Very High Risk,Reject,649
0,0.15919921036854046,Medium Risk,Manual Review,762
0,0.029021006608007563,Very Low Risk,Approve,834
0,0.19606983267177508,Medium Risk,Manual Review,742
0,0.11957673598848909,Low Risk,Manual Review,784
0,0.2934989517602757,High Risk,Reject,689
1,0.16071905937089762,Medium Risk,Manual Review,762
0,0.14902811789969142,Medium Risk,Manual Review,768
0,0.14347528968040732,Low Risk,Manual Review,771
0,0.039502145370755845,Very Low Risk,Approve,828
0,0.24850519521998787,High Risk,Manual Review,713
1,0.38753598215085316,Very High Risk,Reject,637
0,0.15555914846709865,Medium Risk,Manual Review,764
1,0.32914066107442036,Very High Risk,Reject,669
0,0.3304545379528424,Very High Risk,Reject,668
1,0.43320749886553084,Very High Risk,Reject,612
1,0.3530263222807895,Very High Risk,Reject,656
0,0.12957198268149658,Low Risk,Manual Review,779
0,0.07030904570704995,Very Low Risk,Approve,811
0,0.4762536585454595,Very High Risk,Reject,588
1,0.13773327284185227,Low Risk,Manual Review,774
0,0.13185992653397344,Low Risk,Manual Review,777
0,0.13325486116974594,Low Risk,Manual Review,777
0,0.1532859378157491,Medium Risk,Manual Review,766
0,0.10779547170707492,Low Risk,Manual Review,791
0,0.1541877179979313,Medium Risk,Manual Review,765
0,0.3430118942609767,Very High Risk,Reject,661
0,0.03769678851468937,Very Low Risk,Approve,829
0,0.11785413216905016,Low Risk,Manual Review,785
0,0.19295157702230326,Medium Risk,Manual Review,744
0,0.30593937833021667,High Risk,Reject,682
0,0.20573961445073702,Medium Risk,Manual Review,737
0,0.18602438747737762,Medium Risk,Manual Review,748
0,0.36650472303157544,Very High Risk,Reject,648
0,0.24721598143878137,High Risk,Manual Review,714
0,0.32857655554700504,Very High Risk,Reject,669
0,0.08119057828990815,Very Low Risk,Approve,805
1,0.04629832395230085,Very Low Risk,Approve,825
1,0.47655044376908656,Very High Risk,Reject,588
1,0.3167714519712571,Very High Risk,Reject,676
0,0.2753614090015867,High Risk,Reject,699
0,0.19416421215405033,Medium Risk,Manual Review,743
0,0.15754382226992866,Medium Risk,Manual Review,763
0,0.09329623508392633,Low Risk,Approve,799
0,0.31291940351262887,Very High Risk,Reject,678
0,0.231918343990131,High Risk,Manual Review,722
0,0.22847364455757094,High Risk,Manual Review,724
0,0.17974155421107546,Medium Risk,Manual Review,751
0,0.12927081934317441,Low Risk,Manual Review,779
1,0.39121354857836477,Very High Risk,Reject,635
0,0.23509000721485832,High Risk,Manual Review,721
0,0.10721445737247537,Low Risk,Manual Review,791
0,0.200453249233055,Medium Risk,Manual Review,740
0,0.05978356808242667,Very Low Risk,Approve,817
1,0.0974078575136087,Low Risk,Approve,796
1,0.4051870769195786,Very High Risk,Reject,627
1,0.24114638797900986,High Risk,Manual Review,717
0,0.08259698333486203,Very Low Risk,Approve,805
0,0.29693659664390515,High Risk,Reject,687
0,0.31799068843395517,Very High Risk,Reject,675
0,0.2712670429771412,High Risk,Reject,701
0,0.19250147705327433,Medium Risk,Manual Review,744
0,0.24623774954468144,High Risk,Manual Review,715
0,0.2615696792081478,High Risk,Reject,706
0,0.3231370748778937,Very High Risk,Reject,672
0,0.34399428823795775,Very High Risk,Reject,661
0,0.06215148627869872,Very Low Risk,Approve,816
1,0.22368145869886566,High Risk,Manual Review,727
1,0.08112298069482038,Very Low Risk,Approve,805
1,0.13726885908673908,Low Risk,Manual Review,775
0,0.13238311312353201,Low Risk,Manual Review,777
1,0.44305092563653714,Very High Risk,Reject,606
1,0.434481185201993,Very High Risk,Reject,611
0,0.028074705466926454,Very Low Risk,Approve,835
0,0.0632154246824694,Very Low Risk,Approve,815
0,0.455665759242458,Very High Risk,Reject,599
1,0.23757884456971523,High Risk,Manual Review,719
1,0.43392190063180497,Very High Risk,Reject,611
0,0.16285116759613627,Medium Risk,Manual Review,760
0,0.1432334317559005,Low Risk,Manual Review,771
0,0.1334158514159753,Low Risk,Manual Review,777
0,0.14334609467397064,Low Risk,Manual Review,771
1,0.2645171445689466,High Risk,Reject,705
0,0.15758659808325373,Medium Risk,Manual Review,763
0,0.08741434206600687,Low Risk,Approve,802
0,0.29344936173595254,High Risk,Reject,689
0,0.07030155100565222,Very Low Risk,Approve,811
1,0.32799387539075975,Very High Risk,Reject,670
0,0.09111832384748497,Low Risk,Approve,800
1,0.17837950903636515,Medium Risk,Manual Review,752
0,0.09423803534784427,Low Risk,Approve,798
1,0.23264849214386743,High Risk,Manual Review,722
0,0.3100821748738953,High Risk,Reject,679
1,0.42514482015744176,Very High Risk,Reject,616
0,0.22116318284523356,High Risk,Manual Review,728
0,0.059235122297108825,Very Low Risk,Approve,817
0,0.35370228322830777,Very High Risk,Reject,655
0,0.0821972071541173,Very Low Risk,Approve,805
0,0.10170446086505763,Low Risk,Manual Review,794
0,0.2784113370330067,High Risk,Reject,697
0,0.1564732850816913,Medium Risk,Manual Review,764
0,0.18979893485119959,Medium Risk,Manual Review,746
1,0.3026643257244779,High Risk,Reject,684
0,0.30214468830278873,High Risk,Reject,684
0,0.07212362965969704,Very Low Risk,Approve,810
0,0.060083471033529935,Very Low Risk,Approve,817
1,0.5111200492337398,Very High Risk,Reject,569
0,0.11382244684866342,Low Risk,Manual Review,787
0,0.3239407978784574,Very High Risk,Reject,672
0,0.12046656417814389,Low Risk,Manual Review,784
0,0.02971771706199882,Very Low Risk,Approve,834
0,0.268767862584345,High Risk,Reject,702
0,0.09290399630953439,Low Risk,Approve,799
0,0.14458095283245762,Low Risk,Manual Review,770
0,0.15510015715266107,Medium Risk,Manual Review,765
0,0.07818897717181077,Very Low Risk,Approve,807
0,0.05513770259353646,Very Low Risk,Approve,820
0,0.38157885530986085,Very High Risk,Reject,640
1,0.09767077915695403,Low Risk,Approve,796
1,0.10492543640948693,Low Risk,Manual Review,792
0,0.29387493556830263,High Risk,Reject,688
0,0.15770478830219967,Medium Risk,Manual Review,763
0,0.31009810295668927,High Risk,Reject,679
0,0.03490880928975097,Very Low Risk,Approve,831
0,0.19989610497632163,Medium Risk,Manual Review,740
0,0.08543237078887282,Very Low Risk,Approve,803
0,0.13000210529080006,Low Risk,Manual Review,778
0,0.31396399484585535,Very High Risk,Reject,677
0,0.08856718964580425,Low Risk,Approve,801
0,0.1729607272059103,Medium Risk,Manual Review,755
0,0.17213867574620884,Medium Risk,Manual Review,755
1,0.3071939187644284,High Risk,Reject,681
0,0.1462614315347947,Medium Risk,Manual Review,770
0,0.028817483152285692,Very Low Risk,Approve,834
1,0.3485254388486938,Very High Risk,Reject,658
1,0.2736235226269226,High Risk,Reject,700
0,0.1562402948566941,Medium Risk,Manual Review,764
0,0.1773622612078273,Medium Risk,Manual Review,752
0,0.12208847350981344,Low Risk,Manual Review,783
0,0.18476424211320205,Medium Risk,Manual Review,748
1,0.29487588157512706,High Risk,Reject,688
0,0.3259040114573707,Very High Risk,Reject,671
0,0.25580222037991646,High Risk,Reject,709
0,0.2352212162351755,High Risk,Manual Review,721
0,0.486873803380648,Very High Risk,Reject,582
0,0.10911064147912278,Low Risk,Manual Review,790
0,0.25275494486699585,High Risk,Reject,711
0,0.41139435001374813,Very High Risk,Reject,624
0,0.3827955188528419,Very High Risk,Reject,639
0,0.11730320251847576,Low Risk,Manual Review,785
0,0.040104990766844886,Very Low Risk,Approve,828
0,0.10478870192080611,Low Risk,Manual Review,792
0,0.32485866716037376,Very High Risk,Reject,671
0,0.1730663263008143,Medium Risk,Manual Review,755
1,0.4309432666386295,Very High Risk,Reject,613
0,0.07432165782300537,Very Low Risk,Approve,809
0,0.1562391631481453,Medium Risk,Manual Review,764
0,0.15599385034343743,Medium Risk,Manual Review,764
0,0.0703173975678721,Very Low Risk,Approve,811
0,0.451504474969438,Very High Risk,Reject,602
0,0.3728518884318465,Very High Risk,Reject,645
0,0.34613241702207176,Very High Risk,Reject,660
0,0.21262750511256764,Medium Risk,Manual Review,733
1,0.20403054970614687,Medium Risk,Manual Review,738
0,0.050412786737751306,Very Low Risk,Approve,822
1,0.4956994848539222,Very High Risk,Reject,577
0,0.11304570872571765,Low Risk,Manual Review,788
0,0.13073668983585093,Low Risk,Manual Review,778
1,0.4388333054143775,Very High Risk,Reject,609
1,0.4037663442465472,Very High Risk,Reject,628
0,0.11692166571386875,Low Risk,Manual Review,786
0,0.02621729262610983,Very Low Risk,Approve,836
0,0.4787070647930827,Very High Risk,Reject,587
1,0.39943322380840757,Very High Risk,Reject,630
1,0.35921793131722785,Very High Risk,Reject,652
1,0.5166118000761073,Very High Risk,Reject,566
0,0.17739460184091962,Medium Risk,Manual Review,752
0,0.06578528497074727,Very Low Risk,Approve,814
0,0.10759546825354287,Low Risk,Manual Review,791
0,0.19844180053305363,Medium Risk,Manual Review,741
0,0.2922392740496987,High Risk,Reject,689
0,0.23002385835607492,High Risk,Manual Review,723
0,0.32025185498362146,Very High Risk,Reject,674
0,0.12805511239654288,Low Risk,Manual Review,780
0,0.029520178386991225,Very Low Risk,Approve,834
0,0.08897344135708013,Low Risk,Approve,801
0,0.08939345723255329,Low Risk,Approve,801
1,0.25207463155990917,High Risk,Reject,711
0,0.22606126896976642,High Risk,Manual Review,726
0,0.34644714166468416,Very High Risk,Reject,659
1,0.043179132893312586,Very Low Risk,Approve,826
1,0.22647704554909276,High Risk,Manual Review,725
0,0.11716759770870552,Low Risk,Manual Review,786
1,0.3641928584606884,Very High Risk,Reject,650
0,0.22706901526866288,High Risk,Manual Review,725
0,0.027505799967849947,Very Low Risk,Approve,835
0,0.14956338080203568,Medium Risk,Manual Review,768
0,0.17467793362272285,Medium Risk,Manual Review,754
0,0.10974345204757296,Low Risk,Manual Review,790
0,0.3006561663644124,High Risk,Reject,685
1,0.2932556934378631,High Risk,Reject,689
0,0.32520602325962805,Very High Risk,Reject,671
0,0.09767217413863138,Low Risk,Approve,796
0,0.13084522971469137,Low Risk,Manual Review,778
0,0.1993250326996874,Medium Risk,Manual Review,740
0,0.09279819425499276,Low Risk,Approve,799
0,0.16668778480193921,Medium Risk,Manual Review,758
0,0.3580951186985726,Very High Risk,Reject,653
0,0.3408467010636858,Very High Risk,Reject,663
0,0.04587439850349857,Very Low Risk,Approve,825
0,0.2772651039140788,High Risk,Reject,698
0,0.2510777699264078,High Risk,Reject,712
0,0.3807932098347264,Very High Risk,Reject,641
0,0.0631170451302565,Very Low Risk,Approve,815
0,0.46399521863638105,Very High Risk,Reject,595
0,0.13733000724037162,Low Risk,Manual Review,774
0,0.30015710800434087,High Risk,Reject,685
0,0.2522934105300495,High Risk,Reject,711
0,0.1470488540690677,Medium Risk,Manual Review,769
0,0.12140734724671053,Low Risk,Manual Review,783
1,0.2650201735589513,High Risk,Reject,704
0,0.31680259149127826,Very High Risk,Reject,676
0,0.043147973243818,Very Low Risk,Approve,826
0,0.4436761150268414,Very High Risk,Reject,606
1,0.27633282903990497,High Risk,Reject,698
0,0.06924080140661978,Very Low Risk,Approve,812
0,0.04470754683101624,Very Low Risk,Approve,825
0,0.16905801531215084,Medium Risk,Manual Review,757
0,0.12854159164231863,Low Risk,Manual Review,779
1,0.3483793470240897,Very High Risk,Reject,658
0,0.09179005290152693,Low Risk,Approve,800
1,0.3835712009039165,Very High Risk,Reject,639
0,0.06038008490025238,Very Low Risk,Approve,817
1,0.39571066103935437,Very High Risk,Reject,632
1,0.2811909550358756,High Risk,Reject,695
0,0.16277987323351004,Medium Risk,Manual Review,760
0,0.027174552477732657,Very Low Risk,Approve,835
0,0.13516458962561595,Low Risk,Manual Review,776
0,0.3522763826977646,Very High Risk,Reject,656
1,0.13473379608455965,Low Risk,Manual Review,776
0,0.24958858579081875,High Risk,Manual Review,713
0,0.34690559050177644,Very High Risk,Reject,659
0,0.5600161255173131,Very High Risk,Reject,542
0,0.32313915424254647,Very High Risk,Reject,672
1,0.3127987061935088,Very High Risk,Reject,678
1,0.27739600130776154,High Risk,Reject,697
0,0.11295393698256635,Low Risk,Manual Review,788
0,0.09713782130358402,Low Risk,Approve,797
0,0.21255603343644078,Medium Risk,Manual Review,733
1,0.3927256305584311,Very High Risk,Reject,634
0,0.3306299173579711,Very High Risk,Reject,668
1,0.2664903144195079,High Risk,Reject,703
0,0.3222082474275896,Very High Risk,Reject,673
0,0.1643726173706153,Medium Risk,Manual Review,760
0,0.3964441503292824,Very High Risk,Reject,632
0,0.2459770212612578,High Risk,Manual Review,715
0,0.03460751272559238,Very Low Risk,Approve,831
1,0.2512185267578172,High Risk,Reject,712
0,0.04555693711130439,Very Low Risk,Approve,825
1,0.14091636379679465,Low Risk,Manual Review,772
0,0.17052939326136904,Medium Risk,Manual Review,756
0,0.18281557389746075,Medium Risk,Manual Review,749
0,0.08000991622853566,Very Low Risk,Approve,806
0,0.034010188505334694,Very Low Risk,Approve,831
0,0.24367956569337726,High Risk,Manual Review,716
0,0.2629105488167323,High Risk,Reject,705
0,0.23618737257643846,High Risk,Manual Review,720
0,0.021997957015027478,Very Low Risk,Approve,838
1,0.05675805259334191,Very Low Risk,Approve,819
0,0.05358683618267962,Very Low Risk,Approve,821
0,0.13581330241170933,Low Risk,Manual Review,775
0,0.08331465999893638,Very Low Risk,Approve,804
0,0.46835504415219914,Very High Risk,Reject,592
0,0.6305137700616384,Very High Risk,Reject,503
0,0.07943268034070439,Very Low Risk,Approve,806
0,0.04995261876932318,Very Low Risk,Approve,823
0,0.15673519191416746,Medium Risk,Manual Review,764
0,0.301879975603178,High Risk,Reject,684
0,0.286621927575301,High Risk,Reject,692
0,0.27610856938448247,High Risk,Reject,698
0,0.14677424223742433,Medium Risk,Manual Review,769
0,0.16881502632662476,Medium Risk,Manual Review,757
0,0.28007490960978426,High Risk,Reject,696
1,0.12607540594259634,Low Risk,Manual Review,781
0,0.04091844872276291,Very Low Risk,Approve,827
0,0.0808428920641268,Very Low Risk,Approve,806
0,0.36350585164550325,Very High Risk,Reject,650
0,0.2509806164962836,High Risk,Reject,712
0,0.07958531670654279,Very Low Risk,Approve,806
0,0.12289998450792501,Low Risk,Manual Review,782
0,0.08178320492596154,Very Low Risk,Approve,805
0,0.2942158979390321,High Risk,Reject,688
0,0.08289966413921475,Very Low Risk,Approve,804
1,0.308264921834409,High Risk,Reject,680
0,0.043303597687924425,Very Low Risk,Approve,826
0,0.2682492332987259,High Risk,Reject,702
0,0.02344587641603908,Very Low Risk,Approve,837
0,0.11947845266104726,Low Risk,Manual Review,784
0,0.1991381639548629,Medium Risk,Manual Review,740
1,0.4582580417841898,Very High Risk,Reject,598
0,0.359019138599853,Very High Risk,Reject,653
1,0.1367530341549861,Low Risk,Manual Review,775
0,0.19322474949060922,Medium Risk,Manual Review,744
0,0.3516897716650844,Very High Risk,Reject,657
0,0.2613450581215623,High Risk,Reject,706
1,0.26909568386305954,High Risk,Reject,702
1,0.26036807192479683,High Risk,Reject,707
0,0.1557633407213256,Medium Risk,Manual Review,764
0,0.16646642626749458,Medium Risk,Manual Review,758
0,0.2189098418049692,High Risk,Manual Review,730
1,0.5291394796689112,Very High Risk,Reject,559
0,0.23430529991236956,High Risk,Manual Review,721
0,0.24947187868906479,High Risk,Manual Review,713
1,0.2730116257999413,High Risk,Reject,700
0,0.03249160673334075,Very Low Risk,Approve,832
0,0.34327905768612144,Very High Risk,Reject,661
1,0.10709053591066249,Low Risk,Manual Review,791
1,0.3546381822387399,Very High Risk,Reject,655
0,0.14730424354007265,Medium Risk,Manual Review,769
0,0.1519895109644588,Medium Risk,Manual Review,766
1,0.1481877855395835,Medium Risk,Manual Review,768
0,0.2261825317646446,High Risk,Manual Review,726
0,0.12198073165650228,Low Risk,Manual Review,783
1,0.05187098920000158,Very Low Risk,Approve,821
0,0.17037025783588866,Medium Risk,Manual Review,756
0,0.25906919004295986,High Risk,Reject,708
0,0.2284578350746652,High Risk,Manual Review,724
0,0.09391888842083977,Low Risk,Approve,798
0,0.3299096036141954,Very High Risk,Reject,669
0,0.2721336908315817,High Risk,Reject,700
0,0.16149913406398747,Medium Risk,Manual Review,761
0,0.1794469856624752,Medium Risk,Manual Review,751
0,0.5817815504472671,Very High Risk,Reject,530
0,0.14399465695769198,Low Risk,Manual Review,771
0,0.02133759145837649,Very Low Risk,Approve,838
0,0.03945296989540873,Very Low Risk,Approve,828
0,0.17415757229842557,Medium Risk,Manual Review,754
0,0.1195326127018162,Low Risk,Manual Review,784
1,0.2617019200122101,High Risk,Reject,706
0,0.17225347998027057,Medium Risk,Manual Review,755
0,0.42935527397702905,Very High Risk,Reject,614
0,0.05474366875833248,Very Low Risk,Approve,820
0,0.09561442867474099,Low Risk,Approve,797
1,0.21152557755562393,Medium Risk,Manual Review,734
1,0.051996044343270015,Very Low Risk,Approve,821
0,0.07488297235922632,Very Low Risk,Approve,809
0,0.2400362058212583,High Risk,Manual Review,718
0,0.231380746063534,High Risk,Manual Review,723
0,0.13660615348655944,Low Risk,Manual Review,775
0,0.043625695169991485,Very Low Risk,Approve,826
0,0.08624576250138422,Very Low Risk,Approve,803
0,0.028038510799911504,Very Low Risk,Approve,835
0,0.10015302825667237,Low Risk,Manual Review,795
0,0.2749870564527331,High Risk,Reject,699
0,0.34965129203628637,Very High Risk,Reject,658
1,0.22692771072489312,High Risk,Manual Review,725
0,0.05016504644468941,Very Low Risk,Approve,822
0,0.5906815089688195,Very High Risk,Reject,525
0,0.18420389585645267,Medium Risk,Manual Review,749
0,0.26199757460418344,High Risk,Reject,706
1,0.24827375502332721,High Risk,Manual Review,713
0,0.16482803457683723,Medium Risk,Manual Review,759
0,0.34111838464444316,Very High Risk,Reject,662
0,0.282322170574064,High Risk,Reject,695
1,0.3724866901755596,Very High Risk,Reject,645
0,0.1316922390352123,Low Risk,Manual Review,778
0,0.10570601851871557,Low Risk,Manual Review,792
0,0.13559636149920135,Low Risk,Manual Review,775
0,0.08693057498742772,Very Low Risk,Approve,802
1,0.22263824611425342,High Risk,Manual Review,728
1,0.3149283713716707,Very High Risk,Reject,677
0,0.23842668736929606,High Risk,Manual Review,719
0,0.05028384201764964,Very Low Risk,Approve,822
1,0.21677786019301312,High Risk,Manual Review,731
0,0.08278479721072467,Very Low Risk,Approve,804
0,0.28842446439235303,High Risk,Reject,691
0,0.043608186572010633,Very Low Risk,Approve,826
1,0.3127459498187201,Very High Risk,Reject,678
0,0.11359158290273268,Low Risk,Manual Review,788
0,0.13907468533463777,Low Risk,Manual Review,774
0,0.08362516975193471,Very Low Risk,Approve,804
1,0.21697750494967752,High Risk,Manual Review,731
0,0.04563171247977629,Very Low Risk,Approve,825
0,0.1978087158351538,Medium Risk,Manual Review,741
0,0.08053539358999992,Very Low Risk,Approve,806
0,0.04765722633503946,Very Low Risk,Approve,824
0,0.18692252629094486,Medium Risk,Manual Review,747
1,0.2219199299556349,High Risk,Manual Review,728
1,0.35057923173034417,Very High Risk,Reject,657
0,0.09583535698304278,Low Risk,Approve,797
0,0.021306685290087744,Very Low Risk,Approve,838
1,0.237522737397225,High Risk,Manual Review,719
1,0.5136438932975171,Very High Risk,Reject,567
0,0.11806810150652144,Low Risk,Manual Review,785
1,0.31847516282385996,Very High Risk,Reject,675
0,0.21723309374505453,High Risk,Manual Review,731
1,0.058843193359631875,Very Low Risk,Approve,818
0,0.18523334972124023,Medium Risk,Manual Review,748
0,0.019153110145245417,Very Low Risk,Approve,839
1,0.1181334920859386,Low Risk,Manual Review,785
1,0.13631342650379133,Low Risk,Manual Review,775
0,0.3923241942800999,Very High Risk,Reject,634
0,0.20221414181904385,Medium Risk,Manual Review,739
0,0.2525373114229946,High Risk,Reject,711
1,0.2529796339716745,High Risk,Reject,711
0,0.07505202021664265,Very Low Risk,Approve,809
0,0.12719323663006551,Low Risk,Manual Review,780
0,0.051091370003255865,Very Low Risk,Approve,822
1,0.09998416422416545,Low Risk,Approve,795
1,0.32644168876471585,Very High Risk,Reject,670
1,0.12673791102544935,Low Risk,Manual Review,780
0,0.0586355576010086,Very Low Risk,Approve,818
1,0.22397627159839234,High Risk,Manual Review,727
1,0.21084929877714798,Medium Risk,Manual Review,734
0,0.24723032903570083,High Risk,Manual Review,714
0,0.1658477764638966,Medium Risk,Manual Review,759
0,0.3015487346966623,High Risk,Reject,684
0,0.2623826350606964,High Risk,Reject,706
0,0.36799649758080893,Very High Risk,Reject,648
0,0.13497848132739443,Low Risk,Manual Review,776
0,0.22098349627108038,High Risk,Manual Review,728
0,0.16128426571314422,Medium Risk,Manual Review,761
0,0.36008710223633716,Very High Risk,Reject,652
1,0.1430235765199961,Low Risk,Manual Review,771
0,0.1214187784131249,Low Risk,Manual Review,783
0,0.22316634441023564,High Risk,Manual Review,727
1,0.6554741175105044,Very High Risk,Reject,489
0,0.024197871132748714,Very Low Risk,Approve,837
0,0.13202194502750628,Low Risk,Manual Review,777
0,0.17578164620202377,Medium Risk,Manual Review,753
1,0.44176492280665197,Very High Risk,Reject,607
0,0.06968788942099072,Very Low Risk,Approve,812
1,0.3905648526162772,Very High Risk,Reject,635
0,0.45749144088587224,Very High Risk,Reject,598
1,0.21508655786264486,High Risk,Manual Review,732
0,0.09366480676970963,Low Risk,Approve,798
0,0.1688644013344512,Medium Risk,Manual Review,757
1,0.2091719135517365,Medium Risk,Manual Review,735
0,0.2849025389309743,High Risk,Reject,693
0,0.03452744645923901,Very Low Risk,Approve,831
0,0.05677734987456642,Very Low Risk,Approve,819
0,0.07193054459544201,Very Low Risk,Approve,810
0,0.1188162194605977,Low Risk,Manual Review,785
0,0.24515730963365204,High Risk,Manual Review,715
1,0.299824757431474,High Risk,Reject,685
0,0.031765294974093354,Very Low Risk,Approve,833
1,0.3629687234368592,Very High Risk,Reject,650
1,0.15768822677866304,Medium Risk,Manual Review,763
0,0.24885949788247164,High Risk,Manual Review,713
1,0.20137373899315944,Medium Risk,Manual Review,739
0,0.10417021815761629,Low Risk,Manual Review,793
0,0.24444360788660624,High Risk,Manual Review,716
1,0.31648645891724614,Very High Risk,Reject,676
0,0.03373715733166066,Very Low Risk,Approve,831
0,0.4028781624435714,Very High Risk,Reject,628
0,0.07364195234407957,Very Low Risk,Approve,809
0,0.07760517508329495,Very Low Risk,Approve,807
1,0.44618554254194615,Very High Risk,Reject,605
0,0.24226766976539976,High Risk,Manual Review,717
0,0.086655809557836,Very Low Risk,Approve,802
0,0.043458812597771075,Very Low Risk,Approve,826
0,0.17978363559896723,Medium Risk,Manual Review,751
0,0.339912234648955,Very High Risk,Reject,663
0,0.047284490626404045,Very Low Risk,Approve,824
0,0.04758159273932614,Very Low Risk,Approve,824
0,0.43610587137898715,Very High Risk,Reject,610
0,0.19575484767403598,Medium Risk,Manual Review,742
0,0.13831272662311755,Low Risk,Manual Review,774
0,0.5570487816326942,Very High Risk,Reject,544
0,0.05662200471131156,Very Low Risk,Approve,819
0,0.19137033318368382,Medium Risk,Manual Review,745
0,0.1465314831480404,Medium Risk,Manual Review,769
0,0.10476553007739545,Low Risk,Manual Review,792
0,0.22382142678521147,High Risk,Manual Review,727
0,0.39611212793280837,Very High Risk,Reject,632
0,0.31090839514937035,High Risk,Reject,679
0,0.031088894850806084,Very Low Risk,Approve,833
1,0.5662280853550046,Very High Risk,Reject,539
0,0.31339635228837204,Very High Risk,Reject,678
1,0.1864591870606026,Medium Risk,Manual Review,747
0,0.14116915732459315,Low Risk,Manual Review,772
0,0.04892574520731028,Very Low Risk,Approve,823
0,0.2738342214812447,High Risk,Reject,699
0,0.08077399400637361,Very Low Risk,Approve,806
0,0.12638938360997937,Low Risk,Manual Review,780
1,0.14805001350445687,Medium Risk,Manual Review,769
0,0.19339305660701717,Medium Risk,Manual Review,744
0,0.24690634047538798,High Risk,Manual Review,714
0,0.17087665413371989,Medium Risk,Manual Review,756
0,0.11574751421919466,Low Risk,Manual Review,786
1,0.20901762316947337,Medium Risk,Manual Review,735
0,0.08589549870854489,Very Low Risk,Approve,803
0,0.2810458562113689,High Risk,Reject,695
0,0.27241477406325987,High Risk,Reject,700
0,0.10830350027048392,Low Risk,Manual Review,790
0,0.2534577875453382,High Risk,Reject,711
1,0.264383512798187,High Risk,Reject,705
1,0.14876056555389777,Medium Risk,Manual Review,768
0,0.16562197742986998,Medium Risk,Manual Review,759
1,0.298017815480182,High Risk,Reject,686
0,0.5758492357730576,Very High Risk,Reject,533
0,0.10111207971327058,Low Risk,Manual Review,794
0,0.05011508676878238,Very Low Risk,Approve,822
0,0.603596013163687,Very High Risk,Reject,518
0,0.12452124383137786,Low Risk,Manual Review,782
0,0.2690800897812953,High Risk,Reject,702
0,0.08880731939364421,Low Risk,Approve,801
0,0.14731800577360324,Medium Risk,Manual Review,769
0,0.06160438962727423,Very Low Risk,Approve,816
0,0.22927178550879548,High Risk,Manual Review,724
1,0.2897057356416904,High Risk,Reject,691
0,0.2923557651982486,High Risk,Reject,689
1,0.17308708514876692,Medium Risk,Manual Review,755
1,0.10489075633835075,Low Risk,Manual Review,792
0,0.15910846904756687,Medium Risk,Manual Review,762
0,0.05823641911024412,Very Low Risk,Approve,818
1,0.2477209099167546,High Risk,Manual Review,714
0,0.08555424135370437,Very Low Risk,Approve,803
0,0.12822502030940877,Low Risk,Manual Review,779
1,0.1958217012736993,Medium Risk,Manual Review,742
0,0.14579010275396578,Low Risk,Manual Review,770
1,0.19663177851327518,Medium Risk,Manual Review,742
0,0.049065252499291244,Very Low Risk,Approve,823
0,0.23716606737483698,High Risk,Manual Review,720
0,0.2795875942871701,High Risk,Reject,696
0,0.2593092597830352,High Risk,Reject,707
1,0.19315199786950832,Medium Risk,Manual Review,744
0,0.17674307046319757,Medium Risk,Manual Review,753
1,0.19184416268969778,Medium Risk,Manual Review,744
0,0.17523376099258176,Medium Risk,Manual Review,754
0,0.0808910529677274,Very Low Risk,Approve,806
0,0.21943139831061387,High Risk,Manual Review,729
0,0.14650993974236573,Medium Risk,Manual Review,769
0,0.20712555740676405,Medium Risk,Manual Review,736
1,0.15725108442701102,Medium Risk,Manual Review,764
0,0.12042698903876135,Low Risk,Manual Review,784
1,0.2150439506685705,High Risk,Manual Review,732
0,0.13481845527969286,Low Risk,Manual Review,776
0,0.18018306260652053,Medium Risk,Manual Review,751
0,0.13321688090706482,Low Risk,Manual Review,777
1,0.08617384135744766,Very Low Risk,Approve,803
0,0.04696752916565417,Very Low Risk,Approve,824
0,0.04122745416570135,Very Low Risk,Approve,827
0,0.19122700957339697,Medium Risk,Manual Review,745
0,0.316934363246998,Very High Risk,Reject,676
0,0.1608593366801541,Medium Risk,Manual Review,762
0,0.30296813873594286,High Risk,Reject,683
0,0.25311110271043025,High Risk,Reject,711
0,0.1569729866300652,Medium Risk,Manual Review,764
0,0.21363910983299797,High Risk,Manual Review,732
0,0.1556826748506642,Medium Risk,Manual Review,764
0,0.14100671801992393,Low Risk,Manual Review,772
1,0.03815417192767367,Very Low Risk,Approve,829
0,0.1930416049352104,Medium Risk,Manual Review,744
0,0.029312589262790248,Very Low Risk,Approve,834
1,0.5819610078584221,Very High Risk,Reject,530
1,0.411206127335337,Very High Risk,Reject,624
0,0.13899322258273783,Low Risk,Manual Review,774
0,0.11931549435394954,Low Risk,Manual Review,784
0,0.08105927085947184,Very Low Risk,Approve,805
0,0.27683669457990595,High Risk,Reject,698
0,0.14244776292237243,Low Risk,Manual Review,772
1,0.4452911933202453,Very High Risk,Reject,605
0,0.08987061695477808,Low Risk,Approve,801
0,0.10432750909680251,Low Risk,Manual Review,793
0,0.2810267789468441,High Risk,Reject,695
0,0.05701279223166242,Very Low Risk,Approve,819
1,0.2745973041459275,High Risk,Reject,699
1,0.5014143233327754,Very High Risk,Reject,574
1,0.16823446732405054,Medium Risk,Manual Review,757
0,0.23873145904550971,High Risk,Manual Review,719
0,0.13663392348391898,Low Risk,Manual Review,775
0,0.17893982663579597,Medium Risk,Manual Review,752
0,0.031466113564694566,Very Low Risk,Approve,833
0,0.03573312729773793,Very Low Risk,Approve,830
0,0.08946770474437747,Low Risk,Approve,801
0,0.22817526105742136,High Risk,Manual Review,725
0,0.04817820920430379,Very Low Risk,Approve,824
1,0.10965112265658682,Low Risk,Manual Review,790
0,0.5200233359186356,Very High Risk,Reject,564
1,0.19884600707052022,Medium Risk,Manual Review,741
0,0.1956647629735806,Medium Risk,Manual Review,742
0,0.1569007086726054,Medium Risk,Manual Review,764
0,0.04271908794219598,Very Low Risk,Approve,827
0,0.05446011694806654,Very Low Risk,Approve,820
0,0.2701602420293136,High Risk,Reject,701
0,0.1574853032726827,Medium Risk,Manual Review,763
0,0.3391821820314892,Very High Risk,Reject,663
0,0.16498006953813724,Medium Risk,Manual Review,759
0,0.2792964459632684,High Risk,Reject,696
1,0.2420958542884102,High Risk,Manual Review,717
0,0.45683699817959295,Very High Risk,Reject,599
1,0.3769922960046497,Very High Risk,Reject,643
0,0.18317567663545412,Medium Risk,Manual Review,749
0,0.10848335154804331,Low Risk,Manual Review,790
1,0.16146392784206168,Medium Risk,Manual Review,761
0,0.1971359442652813,Medium Risk,Manual Review,742
0,0.052621238582650526,Very Low Risk,Approve,821
0,0.03890882971839352,Very Low Risk,Approve,829
0,0.03574845159847018,Very Low Risk,Approve,830
0,0.15423213121344537,Medium Risk,Manual Review,765
1,0.41533311904001496,Very High Risk,Reject,622
0,0.21102936052943386,Medium Risk,Manual Review,734
0,0.055315550472241425,Very Low Risk,Approve,820
1,0.12918770304225202,Low Risk,Manual Review,779
0,0.06978644581421488,Very Low Risk,Approve,812
0,0.24894994824607378,High Risk,Manual Review,713
0,0.02768340411338259,Very Low Risk,Approve,835
0,0.0946983938784555,Low Risk,Approve,798
0,0.05167919696527378,Very Low Risk,Approve,822
0,0.07031215057341642,Very Low Risk,Approve,811
0,0.19650366348877754,Medium Risk,Manual Review,742
1,0.4464304145837575,Very High Risk,Reject,604
0,0.14253085926358877,Low Risk,Manual Review,772
1,0.38966778957725506,Very High Risk,Reject,636
0,0.4027182593796062,Very High Risk,Reject,629
0,0.40864192221052964,Very High Risk,Reject,625
0,0.07651194058005764,Very Low Risk,Approve,808
0,0.2041046276797581,Medium Risk,Manual Review,738
1,0.38292155906666325,Very High Risk,Reject,639
1,0.05934378878476756,Very Low Risk,Approve,817
0,0.22808534132451877,High Risk,Manual Review,725
0,0.21177931684810306,Medium Risk,Manual Review,734
0,0.15523164400643477,Medium Risk,Manual Review,765
0,0.13554700505679576,Low Risk,Manual Review,775
0,0.2638895097899382,High Risk,Reject,705
0,0.2661387414036763,High Risk,Reject,704
1,0.18687422553515093,Medium Risk,Manual Review,747
1,0.37510408350811913,Very High Risk,Reject,644
0,0.1305878059895073,Low Risk,Manual Review,778
1,0.1527226798715911,Medium Risk,Manual Review,766
1,0.12492732999539549,Low Risk,Manual Review,781
0,0.1768123730905196,Medium Risk,Manual Review,753
0,0.13343715397988695,Low Risk,Manual Review,777
0,0.08129334662456554,Very Low Risk,Approve,805
0,0.09381890046896656,Low Risk,Approve,798
0,0.19176150783206758,Medium Risk,Manual Review,745
0,0.20711316143238265,Medium Risk,Manual Review,736
0,0.2245990454584753,High Risk,Manual Review,726
0,0.16496436132619458,Medium Risk,Manual Review,759
0,0.25954373953728593,High Risk,Reject,707
0,0.18195899132991536,Medium Risk,Manual Review,750
0,0.2392813560226161,High Risk,Manual Review,718
0,0.14810138481700283,Medium Risk,Manual Review,769
0,0.05338521863224672,Very Low Risk,Approve,821
0,0.1857995569299247,Medium Risk,Manual Review,748
0,0.12650788561118073,Low Risk,Manual Review,780
0,0.22055877984859268,High Risk,Manual Review,729
0,0.19812573228328342,Medium Risk,Manual Review,741
0,0.28745914703482184,High Risk,Reject,692
0,0.16827925682387193,Medium Risk,Manual Review,757
1,0.24469849804005575,High Risk,Manual Review,715
0,0.28254315378937866,High Risk,Reject,695
1,0.23575828163661955,High Risk,Manual Review,720
0,0.20191992736174527,Medium Risk,Manual Review,739
0,0.06234519897000031,Very Low Risk,Approve,816
0,0.270015984783603,High Risk,Reject,701
1,0.4520763471020138,Very High Risk,Reject,601
0,0.10355316960525889,Low Risk,Manual Review,793
0,0.23519870374590934,High Risk,Manual Review,721
0,0.41308147014461305,Very High Risk,Reject,623
1,0.3526403947614768,Very High Risk,Reject,656
0,0.07113755118086537,Very Low Risk,Approve,811
0,0.17073369834579444,Medium Risk,Manual Review,756
0,0.5693455909853763,Very High Risk,Reject,537
0,0.27149337319581496,High Risk,Reject,701
0,0.12507527018595418,Low Risk,Manual Review,781
0,0.21395281641364552,High Risk,Manual Review,732
0,0.10073279058650866,Low Risk,Manual Review,795
0,0.098850969955054,Low Risk,Approve,796
0,0.12301766134124922,Low Risk,Manual Review,782
1,0.14128433768257068,Low Risk,Manual Review,772
0,0.0995735040105549,Low Risk,Approve,795
1,0.33650137079920467,Very High Risk,Reject,665
0,0.1851009569546004,Medium Risk,Manual Review,748
0,0.15673720758121376,Medium Risk,Manual Review,764
1,0.22844256640589017,High Risk,Manual Review,724
0,0.030080357347225285,Very Low Risk,Approve,833
0,0.23427715502888397,High Risk,Manual Review,721
0,0.11186775773163088,Low Risk,Manual Review,788
0,0.29297074750291696,High Risk,Reject,689
1,0.610671849805264,Very High Risk,Reject,514
0,0.2229275484508172,High Risk,Manual Review,727
0,0.2607757351028972,High Risk,Reject,707
0,0.09602743539434032,Low Risk,Approve,797
0,0.31434590614232044,Very High Risk,Reject,677
0,0.08623770522676502,Very Low Risk,Approve,803
0,0.30460650174284176,High Risk,Reject,682
0,0.11632729803320466,Low Risk,Manual Review,786
1,0.48627937935731624,Very High Risk,Reject,583
0,0.029000484537376615,Very Low Risk,Approve,834
1,0.13315463555321494,Low Risk,Manual Review,777
0,0.052403838400682565,Very Low Risk,Approve,821
0,0.29373734261514367,High Risk,Reject,688
1,0.3628646563128518,Very High Risk,Reject,650
0,0.24045743205784104,High Risk,Manual Review,718
1,0.3139635958062932,Very High Risk,Reject,677
0,0.06147272418604171,Very Low Risk,Approve,816
0,0.19438466976286584,Medium Risk,Manual Review,743
0,0.08132080687439557,Very Low Risk,Approve,805
0,0.07074810238084608,Very Low Risk,Approve,811
0,0.4987909282822225,Very High Risk,Reject,576
0,0.2114035670326156,Medium Risk,Manual Review,734
0,0.16928635537403308,Medium Risk,Manual Review,757
0,0.2853737889872018,High Risk,Reject,693
1,0.16447802587156332,Medium Risk,Manual Review,760
0,0.12221501962321552,Low Risk,Manual Review,783
0,0.34408284929879124,Very High Risk,Reject,661
0,0.1216566568394246,Low Risk,Manual Review,783
0,0.20027912733940928,Medium Risk,Manual Review,740
0,0.15952271080821026,Medium Risk,Manual Review,762
1,0.3838744107874063,Very High Risk,Reject,639
0,0.04895121141610012,Very Low Risk,Approve,823
1,0.1607086433778566,Medium Risk,Manual Review,762
0,0.04996919724657088,Very Low Risk,Approve,823
1,0.0909980912666448,Low Risk,Approve,800
0,0.2758442812330235,High Risk,Reject,698
1,0.3458265097077187,Very High Risk,Reject,660
0,0.03803803846112515,Very Low Risk,Approve,829
0,0.4190855552237067,Very High Risk,Reject,620
0,0.09890849690031957,Low Risk,Approve,796
0,0.5929019185733482,Very High Risk,Reject,524
0,0.20678597084571002,Medium Risk,Manual Review,736
0,0.07988540697351015,Very Low Risk,Approve,806
0,0.20939256088815317,Medium Risk,Manual Review,735
1,0.07197238388204123,Very Low Risk,Approve,810
0,0.06257973820050347,Very Low Risk,Approve,816
1,0.1291884160352844,Low Risk,Manual Review,779
0,0.2110197946015455,Medium Risk,Manual Review,734
0,0.448985962604647,Very High Risk,Reject,603
0,0.028985816999123223,Very Low Risk,Approve,834
0,0.1911841981129051,Medium Risk,Manual Review,745
0,0.30935944019598305,High Risk,Reject,680
0,0.0437796476850937,Very Low Risk,Approve,826
0,0.21203743438566905,Medium Risk,Manual Review,733
0,0.15200935743967656,Medium Risk,Manual Review,766
0,0.18553887781430103,Medium Risk,Manual Review,748
0,0.2881930612685417,High Risk,Reject,691
0,0.20916525552144397,Medium Risk,Manual Review,735
1,0.3919650361432985,Very High Risk,Reject,634
1,0.37319800486901095,Very High Risk,Reject,645
0,0.12495567394705635,Low Risk,Manual Review,781
0,0.3952336834451133,Very High Risk,Reject,633
0,0.03993595315567863,Very Low Risk,Approve,828
0,0.040680158458929486,Very Low Risk,Approve,828
1,0.14046253134768796,Low Risk,Manual Review,773
1,0.4610996347399342,Very High Risk,Reject,596
0,0.07566131371930436,Very Low Risk,Approve,808
0,0.37097429252771763,Very High Risk,Reject,646
0,0.03791104832073333,Very Low Risk,Approve,829
0,0.46206595772482256,Very High Risk,Reject,596
0,0.10496003361001302,Low Risk,Manual Review,792
0,0.29960091311593523,High Risk,Reject,685
0,0.2231959329480053,High Risk,Manual Review,727
0,0.07871162695869553,Very Low Risk,Approve,807
0,0.12271367889725704,Low Risk,Manual Review,783
0,0.12490388505098785,Low Risk,Manual Review,781
0,0.040641800183190885,Very Low Risk,Approve,828
0,0.0369023502673211,Very Low Risk,Approve,830
0,0.4822009640278045,Very High Risk,Reject,585
0,0.03035747571532754,Very Low Risk,Approve,833
0,0.047154687409614614,Very Low Risk,Approve,824
0,0.17445793733874748,Medium Risk,Manual Review,754
0,0.07002953997934563,Very Low Risk,Approve,811
0,0.05987776366762078,Very Low Risk,Approve,817
0,0.07021924608700753,Very Low Risk,Approve,811
0,0.3038580035903501,High Risk,Reject,683
0,0.09577547502967845,Low Risk,Approve,797
1,0.43531525882064237,Very High Risk,Reject,611
0,0.1734317746054095,Medium Risk,Manual Review,755
1,0.3451315849857111,Very High Risk,Reject,660
1,0.3742278166966094,Very High Risk,Reject,644
0,0.33430935257621475,Very High Risk,Reject,666
0,0.33303465990994346,Very High Risk,Reject,667
0,0.48680072258587537,Very High Risk,Reject,582
0,0.03151507973345874,Very Low Risk,Approve,833
0,0.05896628204862602,Very Low Risk,Approve,818
1,0.663912386464455,Very High Risk,Reject,485
0,0.18930990460517896,Medium Risk,Manual Review,746
0,0.15775625043302643,Medium Risk,Manual Review,763
1,0.6018399895567406,Very High Risk,Reject,519
0,0.2093770517180915,Medium Risk,Manual Review,735
0,0.21962809792297056,High Risk,Manual Review,729
0,0.3752208829653365,Very High Risk,Reject,644
0,0.1192258761330841,Low Risk,Manual Review,784
0,0.14063538377041832,Low Risk,Manual Review,773
0,0.11343078619690042,Low Risk,Manual Review,788
0,0.3447531205366617,Very High Risk,Reject,660
0,0.18706586202164543,Medium Risk,Manual Review,747
0,0.03113874965051381,Very Low Risk,Approve,833
0,0.07410861509127888,Very Low Risk,Approve,809
0,0.07363887355896047,Very Low Risk,Approve,809
0,0.23696172199478083,High Risk,Manual Review,720
0,0.05083695266197659,Very Low Risk,Approve,822
0,0.028740248511718955,Very Low Risk,Approve,834
0,0.0627681794282302,Very Low Risk,Approve,815
0,0.11094098082881118,Low Risk,Manual Review,789
0,0.06844876966606973,Very Low Risk,Approve,812
0,0.17359740310868316,Medium Risk,Manual Review,755
1,0.24870886721785582,High Risk,Manual Review,713
0,0.1607942954387547,Medium Risk,Manual Review,762
0,0.16026436701468402,Medium Risk,Manual Review,762
0,0.27867005910243314,High Risk,Reject,697
1,0.26692325655549354,High Risk,Reject,703
0,0.14559579562430547,Low Risk,Manual Review,770
0,0.10897255227810021,Low Risk,Manual Review,790
1,0.3954635262566693,Very High Risk,Reject,632
1,0.3414735576542543,Very High Risk,Reject,662
0,0.17122740442041248,Medium Risk,Manual Review,756
0,0.3439081316113164,Very High Risk,Reject,661
0,0.2616481339864639,High Risk,Reject,706
0,0.36702227598766124,Very High Risk,Reject,648
1,0.48148527249871215,Very High Risk,Reject,585
0,0.22513382916067165,High Risk,Manual Review,726
0,0.3515182257622279,Very High Risk,Reject,657
0,0.47785038629534965,Very High Risk,Reject,587
0,0.23272448055095224,High Risk,Manual Review,722
0,0.20499680687355662,Medium Risk,Manual Review,737
0,0.03360363420975243,Very Low Risk,Approve,832
0,0.06319976360847067,Very Low Risk,Approve,815
1,0.16094712325953314,Medium Risk,Manual Review,761
0,0.24084653960650676,High Risk,Manual Review,718
0,0.27023199584079155,High Risk,Reject,701
0,0.14734488149989175,Medium Risk,Manual Review,769
0,0.11700362085146777,Low Risk,Manual Review,786
0,0.16068135104698228,Medium Risk,Manual Review,762
0,0.04342586830703653,Very Low Risk,Approve,826
0,0.07649441049750637,Very Low Risk,Approve,808
0,0.24339440453053535,High Risk,Manual Review,716
0,0.22471885135185388,High Risk,Manual Review,726
0,0.376577615513678,Very High Risk,Reject,643
0,0.17256720510111592,Medium Risk,Manual Review,755
0,0.04375637357704611,Very Low Risk,Approve,826
0,0.23871478557059006,High Risk,Manual Review,719
0,0.10524234414584202,Low Risk,Manual Review,792
0,0.487755068611405,Very High Risk,Reject,582
1,0.4872581488154657,Very High Risk,Reject,582
0,0.2835412444296692,High Risk,Reject,694
0,0.2502876061831195,High Risk,Reject,712
1,0.1775251488697282,Medium Risk,Manual Review,752
0,0.265332456101658,High Risk,Reject,704
0,0.08285311125384652,Very Low Risk,Approve,804
0,0.20921204839983126,Medium Risk,Manual Review,735
0,0.04648466402142201,Very Low Risk,Approve,824
0,0.3433142489485226,Very High Risk,Reject,661
0,0.20584494165572875,Medium Risk,Manual Review,737
0,0.17085871109777,Medium Risk,Manual Review,756
1,0.17605497434381734,Medium Risk,Manual Review,753
0,0.10087616440246835,Low Risk,Manual Review,795
1,0.3460269049396784,Very High Risk,Reject,660
0,0.049217085932693624,Very Low Risk,Approve,823
0,0.13785828995124344,Low Risk,Manual Review,774
0,0.10683233967229329,Low Risk,Manual Review,791
1,0.16470642081388162,Medium Risk,Manual Review,759
0,0.33792126227054264,Very High Risk,Reject,664
0,0.21981758235726057,High Risk,Manual Review,729
0,0.4177552446136618,Very High Risk,Reject,620
1,0.22944545987213247,High Risk,Manual Review,724
0,0.08336150300903102,Very Low Risk,Approve,804
0,0.3041209560449297,High Risk,Reject,683
0,0.057320454708299724,Very Low Risk,Approve,818
0,0.5640337466440611,Very High Risk,Reject,540
0,0.11174137766130346,Low Risk,Manual Review,789
0,0.3331675890705979,Very High Risk,Reject,667
0,0.3437943223650089,Very High Risk,Reject,661
0,0.05641353009704494,Very Low Risk,Approve,819
1,0.42098568878082504,Very High Risk,Reject,618
1,0.3461929677339864,Very High Risk,Reject,660
0,0.09239160789703643,Low Risk,Approve,799
0,0.5337166864524076,Very High Risk,Reject,556
0,0.046079258907477584,Very Low Risk,Approve,825
0,0.11675073378664491,Low Risk,Manual Review,786
0,0.11571780599636831,Low Risk,Manual Review,786
0,0.45639270872615467,Very High Risk,Reject,599
0,0.20947336268074648,Medium Risk,Manual Review,735
0,0.23622683438337091,High Risk,Manual Review,720
0,0.18234081311383835,Medium Risk,Manual Review,750
0,0.13596304922327926,Low Risk,Manual Review,775
1,0.22394318026567528,High Risk,Manual Review,727
0,0.20057442124312808,Medium Risk,Manual Review,740
1,0.26586392726394553,High Risk,Reject,704
0,0.023900453098672107,Very Low Risk,Approve,837
0,0.06586928815859507,Very Low Risk,Approve,814
1,0.17128887943492788,Medium Risk,Manual Review,756
0,0.19195409397743715,Medium Risk,Manual Review,744
0,0.14699304481239522,Medium Risk,Manual Review,769
1,0.5184134914619059,Very High Risk,Reject,565
0,0.1490787411949335,Medium Risk,Manual Review,768
0,0.09901168014485241,Low Risk,Approve,796
0,0.2736969538305305,High Risk,Reject,699
0,0.06897192672902105,Very Low Risk,Approve,812
0,0.14504295759363894,Low Risk,Manual Review,770
0,0.3977453398273162,Very High Risk,Reject,631
0,0.06924146325225142,Very Low Risk,Approve,812
0,0.05216024907896148,Very Low Risk,Approve,821
1,0.30937673994905235,High Risk,Reject,680
0,0.16221202849331812,Medium Risk,Manual Review,761
0,0.05093517294148771,Very Low Risk,Approve,822
0,0.034392493824747176,Very Low Risk,Approve,831
0,0.06430525175584388,Very Low Risk,Approve,815
0,0.07609259405573306,Very Low Risk,Approve,808
0,0.33353611367872693,Very High Risk,Reject,667
0,0.05579411981525334,Very Low Risk,Approve,819
0,0.25152918157699183,High Risk,Reject,712
0,0.061454056381439234,Very Low Risk,Approve,816
0,0.3395915509414994,Very High Risk,Reject,663
0,0.07906925821771277,Very Low Risk,Approve,807
0,0.4646795639872593,Very High Risk,Reject,594
0,0.17334103649209087,Medium Risk,Manual Review,755
0,0.2507228457098806,High Risk,Reject,712
1,0.3582214354876242,Very High Risk,Reject,653
0,0.3574831300744208,Very High Risk,Reject,653
1,0.2384039934095602,High Risk,Manual Review,719
0,0.05715148738630032,Very Low Risk,Approve,819
0,0.12918837204325864,Low Risk,Manual Review,779
0,0.13510694419023767,Low Risk,Manual Review,776
0,0.48732075037898587,Very High Risk,Reject,582
0,0.08749466377247907,Low Risk,Approve,802
0,0.2236485912228224,High Risk,Manual Review,727
0,0.14488718311991097,Low Risk,Manual Review,770
0,0.10287265674184676,Low Risk,Manual Review,793
0,0.11419684812368162,Low Risk,Manual Review,787
1,0.3724971243526145,Very High Risk,Reject,645
1,0.413137656966702,Very High Risk,Reject,623
0,0.30615061048338205,High Risk,Reject,682
0,0.33900567646171276,Very High Risk,Reject,664
0,0.500738156646602,Very High Risk,Reject,575
0,0.4596480350637995,Very High Risk,Reject,597
1,0.3557365425700885,Very High Risk,Reject,654
0,0.17707803591858048,Medium Risk,Manual Review,753
1,0.39341082548203843,Very High Risk,Reject,634
0,0.199730134093188,Medium Risk,Manual Review,740
0,0.07006766526741373,Very Low Risk,Approve,811
0,0.36758031414401704,Very High Risk,Reject,648
0,0.2400284277104278,High Risk,Manual Review,718
0,0.16719512889445032,Medium Risk,Manual Review,758
0,0.12583982596898197,Low Risk,Manual Review,781
0,0.17215692472304206,Medium Risk,Manual Review,755
1,0.13741630891962972,Low Risk,Manual Review,774
0,0.26645425084731655,High Risk,Reject,703
0,0.10006274903657328,Low Risk,Manual Review,795
0,0.19184345948189474,Medium Risk,Manual Review,744
0,0.11445318634027052,Low Risk,Manual Review,787
0,0.08904328866794338,Low Risk,Approve,801
0,0.3542822420041578,Very High Risk,Reject,655
0,0.17153186684770466,Medium Risk,Manual Review,756
0,0.16915983869877546,Medium Risk,Manual Review,757
0,0.13804194316613705,Low Risk,Manual Review,774
0,0.18996379983511025,Medium Risk,Manual Review,746
1,0.20505065020809726,Medium Risk,Manual Review,737
0,0.21677410083671905,High Risk,Manual Review,731
0,0.16737959107173778,Medium Risk,Manual Review,758
0,0.11145829483638767,Low Risk,Manual Review,789
0,0.34891799806799606,Very High Risk,Reject,658
0,0.06451710272054717,Very Low Risk,Approve,815
0,0.20587243606542122,Medium Risk,Manual Review,737
0,0.13100335026575738,Low Risk,Manual Review,778
0,0.30944092212396007,High Risk,Reject,680
0,0.23139923432730797,High Risk,Manual Review,723
0,0.0663744702155993,Very Low Risk,Approve,813
0,0.08578909578269733,Very Low Risk,Approve,803
0,0.2830026702834337,High Risk,Reject,694
0,0.2544885071080576,High Risk,Reject,710
0,0.0969625593195683,Low Risk,Approve,797
1,0.1433544407062532,Low Risk,Manual Review,771
0,0.13910538442506512,Low Risk,Manual Review,773
0,0.09319200874276931,Low Risk,Approve,799
0,0.04128846279299091,Very Low Risk,Approve,827
0,0.356754184092367,Very High Risk,Reject,654
0,0.16506729347320392,Medium Risk,Manual Review,759
0,0.21810592057682646,High Risk,Manual Review,730
0,0.12606711654073519,Low Risk,Manual Review,781
0,0.43039588666798223,Very High Risk,Reject,613
1,0.3714889547470977,Very High Risk,Reject,646
0,0.21384965257471802,High Risk,Manual Review,732
0,0.24776629126895228,High Risk,Manual Review,714
0,0.23869042001678495,High Risk,Manual Review,719
0,0.040346838810902376,Very Low Risk,Approve,828
0,0.08113524534858417,Very Low Risk,Approve,805
0,0.24071115889072417,High Risk,Manual Review,718
1,0.05023742319195196,Very Low Risk,Approve,822
0,0.6550426907747611,Very High Risk,Reject,490
0,0.12337523776306714,Low Risk,Manual Review,782
0,0.12587925233514016,Low Risk,Manual Review,781
1,0.2294141803339528,High Risk,Manual Review,724
0,0.16060190358344406,Medium Risk,Manual Review,762
1,0.21304430482352923,Medium Risk,Manual Review,733
0,0.02563552734668124,Very Low Risk,Approve,836
1,0.09769265116750277,Low Risk,Approve,796
0,0.1821799332109188,Medium Risk,Manual Review,750
0,0.11840130929529066,Low Risk,Manual Review,785
0,0.3513293607639149,Very High Risk,Reject,657
1,0.11307121559010795,Low Risk,Manual Review,788
0,0.06332194039468425,Very Low Risk,Approve,815
0,0.37244069430334614,Very High Risk,Reject,645
0,0.31529349294281406,Very High Risk,Reject,677
1,0.4427260569504644,Very High Risk,Reject,607
0,0.1477115478998903,Medium Risk,Manual Review,769
0,0.20531187070651866,Medium Risk,Manual Review,737
0,0.19953542103452035,Medium Risk,Manual Review,740
1,0.17584267077255672,Medium Risk,Manual Review,753
0,0.06415793621002631,Very Low Risk,Approve,815
0,0.0766241773063152,Very Low Risk,Approve,808
0,0.21404848603007878,High Risk,Manual Review,732
0,0.22854069001558144,High Risk,Manual Review,724
1,0.27224782217998544,High Risk,Reject,700
0,0.1109185761582257,Low Risk,Manual Review,789
0,0.0737149142289454,Very Low Risk,Approve,809
0,0.0763149865934117,Very Low Risk,Approve,808
0,0.1546871338208094,Medium Risk,Manual Review,765
0,0.07474112734842561,Very Low Risk,Approve,809
0,0.17705619312785417,Medium Risk,Manual Review,753
0,0.06784701842845592,Very Low Risk,Approve,813
0,0.14021192003482683,Low Risk,Manual Review,773
0,0.036367457375215385,Very Low Risk,Approve,830
0,0.32301387330862785,Very High Risk,Reject,672
0,0.22243758604534877,High Risk,Manual Review,728
0,0.05992417727177384,Very Low Risk,Approve,817
1,0.5366441246606385,Very High Risk,Reject,555
0,0.08641327305380081,Very Low Risk,Approve,802
1,0.32883092177042644,Very High Risk,Reject,669
0,0.2712442324320084,High Risk,Reject,701
1,0.13414873486374823,Low Risk,Manual Review,776
0,0.2896147872183997,High Risk,Reject,691
0,0.4125729276746936,Very High Risk,Reject,623
0,0.05647373073509323,Very Low Risk,Approve,819
1,0.2424340388168549,High Risk,Manual Review,717
0,0.18088068760109027,Medium Risk,Manual Review,751
0,0.2189927328222091,High Risk,Manual Review,730
0,0.08669604696362913,Very Low Risk,Approve,802
0,0.10049994669626722,Low Risk,Manual Review,795
1,0.24057837104704843,High Risk,Manual Review,718
1,0.26226504661661304,High Risk,Reject,706
0,0.32758608747030343,Very High Risk,Reject,670
0,0.4193660474153842,Very High Risk,Reject,619
1,0.4640810733415952,Very High Risk,Reject,595
1,0.12951324687700305,Low Risk,Manual Review,779
1,0.5611894843740857,Very High Risk,Reject,541
1,0.1688630375365129,Medium Risk,Manual Review,757
0,0.03465192134218942,Very Low Risk,Approve,831
0,0.1500650249933763,Medium Risk,Manual Review,767
0,0.11157259958310285,Low Risk,Manual Review,789
0,0.04832941299045365,Very Low Risk,Approve,823
0,0.09512608206279957,Low Risk,Approve,798
0,0.08824909038306154,Low Risk,Approve,801
0,0.5562886385945045,Very High Risk,Reject,544
0,0.1981340997270848,Medium Risk,Manual Review,741
0,0.07639455350346609,Very Low Risk,Approve,808
1,0.1376637059483555,Low Risk,Manual Review,774
0,0.16186379171329612,Medium Risk,Manual Review,761
1,0.38498074440925184,Very High Risk,Reject,638
0,0.19955049319313597,Medium Risk,Manual Review,740
0,0.105957066344806,Low Risk,Manual Review,792
1,0.08948943764636391,Low Risk,Approve,801
1,0.283339974364547,High Risk,Reject,694
0,0.11086625637035655,Low Risk,Manual Review,789
0,0.04035967140520548,Very Low Risk,Approve,828
0,0.23672168472693408,High Risk,Manual Review,720
0,0.3312450489271642,Very High Risk,Reject,668
0,0.07135694594131385,Very Low Risk,Approve,811
0,0.07344460899937093,Very Low Risk,Approve,810
0,0.548811616333587,Very High Risk,Reject,548
0,0.11406967828705848,Low Risk,Manual Review,787
0,0.1152414974255438,Low Risk,Manual Review,787
0,0.3640408958183941,Very High Risk,Reject,650
1,0.09810893302360722,Low Risk,Approve,796
1,0.13460890344627394,Low Risk,Manual Review,776
0,0.23372551534844235,High Risk,Manual Review,721
0,0.026552050346583797,Very Low Risk,Approve,835
0,0.15122860037314206,Medium Risk,Manual Review,767
1,0.3016164227310092,High Risk,Reject,684
0,0.06345271755143059,Very Low Risk,Approve,815
0,0.1264904241541335,Low Risk,Manual Review,780
0,0.4620521354337207,Very High Risk,Reject,596
0,0.04734436643237089,Very Low Risk,Approve,824
1,0.4980027815532635,Very High Risk,Reject,576
0,0.14138075065512762,Low Risk,Manual Review,772
0,0.062467598588547474,Very Low Risk,Approve,816
0,0.2830219175221649,High Risk,Reject,694
0,0.09809052434205855,Low Risk,Approve,796
0,0.2588007653999846,High Risk,Reject,708
0,0.09264391596812709,Low Risk,Approve,799
0,0.05458361301254181,Very Low Risk,Approve,820
0,0.25356782807976985,High Risk,Reject,711
0,0.08046036926450228,Very Low Risk,Approve,806
0,0.09416820837774025,Low Risk,Approve,798
0,0.14266433661807112,Low Risk,Manual Review,772
0,0.3238493042664593,Very High Risk,Reject,672
0,0.22037157562316517,High Risk,Manual Review,729
0,0.1008239702610178,Low Risk,Manual Review,795
0,0.15993853281318285,Medium Risk,Manual Review,762
0,0.20470972809361235,Medium Risk,Manual Review,737
0,0.2350704982497472,High Risk,Manual Review,721
0,0.06282033043567777,Very Low Risk,Approve,815
0,0.08906812334010289,Low Risk,Approve,801
0,0.14994098224744173,Medium Risk,Manual Review,768
1,0.17784835933627072,Medium Risk,Manual Review,752
0,0.040673048404018836,Very Low Risk,Approve,828
0,0.1258374636153711,Low Risk,Manual Review,781
1,0.36633777380180743,Very High Risk,Reject,649
0,0.09506558670838897,Low Risk,Approve,798
0,0.16210298421713948,Medium Risk,Manual Review,761
0,0.040541677367085534,Very Low Risk,Approve,828
1,0.24332403681496706,High Risk,Manual Review,716
0,0.3104581471595227,High Risk,Reject,679
0,0.13883297076803713,Low Risk,Manual Review,774
0,0.2186767185066492,High Risk,Manual Review,730
0,0.2869492171027518,High Risk,Reject,692
0,0.2901475835161366,High Risk,Reject,690
0,0.0750534067127211,Very Low Risk,Approve,809
0,0.2640654154289394,High Risk,Reject,705
0,0.14947289731991695,Medium Risk,Manual Review,768
0,0.22218283390187551,High Risk,Manual Review,728
1,0.28104862153479504,High Risk,Reject,695
0,0.1194008563928686,Low Risk,Manual Review,784
1,0.2868679568481941,High Risk,Reject,692
0,0.17006114428043068,Medium Risk,Manual Review,756
0,0.23465247244474993,High Risk,Manual Review,721
0,0.34319049614807184,Very High Risk,Reject,661
0,0.07901946061352434,Very Low Risk,Approve,807
1,0.46757137165639684,Very High Risk,Reject,593
0,0.13639701022695525,Low Risk,Manual Review,775
0,0.21480145617304705,High Risk,Manual Review,732
0,0.3376787259325802,Very High Risk,Reject,664
0,0.08703478658975383,Very Low Risk,Approve,802
0,0.060127271710036685,Very Low Risk,Approve,817
0,0.10107037831441318,Low Risk,Manual Review,794
0,0.3559353136734185,Very High Risk,Reject,654
0,0.3677863631906024,Very High Risk,Reject,648
0,0.18446012199182227,Medium Risk,Manual Review,749
0,0.2573426001268268,High Risk,Reject,708
0,0.08409922859327496,Very Low Risk,Approve,804
0,0.4242980512097253,Very High Risk,Reject,617
1,0.27335016757202624,High Risk,Reject,700
1,0.17509167054934702,Medium Risk,Manual Review,754
0,0.5132010030793341,Very High Risk,Reject,568
1,0.1800062584917005,Medium Risk,Manual Review,751
0,0.0899453598711017,Low Risk,Approve,801
0,0.46634849890981916,Very High Risk,Reject,594
0,0.05713885615381829,Very Low Risk,Approve,819
1,0.23349953870801038,High Risk,Manual Review,722
0,0.040237057065000394,Very Low Risk,Approve,828
1,0.13979970342592465,Low Risk,Manual Review,773
0,0.05174880606393043,Very Low Risk,Approve,822
0,0.44612494326732893,Very High Risk,Reject,605
0,0.2181524901846374,High Risk,Manual Review,730
1,0.20136323952358545,Medium Risk,Manual Review,739
1,0.38380064047551304,Very High Risk,Reject,639
0,0.11553265830959776,Low Risk,Manual Review,786
0,0.2650363671271051,High Risk,Reject,704
0,0.44471223139444094,Very High Risk,Reject,605
0,0.14033935785026644,Low Risk,Manual Review,773
0,0.32208164495093955,Very High Risk,Reject,673
0,0.3231138238020082,Very High Risk,Reject,672
0,0.051222229901181617,Very Low Risk,Approve,822
0,0.24490726123250997,High Risk,Manual Review,715
0,0.1489664253442937,Medium Risk,Manual Review,768
1,0.2567126602098767,High Risk,Reject,709
0,0.14174814727955806,Low Risk,Manual Review,772
0,0.06587166886919357,Very Low Risk,Approve,814
0,0.13964741490540736,Low Risk,Manual Review,773
1,0.4851623284085769,Very High Risk,Reject,583
0,0.2187749143760225,High Risk,Manual Review,730
0,0.047897524798261065,Very Low Risk,Approve,824
1,0.1962872344409576,Medium Risk,Manual Review,742
0,0.047559226012508816,Very Low Risk,Approve,824
0,0.18169821651499196,Medium Risk,Manual Review,750
0,0.13690233695011023,Low Risk,Manual Review,775
0,0.26515595965561156,High Risk,Reject,704
0,0.05309192647040283,Very Low Risk,Approve,821
0,0.13418801352091475,Low Risk,Manual Review,776
1,0.30735909689715596,High Risk,Reject,681
0,0.1649867810725414,Medium Risk,Manual Review,759
0,0.5908168980602913,Very High Risk,Reject,525
1,0.6052144061243708,Very High Risk,Reject,517
0,0.041805159170978455,Very Low Risk,Approve,827
0,0.08198610175242722,Very Low Risk,Approve,805
1,0.18649442484627812,Medium Risk,Manual Review,747
0,0.1519144931192439,Medium Risk,Manual Review,766
0,0.3915091198541935,Very High Risk,Reject,635
0,0.3028944405642579,High Risk,Reject,683
0,0.05096987636696306,Very Low Risk,Approve,822
0,0.46921395663472926,Very High Risk,Reject,592
0,0.5695216058639253,Very High Risk,Reject,537
0,0.38174180597449314,Very High Risk,Reject,640
0,0.17291940861395752,Medium Risk,Manual Review,755
0,0.11653608540488383,Low Risk,Manual Review,786
0,0.048659973018309516,Very Low Risk,Approve,823
0,0.11930351171775735,Low Risk,Manual Review,784
0,0.21358645445488686,High Risk,Manual Review,733
0,0.20051665697981189,Medium Risk,Manual Review,740
0,0.1116556467603293,Low Risk,Manual Review,789
0,0.052220808106994546,Very Low Risk,Approve,821
1,0.15203638173446493,Medium Risk,Manual Review,766
0,0.1479687151341034,Medium Risk,Manual Review,769
0,0.18624330277453952,Medium Risk,Manual Review,748
0,0.16652319364132898,Medium Risk,Manual Review,758
0,0.18824559602719998,Medium Risk,Manual Review,746
0,0.18044593780891618,Medium Risk,Manual Review,751
1,0.06473295123862603,Very Low Risk,Approve,814
0,0.28132436395711136,High Risk,Reject,695
1,0.19536657700815133,Medium Risk,Manual Review,743
0,0.07679724930227133,Very Low Risk,Approve,808
0,0.35622291603603157,Very High Risk,Reject,654
1,0.3352489376350083,Very High Risk,Reject,666
0,0.1294183637021874,Low Risk,Manual Review,779
0,0.44631894468662214,Very High Risk,Reject,605
1,0.3743349938067024,Very High Risk,Reject,644
0,0.15793588887006257,Medium Risk,Manual Review,763
0,0.054905763163577044,Very Low Risk,Approve,820
1,0.5040292073771163,Very High Risk,Reject,573
0,0.1466523280089019,Medium Risk,Manual Review,769
0,0.04736396970428164,Very Low Risk,Approve,824
0,0.28808059650024603,High Risk,Reject,692
0,0.3910900860768115,Very High Risk,Reject,635
0,0.2888849119344226,High Risk,Reject,691
0,0.12705923264143162,Low Risk,Manual Review,780
0,0.1255572493657848,Low Risk,Manual Review,781
0,0.05958963607531679,Very Low Risk,Approve,817
1,0.15496591990714206,Medium Risk,Manual Review,765
0,0.384591048964027,Very High Risk,Reject,638
1,0.3501613098680093,Very High Risk,Reject,657
0,0.3523345809833007,Very High Risk,Reject,656
0,0.3851655091467188,Very High Risk,Reject,638
0,0.33463475573565443,Very High Risk,Reject,666
0,0.07993548432791968,Very Low Risk,Approve,806
0,0.17389653236883582,Medium Risk,Manual Review,754
0,0.23049179597053515,High Risk,Manual Review,723
0,0.12838140956786365,Low Risk,Manual Review,779
0,0.37173351585292586,Very High Risk,Reject,646
0,0.21732776149987595,High Risk,Manual Review,730
0,0.11832025745348457,Low Risk,Manual Review,785
1,0.14357816107705515,Low Risk,Manual Review,771
1,0.16993926445044508,Medium Risk,Manual Review,757
0,0.22482633382665668,High Risk,Manual Review,726
0,0.0942139036486824,Low Risk,Approve,798
1,0.07817929447074573,Very Low Risk,Approve,807
0,0.10407146222186123,Low Risk,Manual Review,793
1,0.27562542434056425,High Risk,Reject,698
0,0.028054729152838367,Very Low Risk,Approve,835
0,0.2277345064976766,High Risk,Manual Review,725
0,0.13939867871019707,Low Risk,Manual Review,773
1,0.42950788572860754,Very High Risk,Reject,614
0,0.2507468175320009,High Risk,Reject,712
0,0.11861172419957544,Low Risk,Manual Review,785
0,0.22807506718518022,High Risk,Manual Review,725
1,0.4534207989994182,Very High Risk,Reject,601
0,0.03197231660844675,Very Low Risk,Approve,832
1,0.13094888949462583,Low Risk,Manual Review,778
0,0.33373189067929876,Very High Risk,Reject,666
0,0.05846990406711997,Very Low Risk,Approve,818
0,0.14423977522615908,Low Risk,Manual Review,771
0,0.2830579459182638,High Risk,Reject,694
0,0.038896307450718835,Very Low Risk,Approve,829
0,0.3492655992551776,Very High Risk,Reject,658
0,0.30367539407262245,High Risk,Reject,683
0,0.18094348515287131,Medium Risk,Manual Review,750
0,0.20820951496898582,Medium Risk,Manual Review,735
0,0.07280375296495345,Very Low Risk,Approve,810
0,0.13017950993000005,Low Risk,Manual Review,778
0,0.18706425311702163,Medium Risk,Manual Review,747
1,0.36163130464855475,Very High Risk,Reject,651
0,0.11402708619255567,Low Risk,Manual Review,787
0,0.2889387392838276,High Risk,Reject,691
0,0.11549423761823938,Low Risk,Manual Review,786
0,0.16349209103645793,Medium Risk,Manual Review,760
0,0.030556734346642914,Very Low Risk,Approve,833
0,0.19984027294813178,Medium Risk,Manual Review,740
0,0.11547522252945304,Low Risk,Manual Review,786
0,0.28084409168157504,High Risk,Reject,696
0,0.09975503676586953,Low Risk,Approve,795
0,0.08875494310851884,Low Risk,Approve,801
0,0.04082346412959393,Very Low Risk,Approve,828
0,0.08868040262919841,Low Risk,Approve,801
0,0.1441355248218113,Low Risk,Manual Review,771
0,0.19275973086540077,Medium Risk,Manual Review,744
0,0.1937890641886346,Medium Risk,Manual Review,743
0,0.5820405256759001,Very High Risk,Reject,530
1,0.16177746859350764,Medium Risk,Manual Review,761
0,0.24073190380892653,High Risk,Manual Review,718
1,0.32538420168034804,Very High Risk,Reject,671
1,0.07487813929626382,Very Low Risk,Approve,809
0,0.29149670340857153,High Risk,Reject,690
0,0.2189133501960152,High Risk,Manual Review,730
1,0.3743810127839651,Very High Risk,Reject,644
0,0.3666105677716877,Very High Risk,Reject,648
0,0.30502626067629696,High Risk,Reject,682
0,0.17159121985206868,Medium Risk,Manual Review,756
0,0.10322613193423391,Low Risk,Manual Review,793
1,0.12224965311886445,Low Risk,Manual Review,783
0,0.13208900875976773,Low Risk,Manual Review,777
0,0.14336143390344303,Low Risk,Manual Review,771
1,0.3369704539149164,Very High Risk,Reject,665
1,0.10892862843301335,Low Risk,Manual Review,790
0,0.10073621097575514,Low Risk,Manual Review,795
1,0.32240278628140095,Very High Risk,Reject,673
0,0.04978666747694119,Very Low Risk,Approve,823
0,0.24073256793021028,High Risk,Manual Review,718
0,0.1516271711116112,Medium Risk,Manual Review,767
0,0.1087904194132947,Low Risk,Manual Review,790
0,0.03330599500542202,Very Low Risk,Approve,832
0,0.27134658567344083,High Risk,Reject,701
1,0.19124650491197032,Medium Risk,Manual Review,745
0,0.03487987126669653,Very Low Risk,Approve,831
0,0.071027391763592,Very Low Risk,Approve,811
0,0.07913223058425455,Very Low Risk,Approve,806
1,0.27460259619411953,High Risk,Reject,699
0,0.4580501715242763,Very High Risk,Reject,598
0,0.06862500481458385,Very Low Risk,Approve,812
1,0.17881431958347463,Medium Risk,Manual Review,752
0,0.12196028217426842,Low Risk,Manual Review,783
0,0.15900660431301947,Medium Risk,Manual Review,763
0,0.09949074724346023,Low Risk,Approve,795
0,0.04046673079176031,Very Low Risk,Approve,828
0,0.4019302144932912,Very High Risk,Reject,629
0,0.35366789766440965,Very High Risk,Reject,655
1,0.3606560010392764,Very High Risk,Reject,652
0,0.12761083456844965,Low Risk,Manual Review,780
0,0.2680661755716168,High Risk,Reject,703
1,0.46809618354103927,Very High Risk,Reject,593
0,0.24699338443598293,High Risk,Manual Review,714
0,0.06744137445109497,Very Low Risk,Approve,813
1,0.24798691264953718,High Risk,Manual Review,714
0,0.1852042540608738,Medium Risk,Manual Review,748
0,0.2528541301949774,High Risk,Reject,711
0,0.1949102899286454,Medium Risk,Manual Review,743
0,0.1094808096044058,Low Risk,Manual Review,790
1,0.43924626193095306,Very High Risk,Reject,608
0,0.294489263921127,High Risk,Reject,688
0,0.03647623698220839,Very Low Risk,Approve,830
0,0.3874251264180636,Very High Risk,Reject,637
0,0.29945966025870885,High Risk,Reject,685
0,0.1143714961515855,Low Risk,Manual Review,787
1,0.35304125789997176,Very High Risk,Reject,656
0,0.08285776954017422,Very Low Risk,Approve,804
0,0.31139573543236054,High Risk,Reject,679
0,0.09676613423430193,Low Risk,Approve,797
1,0.18164852506316742,Medium Risk,Manual Review,750
0,0.2717504173831735,High Risk,Reject,701
0,0.5381435028214183,Very High Risk,Reject,554
0,0.4813683592675807,Very High Risk,Reject,585
0,0.1743890122197405,Medium Risk,Manual Review,754
0,0.3297149003377248,Very High Risk,Reject,669
0,0.17041704105052996,Medium Risk,Manual Review,756
0,0.13365072058685654,Low Risk,Manual Review,776
0,0.11088087760283077,Low Risk,Manual Review,789
0,0.2575250584323548,High Risk,Reject,708
1,0.38265941406240916,Very High Risk,Reject,640
0,0.18741600138587694,Medium Risk,Manual Review,747
0,0.0759474028682026,Very Low Risk,Approve,808
0,0.09235079363112814,Low Risk,Approve,799
0,0.17569915939506012,Medium Risk,Manual Review,753
0,0.06350968598143528,Very Low Risk,Approve,815
0,0.2318973783159234,High Risk,Manual Review,722
0,0.25117003783605923,High Risk,Reject,712
0,0.2617540914799583,High Risk,Reject,706
0,0.15572465345669148,Medium Risk,Manual Review,764
0,0.3065226316037877,High Risk,Reject,681
0,0.3908093964210279,Very High Risk,Reject,635
0,0.20945344081855877,Medium Risk,Manual Review,735
0,0.31357832853278966,Very High Risk,Reject,678
0,0.37070976699093844,Very High Risk,Reject,646
0,0.26755414434754515,High Risk,Reject,703
1,0.34798923698149054,Very High Risk,Reject,659
0,0.21930142717513693,High Risk,Manual Review,729
0,0.1372223822293787,Low Risk,Manual Review,775
0,0.07038882654446792,Very Low Risk,Approve,811
0,0.30703871143048916,High Risk,Reject,681
0,0.29477375020219904,High Risk,Reject,688
0,0.06539683680396434,Very Low Risk,Approve,814
1,0.31122760621494716,High Risk,Reject,679
0,0.05540543633563088,Very Low Risk,Approve,820
1,0.5540431679109833,Very High Risk,Reject,545
0,0.550255322471221,Very High Risk,Reject,547
0,0.09357963553240663,Low Risk,Approve,799
0,0.1475549132414484,Medium Risk,Manual Review,769
1,0.5762150475503018,Very High Risk,Reject,533
1,0.05326967026185385,Very Low Risk,Approve,821
0,0.1308938603977798,Low Risk,Manual Review,778
1,0.17241620559089987,Medium Risk,Manual Review,755
1,0.31681311957204483,Very High Risk,Reject,676
0,0.1765916664841373,Medium Risk,Manual Review,753
0,0.5131918043676309,Very High Risk,Reject,568
0,0.08437112008894744,Very Low Risk,Approve,804
0,0.29767223263337206,High Risk,Reject,686
0,0.19263736258732778,Medium Risk,Manual Review,744
0,0.183070608648069,Medium Risk,Manual Review,749
0,0.2958341649502048,High Risk,Reject,687
0,0.5807107496771596,Very High Risk,Reject,531
0,0.08601798256480152,Very Low Risk,Approve,803
0,0.23589376119027755,High Risk,Manual Review,720
0,0.17677322239243465,Medium Risk,Manual Review,753
0,0.179221039556193,Medium Risk,Manual Review,751
1,0.2404311443403992,High Risk,Manual Review,718
0,0.21850718071665523,High Risk,Manual Review,730
0,0.28928644167868306,High Risk,Reject,691
0,0.03331334671861344,Very Low Risk,Approve,832
0,0.11128225019668644,Low Risk,Manual Review,789
1,0.504552717507036,Very High Risk,Reject,572
0,0.11842002513640952,Low Risk,Manual Review,785
0,0.1262977016743451,Low Risk,Manual Review,781
1,0.409707764943328,Very High Risk,Reject,625
0,0.02754095128722135,Very Low Risk,Approve,835
0,0.12887861973381087,Low Risk,Manual Review,779
0,0.024427725765452168,Very Low Risk,Approve,837
0,0.05586310053777931,Very Low Risk,Approve,819
0,0.04885382979795211,Very Low Risk,Approve,823
0,0.2642699329032428,High Risk,Reject,705
0,0.517378135332127,Very High Risk,Reject,565
0,0.3054580004576699,High Risk,Reject,682
1,0.0529237497042005,Very Low Risk,Approve,821
0,0.09841900049927153,Low Risk,Approve,796
0,0.27783997606760974,High Risk,Reject,697
0,0.0709517942733682,Very Low Risk,Approve,811
0,0.3385539302143666,Very High Risk,Reject,664
0,0.1795915707751813,Medium Risk,Manual Review,751
1,0.0921580130264935,Low Risk,Approve,799
0,0.45677974916113884,Very High Risk,Reject,599
0,0.06627627141229608,Very Low Risk,Approve,814
1,0.5218716440459304,Very High Risk,Reject,563
0,0.1234607772997944,Low Risk,Manual Review,782
0,0.4119611161522796,Very High Risk,Reject,623
0,0.23649469868383138,High Risk,Manual Review,720
1,0.3046248657875047,High Risk,Reject,682
1,0.2916085394018725,High Risk,Reject,690
0,0.6573521826104737,Very High Risk,Reject,488
0,0.30092464920552564,High Risk,Reject,684
0,0.427098010072933,Very High Risk,Reject,615
0,0.3682154933801663,Very High Risk,Reject,647
0,0.2013239583522188,Medium Risk,Manual Review,739
1,0.10791289527430277,Low Risk,Manual Review,791
0,0.17284488797113406,Medium Risk,Manual Review,755
0,0.10391398995281159,Low Risk,Manual Review,793
0,0.12453026724905557,Low Risk,Manual Review,782
0,0.17001498618097832,Medium Risk,Manual Review,756
0,0.3100365431218087,High Risk,Reject,679
0,0.24528303129043275,High Risk,Manual Review,715
0,0.06333622716683772,Very Low Risk,Approve,815
0,0.25777277828686923,High Risk,Reject,708
0,0.264929765136428,High Risk,Reject,704
0,0.1373805081874516,Low Risk,Manual Review,774
1,0.5625545182682327,Very High Risk,Reject,541
0,0.20796415475522245,Medium Risk,Manual Review,736
0,0.31301349093818565,Very High Risk,Reject,678
0,0.2864452053175141,High Risk,Reject,692
1,0.2694682398401021,High Risk,Reject,702
0,0.3686313173071235,Very High Risk,Reject,647
0,0.49711759589083226,Very High Risk,Reject,577
0,0.05084564813460321,Very Low Risk,Approve,822
1,0.4829788976609972,Very High Risk,Reject,584
0,0.34468026684453246,Very High Risk,Reject,660
1,0.38795985488853,Very High Risk,Reject,637
0,0.18906269968166084,Medium Risk,Manual Review,746
1,0.5340812493113812,Very High Risk,Reject,556
0,0.3521705559838675,Very High Risk,Reject,656
0,0.09686927022029906,Low Risk,Approve,797
0,0.03516044696641239,Very Low Risk,Approve,831
0,0.16997701893814715,Medium Risk,Manual Review,757
1,0.1627226364333093,Medium Risk,Manual Review,761
0,0.06068896659642838,Very Low Risk,Approve,817
0,0.23268101479554362,High Risk,Manual Review,722
0,0.4325266841573115,Very High Risk,Reject,612
0,0.44481041581606945,Very High Risk,Reject,605
0,0.13222577429979712,Low Risk,Manual Review,777
1,0.3364389027664252,Very High Risk,Reject,665
0,0.07707167032729668,Very Low Risk,Approve,808
0,0.4734165326911796,Very High Risk,Reject,590
0,0.28709701667943455,High Risk,Reject,692
0,0.20639214947826384,Medium Risk,Manual Review,736
0,0.16623992841274407,Medium Risk,Manual Review,759
0,0.36854802083055843,Very High Risk,Reject,647
1,0.594777428561744,Very High Risk,Reject,523
0,0.1533324029445325,Medium Risk,Manual Review,766
1,0.14564062353258664,Low Risk,Manual Review,770
0,0.30414161345600554,High Risk,Reject,683
0,0.5238745207312604,Very High Risk,Reject,562
0,0.2560993762766743,High Risk,Reject,709
0,0.34186557630342385,Very High Risk,Reject,662
0,0.09449266227519332,Low Risk,Approve,798
0,0.06604097968485415,Very Low Risk,Approve,814
0,0.2717275134120292,High Risk,Reject,701
0,0.4348909594935139,Very High Risk,Reject,611
0,0.15138980170798283,Medium Risk,Manual Review,767
0,0.07348302401126997,Very Low Risk,Approve,810
1,0.21288443592169168,Medium Risk,Manual Review,733
1,0.2756735810478467,High Risk,Reject,698
0,0.17351505568388634,Medium Risk,Manual Review,755
0,0.514904034197188,Very High Risk,Reject,567
0,0.4031506604505891,Very High Risk,Reject,628
0,0.20419055953830617,Medium Risk,Manual Review,738
1,0.09008353748851539,Low Risk,Approve,800
1,0.25222106462091554,High Risk,Reject,711
0,0.09511369608544622,Low Risk,Approve,798
0,0.1805375765757964,Medium Risk,Manual Review,751
1,0.5472441641491002,Very High Risk,Reject,549
0,0.07602111347338218,Very Low Risk,Approve,808
1,0.2273221169269733,High Risk,Manual Review,725
0,0.1126808407652801,Low Risk,Manual Review,788
0,0.33278750825509384,Very High Risk,Reject,667
0,0.3054971456913197,High Risk,Reject,682
0,0.10889018781030085,Low Risk,Manual Review,790
0,0.11255931215096854,Low Risk,Manual Review,788
0,0.09253385494564322,Low Risk,Approve,799
0,0.10288880253979961,Low Risk,Manual Review,793
1,0.3801917979593366,Very High Risk,Reject,641
1,0.3957866516761112,Very High Risk,Reject,632
0,0.23100289084075812,High Risk,Manual Review,723
0,0.10245442821103043,Low Risk,Manual Review,794
0,0.15609631544366911,Medium Risk,Manual Review,764
0,0.1549775765997618,Medium Risk,Manual Review,765
0,0.07898760683133912,Very Low Risk,Approve,807
0,0.30411609666723044,High Risk,Reject,683
0,0.08534415130520329,Very Low Risk,Approve,803
0,0.3270501048072281,Very High Risk,Reject,670
0,0.18825349324434346,Medium Risk,Manual Review,746
1,0.2686577059468205,High Risk,Reject,702
0,0.38116075060734594,Very High Risk,Reject,640
0,0.36740727873237344,Very High Risk,Reject,648
0,0.4386650583012725,Very High Risk,Reject,609
0,0.02652322969359405,Very Low Risk,Approve,835
0,0.029648032369155784,Very Low Risk,Approve,834
0,0.21859903814902396,High Risk,Manual Review,730
0,0.2661044939688401,High Risk,Reject,704
0,0.11378312414225494,Low Risk,Manual Review,787
0,0.04051489801072286,Very Low Risk,Approve,828
0,0.1312773132962759,Low Risk,Manual Review,778
0,0.07152451589492094,Very Low Risk,Approve,811
0,0.26353410002100486,High Risk,Reject,705
0,0.0665744335489871,Very Low Risk,Approve,813
0,0.05874673831943179,Very Low Risk,Approve,818
0,0.030099094387964834,Very Low Risk,Approve,833
0,0.04339099794755472,Very Low Risk,Approve,826
0,0.048501426541352054,Very Low Risk,Approve,823
1,0.09003784252132088,Low Risk,Approve,800
1,0.36525965895573964,Very High Risk,Reject,649
0,0.07520999793643939,Very Low Risk,Approve,809
0,0.09905988758610523,Low Risk,Approve,796
0,0.27364829863945395,High Risk,Reject,699
1,0.4050727979492419,Very High Risk,Reject,627
1,0.21695560665036323,High Risk,Manual Review,731
0,0.13496330024445102,Low Risk,Manual Review,776
0,0.32629832728525027,Very High Risk,Reject,671
1,0.16951432201677408,Medium Risk,Manual Review,757
0,0.09318102710075242,Low Risk,Approve,799
0,0.21826150502151492,High Risk,Manual Review,730
0,0.05392331961761805,Very Low Risk,Approve,820
0,0.14589164020577822,Medium Risk,Manual Review,770
0,0.07926916225183112,Very Low Risk,Approve,806
0,0.12653885822444083,Low Risk,Manual Review,780
0,0.06909471758662433,Very Low Risk,Approve,812
0,0.3400541596275752,Very High Risk,Reject,663
0,0.06841566740682165,Very Low Risk,Approve,812
0,0.4256418319414327,Very High Risk,Reject,616
0,0.2187605290313055,High Risk,Manual Review,730
0,0.08408967097455902,Very Low Risk,Approve,804
0,0.2841704966403544,High Risk,Reject,694
0,0.2475418649001531,High Risk,Manual Review,714
0,0.05943361848401086,Very Low Risk,Approve,817
0,0.16906237462491094,Medium Risk,Manual Review,757
1,0.11475024491702171,Low Risk,Manual Review,787
0,0.22085001014590208,High Risk,Manual Review,729
0,0.31912345775374473,Very High Risk,Reject,674
0,0.20494101846912385,Medium Risk,Manual Review,737
0,0.07880418850121851,Very Low Risk,Approve,807
0,0.24797848434331118,High Risk,Manual Review,714
0,0.07175138886049115,Very Low Risk,Approve,811
0,0.08213295793536222,Very Low Risk,Approve,805
0,0.04587098514337474,Very Low Risk,Approve,825
1,0.27023206479774836,High Risk,Reject,701
0,0.2779772423119825,High Risk,Reject,697
1,0.540202298407895,Very High Risk,Reject,553
0,0.10219964664759645,Low Risk,Manual Review,794
0,0.18438519259557576,Medium Risk,Manual Review,749
0,0.21323433959450053,Medium Risk,Manual Review,733
0,0.043342080437088114,Very Low Risk,Approve,826
0,0.3677160182748624,Very High Risk,Reject,648
0,0.0774969973523736,Very Low Risk,Approve,807
0,0.457935430594757,Very High Risk,Reject,598
0,0.21338827200736624,High Risk,Manual Review,733
0,0.5781290308341818,Very High Risk,Reject,532
0,0.3117688963700996,Very High Risk,Reject,679
1,0.3169050459003224,Very High Risk,Reject,676
0,0.07047070580476385,Very Low Risk,Approve,811
1,0.3843904979841498,Very High Risk,Reject,639
0,0.18169202279971494,Medium Risk,Manual Review,750
0,0.23136108519000154,High Risk,Manual Review,723
0,0.22665795973652292,High Risk,Manual Review,725
0,0.5179100398310034,Very High Risk,Reject,565
0,0.26913939242065105,High Risk,Reject,702
1,0.39698210621086444,Very High Risk,Reject,632
1,0.3745485138279911,Very High Risk,Reject,644
0,0.4127968271465366,Very High Risk,Reject,623
0,0.13986257739311977,Low Risk,Manual Review,773
1,0.25886045193118656,High Risk,Reject,708
0,0.21202760819172492,Medium Risk,Manual Review,733
0,0.1563404497340825,Medium Risk,Manual Review,764
0,0.2555610662570033,High Risk,Reject,709
0,0.39607282300635593,Very High Risk,Reject,632
1,0.376425678275718,Very High Risk,Reject,643
0,0.04182661572271957,Very Low Risk,Approve,827
0,0.0801789374621729,Very Low Risk,Approve,806
0,0.05913814182760201,Very Low Risk,Approve,817
1,0.08547217406575022,Very Low Risk,Approve,803
1,0.34105953788456655,Very High Risk,Reject,662
0,0.10519420345754515,Low Risk,Manual Review,792
0,0.143610127872548,Low Risk,Manual Review,771
1,0.3713601206158214,Very High Risk,Reject,646
0,0.14049620579143443,Low Risk,Manual Review,773
0,0.15634739044308954,Medium Risk,Manual Review,764
0,0.34240540783206896,Very High Risk,Reject,662
1,0.31763051740445447,Very High Risk,Reject,675
0,0.3158135055571837,Very High Risk,Reject,676
0,0.1503977320998502,Medium Risk,Manual Review,767
0,0.27549042953530295,High Risk,Reject,698
0,0.19760206568506927,Medium Risk,Manual Review,741
1,0.14886945258764797,Medium Risk,Manual Review,768
0,0.24066594821851614,High Risk,Manual Review,718
1,0.24476899724857384,High Risk,Manual Review,715
0,0.38143369535711275,Very High Risk,Reject,640
0,0.32325342859307205,Very High Risk,Reject,672
0,0.2072022537870233,Medium Risk,Manual Review,736
0,0.09259989103767242,Low Risk,Approve,799
0,0.22663450497892898,High Risk,Manual Review,725
0,0.026571675825264127,Very Low Risk,Approve,835
1,0.27220994808599613,High Risk,Reject,700
1,0.4447565115070817,Very High Risk,Reject,605
1,0.06611343055059157,Very Low Risk,Approve,814
0,0.06372938918242319,Very Low Risk,Approve,815
0,0.24141633400913493,High Risk,Manual Review,717
1,0.3389677083159727,Very High Risk,Reject,664
0,0.08676553848781167,Very Low Risk,Approve,802
0,0.48878383980275264,Very High Risk,Reject,581
0,0.11460875847088917,Low Risk,Manual Review,787
0,0.1530807939875708,Medium Risk,Manual Review,766
0,0.1932641094782068,Medium Risk,Manual Review,744
0,0.36192259853082365,Very High Risk,Reject,651
0,0.07998991029627521,Very Low Risk,Approve,806
0,0.09766111245316171,Low Risk,Approve,796
0,0.054019768677402685,Very Low Risk,Approve,820
0,0.09169792871162076,Low Risk,Approve,800
0,0.26650316289945436,High Risk,Reject,703
0,0.2804385168357637,High Risk,Reject,696
0,0.4800563695991754,Very High Risk,Reject,586
0,0.13320875650206085,Low Risk,Manual Review,777
1,0.4622239290957745,Very High Risk,Reject,596
0,0.44059232766757794,Very High Risk,Reject,608
1,0.09105045641078417,Low Risk,Approve,800
0,0.2133270477602829,High Risk,Manual Review,733
0,0.042710067748864836,Very Low Risk,Approve,827
0,0.24165568686786204,High Risk,Manual Review,717
1,0.53827933158183,Very High Risk,Reject,554
0,0.12316645228367967,Low Risk,Manual Review,782
0,0.04428238513955441,Very Low Risk,Approve,826
0,0.06154610307723161,Very Low Risk,Approve,816
0,0.08287968470384638,Very Low Risk,Approve,804
0,0.3931620199381774,Very High Risk,Reject,634
0,0.06713612220007317,Very Low Risk,Approve,813
0,0.17118760188778076,Medium Risk,Manual Review,756
0,0.19026468716744646,Medium Risk,Manual Review,745
0,0.32531360516114977,Very High Risk,Reject,671
0,0.10549130569028126,Low Risk,Manual Review,792
1,0.0888707359801628,Low Risk,Approve,801
0,0.03190485645673482,Very Low Risk,Approve,832
0,0.16477207671436067,Medium Risk,Manual Review,759
0,0.02424216141002203,Very Low Risk,Approve,837
0,0.11789467410427656,Low Risk,Manual Review,785
0,0.18817241966284928,Medium Risk,Manual Review,747
1,0.2595668225192327,High Risk,Reject,707
0,0.20658418715345084,Medium Risk,Manual Review,736
0,0.2744564696555368,High Risk,Reject,699
0,0.18756545111182268,Medium Risk,Manual Review,747
1,0.2922850091794655,High Risk,Reject,689
0,0.0865343558930634,Very Low Risk,Approve,802
0,0.19051319188343177,Medium Risk,Manual Review,745
0,0.25166151867570963,High Risk,Reject,712
0,0.11882814017009335,Low Risk,Manual Review,785
0,0.18369908766535378,Medium Risk,Manual Review,749
1,0.19705165067036573,Medium Risk,Manual Review,742
1,0.1984826300579737,Medium Risk,Manual Review,741
0,0.19789087555460116,Medium Risk,Manual Review,741
0,0.19730781566457595,Medium Risk,Manual Review,741
0,0.1188474756044007,Low Risk,Manual Review,785
1,0.21202822614118774,Medium Risk,Manual Review,733
1,0.5104432900542352,Very High Risk,Reject,569
0,0.09363891251853927,Low Risk,Approve,798
0,0.13306766353853822,Low Risk,Manual Review,777
0,0.19851981658972417,Medium Risk,Manual Review,741
1,0.10021069911831082,Low Risk,Manual Review,795
0,0.3068770184054693,High Risk,Reject,681
0,0.4890846196854822,Very High Risk,Reject,581
1,0.38804285583974857,Very High Risk,Reject,637
0,0.15309718508935669,Medium Risk,Manual Review,766
0,0.047393609180954074,Very Low Risk,Approve,824
0,0.27116872344944337,High Risk,Reject,701
1,0.2800174397444171,High Risk,Reject,696
0,0.2563118512885262,High Risk,Reject,709
1,0.34023714746152367,Very High Risk,Reject,663
0,0.19252401562033075,Medium Risk,Manual Review,744
0,0.12994401701280345,Low Risk,Manual Review,779
0,0.02773002754364012,Very Low Risk,Approve,835
0,0.19607433734300522,Medium Risk,Manual Review,742
1,0.3826688928939412,Very High Risk,Reject,640
0,0.03688636980696801,Very Low Risk,Approve,830
1,0.4361492794040739,Very High Risk,Reject,610
0,0.037682479104204226,Very Low Risk,Approve,829
0,0.22722046052576503,High Risk,Manual Review,725
0,0.13501474214640805,Low Risk,Manual Review,776
0,0.3146363296403522,Very High Risk,Reject,677
0,0.12026106782542409,Low Risk,Manual Review,784
1,0.2628695321599914,High Risk,Reject,705
0,0.2409381117585825,High Risk,Manual Review,717
0,0.1419117487198014,Low Risk,Manual Review,772
0,0.20056028237205875,Medium Risk,Manual Review,740
0,0.14218637258000513,Low Risk,Manual Review,772
0,0.0637743459469834,Very Low Risk,Approve,815
0,0.0659129553310607,Very Low Risk,Approve,814
0,0.2905627499977758,High Risk,Reject,690
0,0.03611208131255465,Very Low Risk,Approve,830
0,0.1879788156200425,Medium Risk,Manual Review,747
0,0.24994052809689182,High Risk,Manual Review,713
1,0.47819743693927647,Very High Risk,Reject,587
1,0.11081272661833816,Low Risk,Manual Review,789
0,0.043602296849595955,Very Low Risk,Approve,826
1,0.30130270981285506,High Risk,Reject,684
0,0.22142161349007536,High Risk,Manual Review,728
0,0.03949266130292463,Very Low Risk,Approve,828
0,0.1444113291598598,Low Risk,Manual Review,771
0,0.12203632763718329,Low Risk,Manual Review,783
0,0.039023384515784396,Very Low Risk,Approve,829
0,0.17593509447227137,Medium Risk,Manual Review,753
0,0.19836373070034172,Medium Risk,Manual Review,741
1,0.6158721626371069,Very High Risk,Reject,511
0,0.049453826457038746,Very Low Risk,Approve,823
0,0.42720173553248453,Very High Risk,Reject,615
1,0.2999183031392233,High Risk,Reject,685
1,0.23564083366738905,High Risk,Manual Review,720
0,0.308830202286105,High Risk,Reject,680
1,0.11035857851294716,Low Risk,Manual Review,789
0,0.3320866556156396,Very High Risk,Reject,667
0,0.08033579463491537,Very Low Risk,Approve,806
0,0.38042692423077656,Very High Risk,Reject,641
0,0.07661789029466382,Very Low Risk,Approve,808
0,0.044030136160325015,Very Low Risk,Approve,826
1,0.18061836857684602,Medium Risk,Manual Review,751
0,0.3642655419374042,Very High Risk,Reject,650
0,0.0436818176820603,Very Low Risk,Approve,826
0,0.03307580341603136,Very Low Risk,Approve,832
0,0.1542522631437652,Medium Risk,Manual Review,765
0,0.28772763935990014,High Risk,Reject,692
1,0.26104530925881386,High Risk,Reject,706
0,0.17583005743605146,Medium Risk,Manual Review,753
0,0.16404085534063614,Medium Risk,Manual Review,760
0,0.160313473837088,Medium Risk,Manual Review,762
0,0.19296701003155578,Medium Risk,Manual Review,744
0,0.17868667778355163,Medium Risk,Manual Review,752
1,0.11822746085459634,Low Risk,Manual Review,785
0,0.05690246637339113,Very Low Risk,Approve,819
0,0.06783345465942288,Very Low Risk,Approve,813
1,0.4301836546783918,Very High Risk,Reject,613
0,0.08515519224333995,Very Low Risk,Approve,803
0,0.031891980579872595,Very Low Risk,Approve,832
0,0.10881144201468279,Low Risk,Manual Review,790
1,0.36617347657062865,Very High Risk,Reject,649
1,0.3192314017537809,Very High Risk,Reject,674
0,0.05752739682069338,Very Low Risk,Approve,818
0,0.15453426041833618,Medium Risk,Manual Review,765
0,0.17175177040186,Medium Risk,Manual Review,756
0,0.1352989197422612,Low Risk,Manual Review,776
0,0.1322236485133994,Low Risk,Manual Review,777
0,0.0329938182404926,Very Low Risk,Approve,832
0,0.03880675616517567,Very Low Risk,Approve,829
1,0.49973936569808697,Very High Risk,Reject,575
0,0.09559009639459694,Low Risk,Approve,797
0,0.4591637425337871,Very High Risk,Reject,597
0,0.13185866791121237,Low Risk,Manual Review,777
0,0.23575644845260146,High Risk,Manual Review,720
0,0.08710829474310587,Low Risk,Approve,802
0,0.22967467346655376,High Risk,Manual Review,724
0,0.488406470243853,Very High Risk,Reject,581
0,0.49803094527240505,Very High Risk,Reject,576
0,0.0766637461215307,Very Low Risk,Approve,808
0,0.3969681788181272,Very High Risk,Reject,632
0,0.18998335866080573,Medium Risk,Manual Review,746
1,0.3126721156039292,Very High Risk,Reject,678
0,0.1422246386559558,Low Risk,Manual Review,772
0,0.23237480271856348,High Risk,Manual Review,722
0,0.5293747695200652,Very High Risk,Reject,559
0,0.16531711286136042,Medium Risk,Manual Review,759
0,0.0848275330029559,Very Low Risk,Approve,803
0,0.08044681232397825,Very Low Risk,Approve,806
1,0.30302249086945743,High Risk,Reject,683
1,0.2835582256467103,High Risk,Reject,694
0,0.13306814825939708,Low Risk,Manual Review,777
0,0.0945479450682496,Low Risk,Approve,798
1,0.24317041527030525,High Risk,Manual Review,716
1,0.08587227436694776,Very Low Risk,Approve,803
0,0.32147604519974127,Very High Risk,Reject,673
0,0.04550197228261982,Very Low Risk,Approve,825
0,0.18268171489953622,Medium Risk,Manual Review,750
0,0.03232536796455086,Very Low Risk,Approve,832
0,0.22362420827896232,High Risk,Manual Review,727
0,0.355488592922337,Very High Risk,Reject,654
0,0.14005529569923875,Low Risk,Manual Review,773
0,0.5499018689821017,Very High Risk,Reject,548
0,0.05933911520303764,Very Low Risk,Approve,817
0,0.40247846781866914,Very High Risk,Reject,629
0,0.19424863393899658,Medium Risk,Manual Review,743
0,0.11782986803525923,Low Risk,Manual Review,785
0,0.11366747187013629,Low Risk,Manual Review,787
1,0.14693722147558988,Medium Risk,Manual Review,769
0,0.3316237959800164,Very High Risk,Reject,668
0,0.3999973439746355,Very High Risk,Reject,630
0,0.09349697773040858,Low Risk,Approve,799
0,0.208294179663052,Medium Risk,Manual Review,735
0,0.15441816705858102,Medium Risk,Manual Review,765
1,0.14370286833803883,Low Risk,Manual Review,771
0,0.24487068794419126,High Risk,Manual Review,715
1,0.34666944513757314,Very High Risk,Reject,659
0,0.2739488361782641,High Risk,Reject,699
0,0.30138503831222546,High Risk,Reject,684
0,0.282595226804911,High Risk,Reject,695
0,0.36236390989945333,Very High Risk,Reject,651
0,0.1603698104263751,Medium Risk,Manual Review,762
0,0.12774028081619374,Low Risk,Manual Review,780
0,0.2601695914189429,High Risk,Reject,707
0,0.38983776624807326,Very High Risk,Reject,636
0,0.16386279472492934,Medium Risk,Manual Review,760
0,0.3735653821017604,Very High Risk,Reject,645
0,0.09924795631860964,Low Risk,Approve,795
0,0.13825142370378732,Low Risk,Manual Review,774
1,0.3709561528612632,Very High Risk,Reject,646
1,0.45325903191056544,Very High Risk,Reject,601
0,0.33856802471580477,Very High Risk,Reject,664
0,0.057184283336104896,Very Low Risk,Approve,819
0,0.08358048503835998,Very Low Risk,Approve,804
0,0.15392152954283067,Medium Risk,Manual Review,765
0,0.3579712978702281,Very High Risk,Reject,653
1,0.20001714527723416,Medium Risk,Manual Review,740
0,0.3012165658878576,High Risk,Reject,684
0,0.10683584519900959,Low Risk,Manual Review,791
0,0.07409569429069068,Very Low Risk,Approve,809
1,0.10438197198115913,Low Risk,Manual Review,793
0,0.2668291660225512,High Risk,Reject,703
0,0.38678707044846083,Very High Risk,Reject,637
0,0.08516498921743007,Very Low Risk,Approve,803
0,0.17348260030384577,Medium Risk,Manual Review,755
0,0.07268389993706328,Very Low Risk,Approve,810
0,0.07512459643377371,Very Low Risk,Approve,809
0,0.0912010231925462,Low Risk,Approve,800
0,0.15404112170686737,Medium Risk,Manual Review,765
0,0.13251046776222375,Low Risk,Manual Review,777
0,0.3955015787291644,Very High Risk,Reject,632
1,0.39756662205704685,Very High Risk,Reject,631
0,0.15167578019148623,Medium Risk,Manual Review,767
0,0.21566972487925082,High Risk,Manual Review,731
0,0.14995613341326125,Medium Risk,Manual Review,768
0,0.1011573563891755,Low Risk,Manual Review,794
1,0.2740964415505233,High Risk,Reject,699
1,0.4413655849046472,Very High Risk,Reject,607
1,0.26720702416820885,High Risk,Reject,703
0,0.04682756980523927,Very Low Risk,Approve,824
0,0.0431044868254069,Very Low Risk,Approve,826
0,0.21130324945960155,Medium Risk,Manual Review,734
0,0.1766742535664335,Medium Risk,Manual Review,753
0,0.16354137732355595,Medium Risk,Manual Review,760
1,0.057914513138466385,Very Low Risk,Approve,818
1,0.2063243661262313,Medium Risk,Manual Review,737
1,0.14265407029151794,Low Risk,Manual Review,772
0,0.03927747214723597,Very Low Risk,Approve,828
0,0.041584315243270074,Very Low Risk,Approve,827
0,0.10473222887573409,Low Risk,Manual Review,792
0,0.242446965673825,High Risk,Manual Review,717
0,0.1244109321112346,Low Risk,Manual Review,782
0,0.03335183632602172,Very Low Risk,Approve,832
1,0.1282829749244547,Low Risk,Manual Review,779
1,0.20388633721290436,Medium Risk,Manual Review,738
0,0.5278293440718266,Very High Risk,Reject,560
1,0.2791472098697424,High Risk,Reject,696
0,0.14358050308197648,Low Risk,Manual Review,771
1,0.2745992225283815,High Risk,Reject,699
0,0.06934006548577518,Very Low Risk,Approve,812
0,0.20315027600441826,Medium Risk,Manual Review,738
0,0.11577644620541369,Low Risk,Manual Review,786
0,0.1798419775343664,Medium Risk,Manual Review,751
0,0.09647065884838443,Low Risk,Approve,797
0,0.14233387536360384,Low Risk,Manual Review,772
1,0.23769921916579004,High Risk,Manual Review,719
0,0.10324390858037892,Low Risk,Manual Review,793
0,0.1572395694517873,Medium Risk,Manual Review,764
0,0.3507643504240103,Very High Risk,Reject,657
0,0.38657783469259416,Very High Risk,Reject,637
0,0.07703567546590326,Very Low Risk,Approve,808
1,0.2691142151761841,High Risk,Reject,702
0,0.22871802634883892,High Risk,Manual Review,724
0,0.07344226932994645,Very Low Risk,Approve,810
0,0.3778359654030558,Very High Risk,Reject,642
0,0.08381307779066229,Very Low Risk,Approve,804
0,0.04477887287465438,Very Low Risk,Approve,825
0,0.2229899447636011,High Risk,Manual Review,727
0,0.07463898749803416,Very Low Risk,Approve,809
0,0.14035409930617873,Low Risk,Manual Review,773
1,0.3013065107902413,High Risk,Reject,684
0,0.36650866788883585,Very High Risk,Reject,648
0,0.3462885793691229,Very High Risk,Reject,660
0,0.06170037445666374,Very Low Risk,Approve,816
1,0.11777349775437973,Low Risk,Manual Review,785
0,0.17923380601910485,Medium Risk,Manual Review,751
0,0.20541847527920923,Medium Risk,Manual Review,737
1,0.1574989776861234,Medium Risk,Manual Review,763
0,0.04333348127920352,Very Low Risk,Approve,826
0,0.18991210112592716,Medium Risk,Manual Review,746
0,0.056697186383421305,Very Low Risk,Approve,819
0,0.04545951879466981,Very Low Risk,Approve,825
0,0.07048277433543251,Very Low Risk,Approve,811
1,0.2992635374955944,High Risk,Reject,685
0,0.0956512266724922,Low Risk,Approve,797
0,0.27916303601476183,High Risk,Reject,696
0,0.10552738482214241,Low Risk,Manual Review,792
0,0.19078615099610788,Medium Risk,Manual Review,745
1,0.23387846393185252,High Risk,Manual Review,721
0,0.08524104155860365,Very Low Risk,Approve,803
0,0.08761932352866607,Low Risk,Approve,802
0,0.04323699562680918,Very Low Risk,Approve,826
0,0.15151432481804375,Medium Risk,Manual Review,767
1,0.24720989196422924,High Risk,Manual Review,714
0,0.20385325863255502,Medium Risk,Manual Review,738
0,0.09076898538117727,Low Risk,Approve,800
0,0.29677499917498235,High Risk,Reject,687
0,0.4055430926954137,Very High Risk,Reject,627
0,0.2936263782653303,High Risk,Reject,689
0,0.18759365787630036,Medium Risk,Manual Review,747
0,0.12975701187168234,Low Risk,Manual Review,779
0,0.3631216803457779,Very High Risk,Reject,650
0,0.05257046392305372,Very Low Risk,Approve,821
0,0.13676539317236455,Low Risk,Manual Review,775
0,0.1806383172853326,Medium Risk,Manual Review,751
0,0.18945518134532563,Medium Risk,Manual Review,746
1,0.49145016929847596,Very High Risk,Reject,580
0,0.43014350474094065,Very High Risk,Reject,613
0,0.06431810533517186,Very Low Risk,Approve,815
1,0.2789357395013447,High Risk,Reject,697
0,0.17003849740577995,Medium Risk,Manual Review,756
0,0.4552291265848126,Very High Risk,Reject,600
1,0.35430554151997273,Very High Risk,Reject,655
0,0.09835858285813849,Low Risk,Approve,796
0,0.21234639781936718,Medium Risk,Manual Review,733
1,0.11046589199504737,Low Risk,Manual Review,789
0,0.41929965490316545,Very High Risk,Reject,619
1,0.3860422740020299,Very High Risk,Reject,638
0,0.24041692508229537,High Risk,Manual Review,718
0,0.24439950379231637,High Risk,Manual Review,716
0,0.08716629542325506,Low Risk,Approve,802
0,0.046546939563077115,Very Low Risk,Approve,824
0,0.2576451136623383,High Risk,Reject,708
0,0.04523691815428041,Very Low Risk,Approve,825
0,0.2459303658454924,High Risk,Manual Review,715
0,0.4279382052629616,Very High Risk,Reject,615
0,0.14253721969831573,Low Risk,Manual Review,772
0,0.6266553546985545,Very High Risk,Reject,505
0,0.038915389591045416,Very Low Risk,Approve,829
0,0.2493059264513327,High Risk,Manual Review,713
0,0.08959109258075838,Low Risk,Approve,801
1,0.1703713063546308,Medium Risk,Manual Review,756
0,0.330143619073648,Very High Risk,Reject,668
0,0.19105866238243815,Medium Risk,Manual Review,745
0,0.11563671542079243,Low Risk,Manual Review,786
0,0.20194912410806634,Medium Risk,Manual Review,739
0,0.14689292947157576,Medium Risk,Manual Review,769
0,0.12881011745445503,Low Risk,Manual Review,779
0,0.17064719707561357,Medium Risk,Manual Review,756
0,0.4615987210385261,Very High Risk,Reject,596
1,0.2596719916480872,High Risk,Reject,707
1,0.36029286905482966,Very High Risk,Reject,652
1,0.30707876417660146,High Risk,Reject,681
0,0.09060293192628804,Low Risk,Approve,800
0,0.12304830212905356,Low Risk,Manual Review,782
1,0.39940095128269393,Very High Risk,Reject,630
0,0.19978896674896982,Medium Risk,Manual Review,740
0,0.07960542528930485,Very Low Risk,Approve,806
0,0.1568679730034135,Medium Risk,Manual Review,764
0,0.03802799356394169,Very Low Risk,Approve,829
0,0.3011765161276686,High Risk,Reject,684
0,0.09235019895680749,Low Risk,Approve,799
0,0.14943797632182887,Medium Risk,Manual Review,768
0,0.05346306177328568,Very Low Risk,Approve,821
0,0.15642558665249742,Medium Risk,Manual Review,764
1,0.12990051205972664,Low Risk,Manual Review,779
0,0.11322657148243567,Low Risk,Manual Review,788
0,0.15982939496171164,Medium Risk,Manual Review,762
0,0.2844085935671352,High Risk,Reject,694
1,0.46336474901046193,Very High Risk,Reject,595
0,0.3846063936488475,Very High Risk,Reject,638
0,0.06252425412053549,Very Low Risk,Approve,816
1,0.27659290453846025,High Risk,Reject,698
1,0.40520951825993834,Very High Risk,Reject,627
0,0.1513623482490513,Medium Risk,Manual Review,767
0,0.05522354661179716,Very Low Risk,Approve,820
0,0.0961795771858777,Low Risk,Approve,797
1,0.2463197022907021,High Risk,Manual Review,715
0,0.4214916037595634,Very High Risk,Reject,618
0,0.04911741854821986,Very Low Risk,Approve,823
0,0.061719824049837745,Very Low Risk,Approve,816
0,0.14609508805538896,Medium Risk,Manual Review,770
0,0.04859079405070289,Very Low Risk,Approve,823
0,0.23830823950297328,High Risk,Manual Review,719
0,0.1340305431601109,Low Risk,Manual Review,776
0,0.19951613510765268,Medium Risk,Manual Review,740
0,0.22970670561640305,High Risk,Manual Review,724
0,0.39751632930307246,Very High Risk,Reject,631
0,0.056311121153054554,Very Low Risk,Approve,819
0,0.1908137753932453,Medium Risk,Manual Review,745
0,0.06368914415760583,Very Low Risk,Approve,815
0,0.15321783540214395,Medium Risk,Manual Review,766
0,0.11503755768214613,Low Risk,Manual Review,787
0,0.032307147069178525,Very Low Risk,Approve,832
1,0.139180044643189,Low Risk,Manual Review,773
0,0.38670064070509036,Very High Risk,Reject,637
0,0.25025979774964113,High Risk,Reject,712
0,0.0642067083321404,Very Low Risk,Approve,815
0,0.03192437376171606,Very Low Risk,Approve,832
0,0.06513110501341533,Very Low Risk,Approve,814
1,0.2789067737749547,High Risk,Reject,697
0,0.1927887899223498,Medium Risk,Manual Review,744
0,0.267144759107821,High Risk,Reject,703
1,0.29540638447552314,High Risk,Reject,688
0,0.12662051025661153,Low Risk,Manual Review,780
0,0.17178985311322204,Medium Risk,Manual Review,756
0,0.22973369059927395,High Risk,Manual Review,724
1,0.25492949310067214,High Risk,Reject,710
0,0.6101159025736362,Very High Risk,Reject,514
0,0.09316839146006403,Low Risk,Approve,799
0,0.20024605313398197,Medium Risk,Manual Review,740
0,0.4949837708014381,Very High Risk,Reject,578
0,0.1144061968411408,Low Risk,Manual Review,787
0,0.059597382946059506,Very Low Risk,Approve,817
0,0.24646869649754302,High Risk,Manual Review,714
1,0.4219169612252719,Very High Risk,Reject,618
0,0.09538469537322807,Low Risk,Approve,798
0,0.1683459345282635,Medium Risk,Manual Review,757
0,0.20152998952814793,Medium Risk,Manual Review,739
0,0.11442717347618062,Low Risk,Manual Review,787
0,0.21481284236466017,High Risk,Manual Review,732
0,0.24109009080650226,High Risk,Manual Review,717
0,0.10857307812023716,Low Risk,Manual Review,790
0,0.08140715198847785,Very Low Risk,Approve,805
0,0.14765222332039846,Medium Risk,Manual Review,769
0,0.19764732108903083,Medium Risk,Manual Review,741
0,0.2507766565203619,High Risk,Reject,712
1,0.49194149192152864,Very High Risk,Reject,579
0,0.44955095914383675,Very High Risk,Reject,603
0,0.06050123970273476,Very Low Risk,Approve,817
0,0.2664665208359571,High Risk,Reject,703
1,0.3925944739218496,Very High Risk,Reject,634
0,0.14674192602394365,Medium Risk,Manual Review,769
0,0.283051966633419,High Risk,Reject,694
0,0.23766573030155955,High Risk,Manual Review,719
0,0.04021370717293418,Very Low Risk,Approve,828
0,0.11814126806295885,Low Risk,Manual Review,785
0,0.19677313409372343,Medium Risk,Manual Review,742
0,0.18831549816037552,Medium Risk,Manual Review,746
0,0.34875370967564395,Very High Risk,Reject,658
0,0.269228542280835,High Risk,Reject,702
0,0.3310313236628163,Very High Risk,Reject,668
0,0.3645578624541613,Very High Risk,Reject,649
0,0.12124115274402669,Low Risk,Manual Review,783
0,0.23117280779227514,High Risk,Manual Review,723
0,0.021952142876532504,Very Low Risk,Approve,838
0,0.44926819307989646,Very High Risk,Reject,603
1,0.3303098789432703,Very High Risk,Reject,668
0,0.19877170947992276,Medium Risk,Manual Review,741
0,0.31915898584264274,Very High Risk,Reject,674
1,0.17029034833874226,Medium Risk,Manual Review,756
1,0.3520103785926844,Very High Risk,Reject,656
0,0.03654700998566442,Very Low Risk,Approve,830
0,0.061031079507732774,Very Low Risk,Approve,816
0,0.0913937359538306,Low Risk,Approve,800
0,0.07450398543528756,Very Low Risk,Approve,809
0,0.06436599459633642,Very Low Risk,Approve,815
1,0.27720321745950394,High Risk,Reject,698
0,0.033710474890252945,Very Low Risk,Approve,831
0,0.02797371303271236,Very Low Risk,Approve,835
0,0.181292551370123,Medium Risk,Manual Review,750
0,0.15237771060364214,Medium Risk,Manual Review,766
0,0.2974702658777201,High Risk,Reject,686
1,0.27784733997025435,High Risk,Reject,697
1,0.24930457701948175,High Risk,Manual Review,713
0,0.11412926238344061,Low Risk,Manual Review,787
0,0.11602136592530514,Low Risk,Manual Review,786
0,0.2324362262018304,High Risk,Manual Review,722
0,0.16587729650306113,Medium Risk,Manual Review,759
0,0.09118573396921759,Low Risk,Approve,800
0,0.058295822446157296,Very Low Risk,Approve,818
0,0.17553587957460476,Medium Risk,Manual Review,753
0,0.23660824068429548,High Risk,Manual Review,720
1,0.29413827537470266,High Risk,Reject,688
0,0.34784271402188693,Very High Risk,Reject,659
1,0.15250478360139882,Medium Risk,Manual Review,766
0,0.13015029993023355,Low Risk,Manual Review,778
1,0.0695209831233918,Very Low Risk,Approve,812
1,0.38123795004619704,Very High Risk,Reject,640
0,0.05324798556269929,Very Low Risk,Approve,821
0,0.4740670398199295,Very High Risk,Reject,589
1,0.0314736979567784,Very Low Risk,Approve,833
0,0.035211918614946436,Very Low Risk,Approve,831
1,0.24331454615859258,High Risk,Manual Review,716
0,0.3102778724536302,High Risk,Reject,679
0,0.11940177728143307,Low Risk,Manual Review,784
0,0.09198267006663594,Low Risk,Approve,799
0,0.098533378783612,Low Risk,Approve,796
0,0.1967592967900931,Medium Risk,Manual Review,742
0,0.14153612142267297,Low Risk,Manual Review,772
0,0.10581077437437675,Low Risk,Manual Review,792
0,0.13389017166587094,Low Risk,Manual Review,776
0,0.07733452385097984,Very Low Risk,Approve,807
0,0.26487717013605266,High Risk,Reject,704
1,0.36033917897224627,Very High Risk,Reject,652
0,0.0679084570541373,Very Low Risk,Approve,813
0,0.11592456365467747,Low Risk,Manual Review,786
0,0.06455853747421986,Very Low Risk,Approve,814
0,0.03377263070310992,Very Low Risk,Approve,831
0,0.1477927562612829,Medium Risk,Manual Review,769
0,0.2846875327562167,High Risk,Reject,693
0,0.13248143544549795,Low Risk,Manual Review,777
0,0.23921604319340012,High Risk,Manual Review,718
0,0.05087645862435628,Very Low Risk,Approve,822
0,0.27661139352964387,High Risk,Reject,698
0,0.04720361215475398,Very Low Risk,Approve,824
0,0.13652519502275295,Low Risk,Manual Review,775
0,0.3700117174174658,Very High Risk,Reject,646
0,0.026113946034732907,Very Low Risk,Approve,836
0,0.13842481448142738,Low Risk,Manual Review,774
0,0.13261852608325692,Low Risk,Manual Review,777
0,0.190384170078759,Medium Risk,Manual Review,745
0,0.5023526540186356,Very High Risk,Reject,574
0,0.1543249748397948,Medium Risk,Manual Review,765
0,0.15086728452060988,Medium Risk,Manual Review,767
1,0.034718255947864596,Very Low Risk,Approve,831
1,0.1980816678843782,Medium Risk,Manual Review,741
0,0.41206087123521423,Very High Risk,Reject,623
0,0.15020730230408197,Medium Risk,Manual Review,767
0,0.08467903408482648,Very Low Risk,Approve,803
0,0.03116962945998498,Very Low Risk,Approve,833
0,0.22358864764855468,High Risk,Manual Review,727
0,0.43747503397971105,Very High Risk,Reject,609
0,0.4348452402962446,Very High Risk,Reject,611
0,0.23173009839565598,High Risk,Manual Review,723
1,0.15516790318308948,Medium Risk,Manual Review,765
0,0.13505561181905676,Low Risk,Manual Review,776
0,0.13028915848808437,Low Risk,Manual Review,778
1,0.2603675435064388,High Risk,Reject,707
0,0.42891793057478,Very High Risk,Reject,614
0,0.32187941678108983,Very High Risk,Reject,673
1,0.13375412627315705,Low Risk,Manual Review,776
0,0.26042342714301603,High Risk,Reject,707
0,0.27037299464850223,High Risk,Reject,701
1,0.24997222766947547,High Risk,Manual Review,713
0,0.06565525121628954,Very Low Risk,Approve,814
0,0.3129467876693624,Very High Risk,Reject,678
0,0.15736188320334768,Medium Risk,Manual Review,763
0,0.061993332022008074,Very Low Risk,Approve,816
0,0.45476512186885254,Very High Risk,Reject,600
0,0.34911559532482134,Very High Risk,Reject,658
0,0.2014832071953401,Medium Risk,Manual Review,739
1,0.2869900123601378,High Risk,Reject,692
1,0.4386880519097895,Very High Risk,Reject,609
0,0.09582173616769069,Low Risk,Approve,797
0,0.21870863411776933,High Risk,Manual Review,730
0,0.04444256406608493,Very Low Risk,Approve,826
0,0.20392379248086742,Medium Risk,Manual Review,738
0,0.0896966770179249,Low Risk,Approve,801
0,0.39590785748361873,Very High Risk,Reject,632
0,0.06976105503992247,Very Low Risk,Approve,812
0,0.07559304613964249,Very Low Risk,Approve,808
0,0.28772642371971874,High Risk,Reject,692
0,0.07673390514436855,Very Low Risk,Approve,808
0,0.05356249706878602,Very Low Risk,Approve,821
0,0.08532839598973901,Very Low Risk,Approve,803
0,0.16260104588700158,Medium Risk,Manual Review,761
0,0.12260769165460315,Low Risk,Manual Review,783
0,0.09488850057615067,Low Risk,Approve,798
1,0.11165368670682196,Low Risk,Manual Review,789
0,0.10710602415043328,Low Risk,Manual Review,791
0,0.13083970254104632,Low Risk,Manual Review,778
0,0.08277936607134542,Very Low Risk,Approve,804
0,0.07683659305164023,Very Low Risk,Approve,808
0,0.1441833663330899,Low Risk,Manual Review,771
0,0.315143576509594,Very High Risk,Reject,677
0,0.1066088694898978,Low Risk,Manual Review,791
0,0.10103099355987766,Low Risk,Manual Review,794
0,0.5333849659838139,Very High Risk,Reject,557
1,0.3297769255865629,Very High Risk,Reject,669
1,0.16239274271199466,Medium Risk,Manual Review,761
1,0.3071294878352706,High Risk,Reject,681
0,0.12569176742486657,Low Risk,Manual Review,781
0,0.29764641122524554,High Risk,Reject,686
0,0.1329900808159896,Low Risk,Manual Review,777
0,0.0664010136962573,Very Low Risk,Approve,813
0,0.18875596844322973,Medium Risk,Manual Review,746
1,0.24317042680286605,High Risk,Manual Review,716
1,0.12439444242823298,Low Risk,Manual Review,782
0,0.03799718122917669,Very Low Risk,Approve,829
1,0.20695705593517844,Medium Risk,Manual Review,736
0,0.21993840061219963,High Risk,Manual Review,729
0,0.0839962928918887,Very Low Risk,Approve,804
0,0.1474764881503681,Medium Risk,Manual Review,769
1,0.2735135558150486,High Risk,Reject,700
0,0.22510994599592501,High Risk,Manual Review,726
0,0.33603814588335346,Very High Risk,Reject,665
0,0.15444420361492106,Medium Risk,Manual Review,765
0,0.26037694122221716,High Risk,Reject,707
0,0.44576824014887517,Very High Risk,Reject,605
0,0.08536197919396281,Very Low Risk,Approve,803
0,0.2462757940348198,High Risk,Manual Review,715
0,0.3323047476379801,Very High Risk,Reject,667
0,0.2070398136098225,Medium Risk,Manual Review,736
0,0.2816037011429234,High Risk,Reject,695
0,0.2424923666832543,High Risk,Manual Review,717
0,0.07812708355335611,Very Low Risk,Approve,807
0,0.19739760614153612,Medium Risk,Manual Review,741
0,0.22421299791714272,High Risk,Manual Review,727
0,0.15482352063919613,Medium Risk,Manual Review,765
1,0.2140441656564158,High Risk,Manual Review,732
1,0.1649432328623652,Medium Risk,Manual Review,759
1,0.09440091262704417,Low Risk,Approve,798
0,0.18482546163788774,Medium Risk,Manual Review,748
0,0.20204682405943897,Medium Risk,Manual Review,739
0,0.19284381248484717,Medium Risk,Manual Review,744
1,0.050502477566631315,Very Low Risk,Approve,822
1,0.1850419914475612,Medium Risk,Manual Review,748
0,0.1867273423279894,Medium Risk,Manual Review,747
0,0.18238867554282603,Medium Risk,Manual Review,750
1,0.15246268243799369,Medium Risk,Manual Review,766
0,0.09582668559293499,Low Risk,Approve,797
0,0.05682376592018834,Very Low Risk,Approve,819
1,0.26021168714544307,High Risk,Reject,707
1,0.3658326912335155,Very High Risk,Reject,649
0,0.15465985271516958,Medium Risk,Manual Review,765
0,0.1102416929029584,Low Risk,Manual Review,789
0,0.46465782242727904,Very High Risk,Reject,594
0,0.1974085297056764,Medium Risk,Manual Review,741
0,0.18608541775717488,Medium Risk,Manual Review,748
0,0.05415107352356277,Very Low Risk,Approve,820
0,0.034266515776811605,Very Low Risk,Approve,831
0,0.05583181721933516,Very Low Risk,Approve,819
0,0.3746603403095714,Very High Risk,Reject,644
0,0.19714740798628805,Medium Risk,Manual Review,742
0,0.09211123901713278,Low Risk,Approve,799
1,0.05664368837621577,Very Low Risk,Approve,819
0,0.05693951686787818,Very Low Risk,Approve,819
0,0.15407465851707647,Medium Risk,Manual Review,765
0,0.039595552601622105,Very Low Risk,Approve,828
0,0.16911130345443612,Medium Risk,Manual Review,757
0,0.08520710207324962,Very Low Risk,Approve,803
1,0.3351000156405949,Very High Risk,Reject,666
0,0.13691272335196164,Low Risk,Manual Review,775
0,0.23822012532419354,High Risk,Manual Review,719
1,0.3388247845352284,Very High Risk,Reject,664
0,0.33988390684028313,Very High Risk,Reject,663
0,0.22499779083787214,High Risk,Manual Review,726
0,0.09401841700828716,Low Risk,Approve,798
0,0.17682311073730117,Medium Risk,Manual Review,753
0,0.20518697836350414,Medium Risk,Manual Review,737
1,0.18983855232169558,Medium Risk,Manual Review,746
1,0.14290679006464221,Low Risk,Manual Review,771
0,0.23629106853538653,High Risk,Manual Review,720
0,0.09777480542810636,Low Risk,Approve,796
0,0.15479655596744132,Medium Risk,Manual Review,765
0,0.147940487574625,Medium Risk,Manual Review,769
0,0.16494902957092414,Medium Risk,Manual Review,759
0,0.32005107555205453,Very High Risk,Reject,674
1,0.2112025192995879,Medium Risk,Manual Review,734
1,0.1295533695993456,Low Risk,Manual Review,779
1,0.09218150607043733,Low Risk,Approve,799
0,0.34987460740530113,Very High Risk,Reject,658
0,0.11850967546289674,Low Risk,Manual Review,785
0,0.290540580594929,High Risk,Reject,690
0,0.18533557261677813,Medium Risk,Manual Review,748
0,0.40690868575996925,Very High Risk,Reject,626
1,0.24731113797144835,High Risk,Manual Review,714
0,0.13764247412203298,Low Risk,Manual Review,774
0,0.3379149766877348,Very High Risk,Reject,664
0,0.16416152437024562,Medium Risk,Manual Review,760
0,0.2468657836775813,High Risk,Manual Review,714
0,0.0971515637682847,Low Risk,Approve,797
0,0.035018596607363964,Very Low Risk,Approve,831
0,0.09694959561298178,Low Risk,Approve,797
0,0.14027944127802194,Low Risk,Manual Review,773
0,0.09102626203066425,Low Risk,Approve,800
0,0.3692965283862078,Very High Risk,Reject,647
0,0.06914727855033102,Very Low Risk,Approve,812
0,0.22043692276902777,High Risk,Manual Review,729
0,0.12881793422302723,Low Risk,Manual Review,779
0,0.2355001752993939,High Risk,Manual Review,720
0,0.12146236948326129,Low Risk,Manual Review,783
1,0.3623671489744593,Very High Risk,Reject,651
0,0.10134138223604056,Low Risk,Manual Review,794
0,0.20840936876203883,Medium Risk,Manual Review,735
1,0.4732928021739648,Very High Risk,Reject,590
0,0.4297673310847106,Very High Risk,Reject,614
1,0.3348155245734723,Very High Risk,Reject,666
0,0.09381362388210683,Low Risk,Approve,798
0,0.21323770300426442,Medium Risk,Manual Review,733
1,0.4339178705507225,Very High Risk,Reject,611
0,0.35606379551205863,Very High Risk,Reject,654
0,0.06821462281029739,Very Low Risk,Approve,812
0,0.04457221076525467,Very Low Risk,Approve,825
0,0.3291827812677951,Very High Risk,Reject,669
0,0.1346810839490372,Low Risk,Manual Review,776
0,0.16710769201998435,Medium Risk,Manual Review,758
0,0.2297013079564579,High Risk,Manual Review,724
0,0.12583248462168625,Low Risk,Manual Review,781
1,0.16704984443957877,Medium Risk,Manual Review,758
0,0.38022723276667475,Very High Risk,Reject,641
0,0.05432806614483067,Very Low Risk,Approve,820
0,0.4317549106817212,Very High Risk,Reject,613
1,0.45748318709520364,Very High Risk,Reject,598
0,0.05529868956017809,Very Low Risk,Approve,820
0,0.20755336559299037,Medium Risk,Manual Review,736
0,0.27444344110034447,High Risk,Reject,699
0,0.17242745247343402,Medium Risk,Manual Review,755
0,0.023339868468045286,Very Low Risk,Approve,837
0,0.11565136698576445,Low Risk,Manual Review,786
0,0.252494082904069,High Risk,Reject,711
0,0.07378935426737858,Very Low Risk,Approve,809
1,0.12687535917387915,Low Risk,Manual Review,780
0,0.2596215053619584,High Risk,Reject,707
1,0.21541914384260166,High Risk,Manual Review,732
0,0.23222320384836864,High Risk,Manual Review,722
1,0.11493921176014596,Low Risk,Manual Review,787
0,0.10983012866988431,Low Risk,Manual Review,790
0,0.15264305376953893,Medium Risk,Manual Review,766
0,0.18708302157123557,Medium Risk,Manual Review,747
1,0.22938738593709074,High Risk,Manual Review,724
0,0.08346997320327157,Very Low Risk,Approve,804
0,0.07096868170284093,Very Low Risk,Approve,811
0,0.19143143048265296,Medium Risk,Manual Review,745
0,0.39150532514807324,Very High Risk,Reject,635
1,0.37048830590478143,Very High Risk,Reject,646
0,0.1300092228022886,Low Risk,Manual Review,778
0,0.41685748062788236,Very High Risk,Reject,621
0,0.3341751012693389,Very High Risk,Reject,666
1,0.3297832304929997,Very High Risk,Reject,669
0,0.11759517002471043,Low Risk,Manual Review,785
0,0.2524569706893443,High Risk,Reject,711
0,0.3961126249158417,Very High Risk,Reject,632
0,0.45636077728238295,Very High Risk,Reject,599
1,0.44362503725667074,Very High Risk,Reject,606
1,0.6022720417271316,Very High Risk,Reject,519
0,0.059114286736300814,Very Low Risk,Approve,817
0,0.18895374366505596,Medium Risk,Manual Review,746
0,0.34721713648983776,Very High Risk,Reject,659
0,0.14167188618077,Low Risk,Manual Review,772
0,0.18194217470646795,Medium Risk,Manual Review,750
1,0.08655253413827765,Very Low Risk,Approve,802
0,0.20401155252467243,Medium Risk,Manual Review,738
1,0.4363834089888118,Very High Risk,Reject,610
0,0.33834261480143135,Very High Risk,Reject,664
0,0.23092288548413334,High Risk,Manual Review,723
0,0.07728886340927836,Very Low Risk,Approve,807
0,0.37262868846630387,Very High Risk,Reject,645
0,0.12512289222319328,Low Risk,Manual Review,781
0,0.06467744769070705,Very Low Risk,Approve,814
0,0.06216255405374458,Very Low Risk,Approve,816
0,0.2709908586206348,High Risk,Reject,701
0,0.038866188557782386,Very Low Risk,Approve,829
0,0.10266898752775698,Low Risk,Manual Review,794
0,0.1062785288081894,Low Risk,Manual Review,792
0,0.09589771055592441,Low Risk,Approve,797
0,0.03346290317879941,Very Low Risk,Approve,832
0,0.15224364421828743,Medium Risk,Manual Review,766
0,0.20185682748541633,Medium Risk,Manual Review,739
0,0.1374197302138248,Low Risk,Manual Review,774
0,0.4903207551554683,Very High Risk,Reject,580
1,0.28850732213684177,High Risk,Reject,691
0,0.24124979389415974,High Risk,Manual Review,717
0,0.2407478925088441,High Risk,Manual Review,718
0,0.15149989854881973,Medium Risk,Manual Review,767
0,0.07671295054946539,Very Low Risk,Approve,808
0,0.055208329363606805,Very Low Risk,Approve,820
0,0.05871427232360315,Very Low Risk,Approve,818
0,0.13246093871786488,Low Risk,Manual Review,777
0,0.10040345499845801,Low Risk,Manual Review,795
0,0.036226628711508314,Very Low Risk,Approve,830
1,0.2959303428249901,High Risk,Reject,687
0,0.05949408200115027,Very Low Risk,Approve,817
0,0.1817753493782494,Medium Risk,Manual Review,750
0,0.04298848714635233,Very Low Risk,Approve,826
0,0.3752881559270704,Very High Risk,Reject,644
0,0.1778451098489625,Medium Risk,Manual Review,752
0,0.10418324926041747,Low Risk,Manual Review,793
0,0.1246545589979166,Low Risk,Manual Review,781
1,0.18622503512964275,Medium Risk,Manual Review,748
0,0.30025022356977893,High Risk,Reject,685
0,0.09204434040431751,Low Risk,Approve,799
0,0.19931214461428096,Medium Risk,Manual Review,740
0,0.07117143986101353,Very Low Risk,Approve,811
0,0.23574884309997954,High Risk,Manual Review,720
0,0.2088968118828711,Medium Risk,Manual Review,735
0,0.2654840022415059,High Risk,Reject,704
0,0.32168450636803075,Very High Risk,Reject,673
0,0.23647293304739228,High Risk,Manual Review,720
0,0.10810162609512813,Low Risk,Manual Review,791
0,0.1418925643368622,Low Risk,Manual Review,772
0,0.09543686126310645,Low Risk,Approve,798
0,0.05963345562370122,Very Low Risk,Approve,817
0,0.12433684315336754,Low Risk,Manual Review,782
0,0.12384444631892819,Low Risk,Manual Review,782
0,0.09326304977605333,Low Risk,Approve,799
1,0.3246924985746648,Very High Risk,Reject,671
0,0.09636798117217656,Low Risk,Approve,797
0,0.0815128724724526,Very Low Risk,Approve,805
0,0.21316264520619702,Medium Risk,Manual Review,733
0,0.0928880471443764,Low Risk,Approve,799
1,0.39956622570068495,Very High Risk,Reject,630
0,0.20604282309123462,Medium Risk,Manual Review,737
0,0.10964407712172788,Low Risk,Manual Review,790
0,0.0881795812301125,Low Risk,Approve,802
0,0.07060557814466827,Very Low Risk,Approve,811
0,0.06934877387754591,Very Low Risk,Approve,812
0,0.20608912887349268,Medium Risk,Manual Review,737
1,0.5552997589091776,Very High Risk,Reject,545
1,0.08948591159121586,Low Risk,Approve,801
1,0.24235485236022683,High Risk,Manual Review,717
0,0.05318651541364027,Very Low Risk,Approve,821
0,0.35660008396312065,Very High Risk,Reject,654
0,0.2940581278135995,High Risk,Reject,688
1,0.22256251612627484,High Risk,Manual Review,728
0,0.10694258366197062,Low Risk,Manual Review,791
0,0.4302490320686614,Very High Risk,Reject,613
0,0.16799859205385095,Medium Risk,Manual Review,758
1,0.3787516591917166,Very High Risk,Reject,642
0,0.4917671143833223,Very High Risk,Reject,580
1,0.41448551190174004,Very High Risk,Reject,622
0,0.35417640158013186,Very High Risk,Reject,655
0,0.1871855300844652,Medium Risk,Manual Review,747
0,0.3359960220583419,Very High Risk,Reject,665
0,0.3664467871358425,Very High Risk,Reject,648
0,0.2361281445803258,High Risk,Manual Review,720
0,0.23811306308551453,High Risk,Manual Review,719
0,0.04342046719549731,Very Low Risk,Approve,826
0,0.27599476610518436,High Risk,Reject,698
0,0.06328465212665565,Very Low Risk,Approve,815
0,0.16211082090932993,Medium Risk,Manual Review,761
0,0.22653623278159285,High Risk,Manual Review,725
0,0.05630433158008695,Very Low Risk,Approve,819
0,0.19029905096661368,Medium Risk,Manual Review,745
0,0.08733825419707307,Low Risk,Approve,802
0,0.16177948866101552,Medium Risk,Manual Review,761
0,0.08796178364926376,Low Risk,Approve,802
0,0.0698038213395697,Very Low Risk,Approve,812
0,0.15390933102007454,Medium Risk,Manual Review,765
0,0.08937841916654193,Low Risk,Approve,801
0,0.10708019193438009,Low Risk,Manual Review,791
1,0.17905700676688288,Medium Risk,Manual Review,752
0,0.10330851384979388,Low Risk,Manual Review,793
0,0.1492284538679631,Medium Risk,Manual Review,768
0,0.40379475910122586,Very High Risk,Reject,628
0,0.09655754400939003,Low Risk,Approve,797
1,0.3479155278485857,Very High Risk,Reject,659
0,0.48208936590962237,Very High Risk,Reject,585
0,0.0840494752679612,Very Low Risk,Approve,804
0,0.047874225721489895,Very Low Risk,Approve,824
0,0.38008621068669884,Very High Risk,Reject,641
0,0.25572833968068587,High Risk,Reject,709
0,0.12451195148131534,Low Risk,Manual Review,782
0,0.09248069813490992,Low Risk,Approve,799
0,0.1482999380551961,Medium Risk,Manual Review,768
0,0.08310898867362929,Very Low Risk,Approve,804
0,0.059739297619638934,Very Low Risk,Approve,817
0,0.05208421818789825,Very Low Risk,Approve,821
0,0.16843530511729227,Medium Risk,Manual Review,757
1,0.5594718769317701,Very High Risk,Reject,542
0,0.15871454456763892,Medium Risk,Manual Review,763
0,0.17960142691637038,Medium Risk,Manual Review,751
1,0.14812047986669385,Medium Risk,Manual Review,769
0,0.13627917339206327,Low Risk,Manual Review,775
0,0.07196662594107187,Very Low Risk,Approve,810
1,0.24758096484930348,High Risk,Manual Review,714
1,0.2803989534012052,High Risk,Reject,696
1,0.4551245204017034,Very High Risk,Reject,600
0,0.31768853167564437,Very High Risk,Reject,675
0,0.07516160768799617,Very Low Risk,Approve,809
0,0.3701529768395617,Very High Risk,Reject,646
1,0.2998378379134752,High Risk,Reject,685
0,0.1599938250555787,Medium Risk,Manual Review,762
0,0.07165658386581228,Very Low Risk,Approve,811
0,0.17461000900196696,Medium Risk,Manual Review,754
1,0.19999172351228608,Medium Risk,Manual Review,740
1,0.39279856189232154,Very High Risk,Reject,634
0,0.2676466330623752,High Risk,Reject,703
0,0.04958392828798439,Very Low Risk,Approve,823
1,0.23006329483173887,High Risk,Manual Review,723
0,0.07132581420566746,Very Low Risk,Approve,811
0,0.13612481171092086,Low Risk,Manual Review,775
0,0.315808292151945,Very High Risk,Reject,676
1,0.1463024261625754,Medium Risk,Manual Review,770
0,0.060789120829769186,Very Low Risk,Approve,817
0,0.3593793529238297,Very High Risk,Reject,652
0,0.08618532951663722,Very Low Risk,Approve,803
1,0.4003120620225399,Very High Risk,Reject,630
0,0.24008133209158544,High Risk,Manual Review,718
0,0.10491166808112597,Low Risk,Manual Review,792
1,0.4977118975863892,Very High Risk,Reject,576
0,0.2663006125447504,High Risk,Reject,704
0,0.20002109811879268,Medium Risk,Manual Review,740
0,0.1415833613920051,Low Risk,Manual Review,772
0,0.2114004737612922,Medium Risk,Manual Review,734
0,0.036954287586072,Very Low Risk,Approve,830
1,0.35670363738866157,Very High Risk,Reject,654
0,0.09587209869771512,Low Risk,Approve,797
0,0.24488352480553335,High Risk,Manual Review,715
0,0.22546646102594017,High Risk,Manual Review,726
0,0.5012613106016928,Very High Risk,Reject,574
1,0.3261214407416201,Very High Risk,Reject,671
0,0.20531947894382668,Medium Risk,Manual Review,737
0,0.15042399114918373,Medium Risk,Manual Review,767
0,0.16449120585569776,Medium Risk,Manual Review,760
0,0.24059741057050238,High Risk,Manual Review,718
0,0.20943902963350822,Medium Risk,Manual Review,735
0,0.06433995978997263,Very Low Risk,Approve,815
0,0.5257320347789515,Very High Risk,Reject,561
0,0.26935282148819234,High Risk,Reject,702
0,0.1561369133926113,Medium Risk,Manual Review,764
0,0.1383845599043859,Low Risk,Manual Review,774
0,0.47097695411023927,Very High Risk,Reject,591
1,0.4706041312821876,Very High Risk,Reject,591
0,0.29394422550753274,High Risk,Reject,688
1,0.41685187125292894,Very High Risk,Reject,621
1,0.1510187868802122,Medium Risk,Manual Review,767
0,0.09515146899097081,Low Risk,Approve,798
1,0.3974780146467865,Very High Risk,Reject,631
0,0.4885869405665058,Very High Risk,Reject,581
0,0.1437096582164893,Low Risk,Manual Review,771
0,0.23432751711118877,High Risk,Manual Review,721
0,0.07367478342088452,Very Low Risk,Approve,809
1,0.3734800895676199,Very High Risk,Reject,645
0,0.07099234079820785,Very Low Risk,Approve,811
0,0.12397445698958957,Low Risk,Manual Review,782
1,0.3506144943948901,Very High Risk,Reject,657
0,0.028803424964184463,Very Low Risk,Approve,834
0,0.14197628441273544,Low Risk,Manual Review,772
0,0.15661687441464855,Medium Risk,Manual Review,764
0,0.190070995840137,Medium Risk,Manual Review,745
0,0.3002628333016429,High Risk,Reject,685
0,0.17544188441450903,Medium Risk,Manual Review,754
1,0.3088779441581422,High Risk,Reject,680
0,0.08505118066174862,Very Low Risk,Approve,803
0,0.16486865098184758,Medium Risk,Manual Review,759
0,0.263514643280496,High Risk,Reject,705
0,0.3158437889620967,Very High Risk,Reject,676
0,0.3308519072499211,Very High Risk,Reject,668
0,0.2387922920867476,High Risk,Manual Review,719
0,0.3136446713895129,Very High Risk,Reject,677
0,0.15591152329699787,Medium Risk,Manual Review,764
0,0.14145843917503645,Low Risk,Manual Review,772
0,0.09200325928567356,Low Risk,Approve,799
0,0.2688934477095822,High Risk,Reject,702
0,0.1650865492277961,Medium Risk,Manual Review,759
0,0.09580918032612046,Low Risk,Approve,797
0,0.07324294572546078,Very Low Risk,Approve,810
1,0.2846703265136871,High Risk,Reject,693
1,0.2946665146862093,High Risk,Reject,688
0,0.43774243062039914,Very High Risk,Reject,609
0,0.22485110825039856,High Risk,Manual Review,726
0,0.05154440009061933,Very Low Risk,Approve,822
0,0.033426890686070826,Very Low Risk,Approve,832
1,0.3099662801696159,High Risk,Reject,680
0,0.25059143506051634,High Risk,Reject,712
0,0.07901303631338527,Very Low Risk,Approve,807
0,0.10020861448787143,Low Risk,Manual Review,795
1,0.164693702147783,Medium Risk,Manual Review,759
0,0.26858023808060916,High Risk,Reject,702
1,0.3690617339196403,Very High Risk,Reject,647
0,0.20709134645921065,Medium Risk,Manual Review,736
0,0.19145741421305276,Medium Risk,Manual Review,745
0,0.12949500069302816,Low Risk,Manual Review,779
0,0.08132085248302946,Very Low Risk,Approve,805
0,0.2938968425483596,High Risk,Reject,688
1,0.22798243819207492,High Risk,Manual Review,725
0,0.0567009148448016,Very Low Risk,Approve,819
1,0.4308099228204146,Very High Risk,Reject,613
0,0.11638058893518571,Low Risk,Manual Review,786
0,0.2271383937955912,High Risk,Manual Review,725
0,0.19111673245834257,Medium Risk,Manual Review,745
1,0.4173379664959438,Very High Risk,Reject,620
0,0.09067832517558835,Low Risk,Approve,800
1,0.040768178086820456,Very Low Risk,Approve,828
0,0.038125656638971474,Very Low Risk,Approve,829
0,0.15976262905181896,Medium Risk,Manual Review,762
0,0.11789732383217039,Low Risk,Manual Review,785
0,0.034322606633004564,Very Low Risk,Approve,831
1,0.3888311217253376,Very High Risk,Reject,636
0,0.1986569871741167,Medium Risk,Manual Review,741
0,0.03820648630880171,Very Low Risk,Approve,829
0,0.12075039193905601,Low Risk,Manual Review,784
0,0.03754358448759555,Very Low Risk,Approve,829
0,0.0702391271046614,Very Low Risk,Approve,811
0,0.20687758600346792,Medium Risk,Manual Review,736
0,0.1990779420548462,Medium Risk,Manual Review,741
0,0.19770407375944524,Medium Risk,Manual Review,741
1,0.27094061521093143,High Risk,Reject,701
0,0.17560562313904202,Medium Risk,Manual Review,753
1,0.12114631485559353,Low Risk,Manual Review,783
0,0.2954176065839906,High Risk,Reject,688
0,0.10479484551102572,Low Risk,Manual Review,792
1,0.35481269886859024,Very High Risk,Reject,655
1,0.09477545068978478,Low Risk,Approve,798
0,0.08479880289348826,Very Low Risk,Approve,803
1,0.3891162246246074,Very High Risk,Reject,636
0,0.04094701667899347,Very Low Risk,Approve,827
0,0.24443590802169612,High Risk,Manual Review,716
0,0.24445916276765678,High Risk,Manual Review,716
0,0.31045235956846917,High Risk,Reject,679
0,0.05448083663311903,Very Low Risk,Approve,820
0,0.1247941288524582,Low Risk,Manual Review,781
0,0.20562448460339858,Medium Risk,Manual Review,737
1,0.5077811202399992,Very High Risk,Reject,571
1,0.36305162943180175,Very High Risk,Reject,650
0,0.18404846811932607,Medium Risk,Manual Review,749
1,0.1638544387399121,Medium Risk,Manual Review,760
1,0.5038853530064116,Very High Risk,Reject,573
0,0.19422597030894484,Medium Risk,Manual Review,743
0,0.21725361084311895,High Risk,Manual Review,731
0,0.4334783111426052,Very High Risk,Reject,612
0,0.3163800236355861,Very High Risk,Reject,676
1,0.4189747794552806,Very High Risk,Reject,620
1,0.15354946673965852,Medium Risk,Manual Review,766
0,0.224125795893805,High Risk,Manual Review,727
0,0.2937667364117013,High Risk,Reject,688
0,0.27315472737958363,High Risk,Reject,700
0,0.29271567927249775,High Risk,Reject,689
1,0.3701159217150224,Very High Risk,Reject,646
0,0.07740223459275397,Very Low Risk,Approve,807
0,0.11460321590444167,Low Risk,Manual Review,787
1,0.299892445176642,High Risk,Reject,685
0,0.07009894992088184,Very Low Risk,Approve,811
1,0.2602721305989714,High Risk,Reject,707
0,0.05003659251091925,Very Low Risk,Approve,822
0,0.31062992312450827,High Risk,Reject,679
0,0.05333175743150582,Very Low Risk,Approve,821
1,0.1213909738451498,Low Risk,Manual Review,783
1,0.20798472850521577,Medium Risk,Manual Review,736
0,0.09707649146289427,Low Risk,Approve,797
1,0.6937378217541584,Very High Risk,Reject,468
0,0.23947665714283287,High Risk,Manual Review,718
0,0.11561861996504194,Low Risk,Manual Review,786
0,0.12893771137633586,Low Risk,Manual Review,779
0,0.09944530981325153,Low Risk,Approve,795
1,0.36545144069179014,Very High Risk,Reject,649
0,0.5477856140025664,Very High Risk,Reject,549
0,0.36693092257199833,Very High Risk,Reject,648
0,0.32581155341221946,Very High Risk,Reject,671
0,0.18951826197453586,Medium Risk,Manual Review,746
0,0.28719427889210775,High Risk,Reject,692
1,0.36205209082172846,Very High Risk,Reject,651
0,0.13638900353627767,Low Risk,Manual Review,775
0,0.11016977700786422,Low Risk,Manual Review,789
0,0.052404764376726184,Very Low Risk,Approve,821
0,0.22474294539645825,High Risk,Manual Review,726
0,0.30109372181640637,High Risk,Reject,684
0,0.045144196878882326,Very Low Risk,Approve,825
0,0.19825805994215423,Medium Risk,Manual Review,741
0,0.12368142945723197,Low Risk,Manual Review,782
0,0.3485662253818862,Very High Risk,Reject,658
0,0.34634448755662955,Very High Risk,Reject,660
0,0.15487464525787936,Medium Risk,Manual Review,765
0,0.26128812837674414,High Risk,Reject,706
0,0.17452392697371055,Medium Risk,Manual Review,754
1,0.03603611279357249,Very Low Risk,Approve,830
0,0.2573671501631044,High Risk,Reject,708
0,0.14435358337305412,Low Risk,Manual Review,771
0,0.11565029815493592,Low Risk,Manual Review,786
0,0.09865895990248938,Low Risk,Approve,796
0,0.17896886276654408,Medium Risk,Manual Review,752
0,0.24520215818722402,High Risk,Manual Review,715
0,0.10538910495726986,Low Risk,Manual Review,792
1,0.18171736572938557,Medium Risk,Manual Review,750
1,0.2605788591962725,High Risk,Reject,707
1,0.4383872618232825,Very High Risk,Reject,609
0,0.15350783144623573,Medium Risk,Manual Review,766
1,0.5161098373568159,Very High Risk,Reject,566
1,0.40914436714300806,Very High Risk,Reject,625
0,0.14263603886309315,Low Risk,Manual Review,772
0,0.21646523624185843,High Risk,Manual Review,731
1,0.42117193593176466,Very High Risk,Reject,618
0,0.36883376671313833,Very High Risk,Reject,647
1,0.36006486950578265,Very High Risk,Reject,652
0,0.11136343556702923,Low Risk,Manual Review,789
0,0.06739448555048974,Very Low Risk,Approve,813
1,0.16907329487473366,Medium Risk,Manual Review,757
0,0.06660223649635139,Very Low Risk,Approve,813
0,0.2646669619256612,High Risk,Reject,704
1,0.3821709061720279,Very High Risk,Reject,640
0,0.15281252917862412,Medium Risk,Manual Review,766
0,0.36363622672733215,Very High Risk,Reject,650
0,0.3384425899783612,Very High Risk,Reject,664
0,0.09002807028786182,Low Risk,Approve,800
0,0.060307366340571225,Very Low Risk,Approve,817
0,0.06221027344488042,Very Low Risk,Approve,816
0,0.2378033838412151,High Risk,Manual Review,719
0,0.31093746966394564,High Risk,Reject,679
0,0.1211623878711566,Low Risk,Manual Review,783
1,0.3467535840589796,Very High Risk,Reject,659
1,0.4959214627279162,Very High Risk,Reject,577
1,0.2563995845279892,High Risk,Reject,709
0,0.08308977084535525,Very Low Risk,Approve,804
0,0.09686725009355938,Low Risk,Approve,797
0,0.1941291406885363,Medium Risk,Manual Review,743
0,0.062019303330834434,Very Low Risk,Approve,816
0,0.24864582565981705,High Risk,Manual Review,713
0,0.11172379386896009,Low Risk,Manual Review,789
0,0.18295442894382283,Medium Risk,Manual Review,749
0,0.08144046465785869,Very Low Risk,Approve,805
0,0.15471792718353847,Medium Risk,Manual Review,765
1,0.1937052075837381,Medium Risk,Manual Review,743
0,0.10480190468262474,Low Risk,Manual Review,792
0,0.3774787610150468,Very High Risk,Reject,642
1,0.23260629066990895,High Risk,Manual Review,722
0,0.0740605365126656,Very Low Risk,Approve,809
0,0.09894126100449939,Low Risk,Approve,796
0,0.25710631825108604,High Risk,Reject,709
0,0.12998181210338028,Low Risk,Manual Review,779
0,0.2394436445064619,High Risk,Manual Review,718
0,0.07250486840413158,Very Low Risk,Approve,810
0,0.16619234665946916,Medium Risk,Manual Review,759
0,0.18254639873642944,Medium Risk,Manual Review,750
0,0.27768855996846487,High Risk,Reject,697
0,0.06730968468461554,Very Low Risk,Approve,813
1,0.16454381966411044,Medium Risk,Manual Review,760
0,0.07899643003643082,Very Low Risk,Approve,807
0,0.19299280098886304,Medium Risk,Manual Review,744
0,0.054925328688583644,Very Low Risk,Approve,820
0,0.03596598978971941,Very Low Risk,Approve,830
0,0.22520568721874218,High Risk,Manual Review,726
0,0.037370280662837776,Very Low Risk,Approve,829
0,0.16584377829322008,Medium Risk,Manual Review,759
0,0.2558461017785419,High Risk,Reject,709
0,0.039031354699595205,Very Low Risk,Approve,829
0,0.5181544781799762,Very High Risk,Reject,565
0,0.1119646679988688,Low Risk,Manual Review,788
0,0.41196831052036337,Very High Risk,Reject,623
1,0.24357353382785035,High Risk,Manual Review,716
1,0.089637453424714,Low Risk,Approve,801
0,0.25423012352738594,High Risk,Reject,710
0,0.12223006373541652,Low Risk,Manual Review,783
0,0.32272949529490336,Very High Risk,Reject,672
0,0.38160333342494,Very High Risk,Reject,640
0,0.337515223811483,Very High Risk,Reject,664
1,0.08290607547727612,Very Low Risk,Approve,804
0,0.22006549246088186,High Risk,Manual Review,729
0,0.11600460078152708,Low Risk,Manual Review,786
0,0.04349705584732714,Very Low Risk,Approve,826
0,0.4319581290421643,Very High Risk,Reject,612
0,0.05624806982988319,Very Low Risk,Approve,819
0,0.2004672111068057,Medium Risk,Manual Review,740
0,0.04125438864213259,Very Low Risk,Approve,827
0,0.23286165723399602,High Risk,Manual Review,722
0,0.47189161007159813,Very High Risk,Reject,590
0,0.267012121145522,High Risk,Reject,703
0,0.31206265266660627,Very High Risk,Reject,678
0,0.03617511324132512,Very Low Risk,Approve,830
1,0.07221220270489087,Very Low Risk,Approve,810
0,0.0904192699133933,Low Risk,Approve,800
0,0.16007022756963435,Medium Risk,Manual Review,762
0,0.13272855704332007,Low Risk,Manual Review,777
0,0.37038649505098353,Very High Risk,Reject,646
0,0.07201825134746577,Very Low Risk,Approve,810
0,0.08446361748954301,Very Low Risk,Approve,804
1,0.207457913078794,Medium Risk,Manual Review,736
0,0.12302742846261083,Low Risk,Manual Review,782
0,0.05629493710579095,Very Low Risk,Approve,819
0,0.26758992811696103,High Risk,Reject,703
0,0.22993731831982553,High Risk,Manual Review,724
0,0.3385235861146327,Very High Risk,Reject,664
0,0.08811225855942975,Low Risk,Approve,802
1,0.20841889908503158,Medium Risk,Manual Review,735
0,0.17199342545710514,Medium Risk,Manual Review,755
0,0.31653306710022017,Very High Risk,Reject,676
1,0.6246189011516734,Very High Risk,Reject,506
0,0.1574551783676924,Medium Risk,Manual Review,763
1,0.32365293409103296,Very High Risk,Reject,672
0,0.30333698185291874,High Risk,Reject,683
1,0.4081858597995984,Very High Risk,Reject,625
0,0.14227729504475572,Low Risk,Manual Review,772
0,0.1628058784851327,Medium Risk,Manual Review,760
0,0.04871595639351653,Very Low Risk,Approve,823
1,0.01784871160480704,Very Low Risk,Approve,840
0,0.2360815694665396,High Risk,Manual Review,720
0,0.05906761196335056,Very Low Risk,Approve,818
1,0.12425028915583619,Low Risk,Manual Review,782
0,0.1487100619746497,Medium Risk,Manual Review,768
1,0.34622886898021465,Very High Risk,Reject,660
0,0.06152773955531706,Very Low Risk,Approve,816
1,0.2793820561938805,High Risk,Reject,696
0,0.1446920452463135,Low Risk,Manual Review,770
0,0.37170634933748337,Very High Risk,Reject,646
1,0.10485307291445609,Low Risk,Manual Review,792
0,0.17449953827260198,Medium Risk,Manual Review,754
0,0.43335138640387955,Very High Risk,Reject,612
0,0.07099097942122792,Very Low Risk,Approve,811
1,0.3927667546698385,Very High Risk,Reject,634
0,0.27117727753760756,High Risk,Reject,701
1,0.5684410224351788,Very High Risk,Reject,537
0,0.11037577895159563,Low Risk,Manual Review,789
0,0.09706859183350632,Low Risk,Approve,797
0,0.26066529251295023,High Risk,Reject,707
0,0.27624609063008615,High Risk,Reject,698
0,0.11331683715903317,Low Risk,Manual Review,788
0,0.19856992767856818,Medium Risk,Manual Review,741
0,0.2549944542518152,High Risk,Reject,710
0,0.19726749032823773,Medium Risk,Manual Review,742
0,0.3873602298721088,Very High Risk,Reject,637
0,0.1774999323389889,Medium Risk,Manual Review,752
0,0.03979466120121702,Very Low Risk,Approve,828
1,0.3679434260575112,Very High Risk,Reject,648
0,0.23965738507123038,High Risk,Manual Review,718
0,0.1866979751125499,Medium Risk,Manual Review,747
1,0.18888577383113822,Medium Risk,Manual Review,746
0,0.14043329027996454,Low Risk,Manual Review,773
0,0.20454445783348554,Medium Risk,Manual Review,738
0,0.3455431050834064,Very High Risk,Reject,660
0,0.10318758347069382,Low Risk,Manual Review,793
0,0.13654366589412326,Low Risk,Manual Review,775
0,0.18920515922522538,Medium Risk,Manual Review,746
0,0.02081344582890854,Very Low Risk,Approve,839
0,0.37549207616967517,Very High Risk,Reject,643
0,0.1427321243219846,Low Risk,Manual Review,771
0,0.08600119518871013,Very Low Risk,Approve,803
0,0.12253423193128603,Low Risk,Manual Review,783
0,0.06479514389719931,Very Low Risk,Approve,814
0,0.33837465714965825,Very High Risk,Reject,664
0,0.38464498272531705,Very High Risk,Reject,638
0,0.17475519004287868,Medium Risk,Manual Review,754
0,0.5937158999185237,Very High Risk,Reject,523
0,0.1588975837563993,Medium Risk,Manual Review,763
0,0.07890259927876107,Very Low Risk,Approve,807
0,0.1186306969159018,Low Risk,Manual Review,785
0,0.11148091337111209,Low Risk,Manual Review,789
0,0.21428709163794601,High Risk,Manual Review,732
0,0.09575957141608331,Low Risk,Approve,797
0,0.32024638639041914,Very High Risk,Reject,674
1,0.4405582710412977,Very High Risk,Reject,608
0,0.12050774680388297,Low Risk,Manual Review,784
0,0.22391400574278522,High Risk,Manual Review,727
0,0.04069092581981854,Very Low Risk,Approve,828
0,0.1103080892290198,Low Risk,Manual Review,789
0,0.20733064670130505,Medium Risk,Manual Review,736
0,0.16866558182755675,Medium Risk,Manual Review,757
0,0.31671093816216245,Very High Risk,Reject,676
0,0.2836967338532348,High Risk,Reject,694
1,0.28286194809915005,High Risk,Reject,694
0,0.17995180934102786,Medium Risk,Manual Review,751
0,0.3520574481135807,Very High Risk,Reject,656
0,0.07429900959539552,Very Low Risk,Approve,809
0,0.08540386301376773,Very Low Risk,Approve,803
0,0.04996578437258741,Very Low Risk,Approve,823
0,0.24327044799325237,High Risk,Manual Review,716
0,0.10911045200786278,Low Risk,Manual Review,790
0,0.17945697071427313,Medium Risk,Manual Review,751
0,0.13054417484740705,Low Risk,Manual Review,778
1,0.2092051650181616,Medium Risk,Manual Review,735
1,0.46603907954724066,Very High Risk,Reject,594
0,0.08742543259130568,Low Risk,Approve,802
0,0.1454630279049796,Low Risk,Manual Review,770
0,0.0880738357779154,Low Risk,Approve,802
0,0.30331087959793224,High Risk,Reject,683
0,0.21538211612467284,High Risk,Manual Review,732
0,0.1402455852906546,Low Risk,Manual Review,773
0,0.3168072346694452,Very High Risk,Reject,676
0,0.19973166050729177,Medium Risk,Manual Review,740
1,0.271722391272811,High Risk,Reject,701
0,0.22910460210505254,High Risk,Manual Review,724
0,0.1145042385861568,Low Risk,Manual Review,787
0,0.10863610687674599,Low Risk,Manual Review,790
0,0.11047800286576756,Low Risk,Manual Review,789
0,0.04004555314928866,Very Low Risk,Approve,828
0,0.4744825779543246,Very High Risk,Reject,589
1,0.16867183294117896,Medium Risk,Manual Review,757
0,0.0350364381080349,Very Low Risk,Approve,831
0,0.16700100629171108,Medium Risk,Manual Review,758
0,0.036875323268472815,Very Low Risk,Approve,830
1,0.27159343929707924,High Risk,Reject,701
0,0.2047761547559375,Medium Risk,Manual Review,737
1,0.15597881926083895,Medium Risk,Manual Review,764
0,0.14342544399454987,Low Risk,Manual Review,771
0,0.16705326392281267,Medium Risk,Manual Review,758
0,0.24329682544262354,High Risk,Manual Review,716
1,0.5676445973637608,Very High Risk,Reject,538
0,0.23273982917670513,High Risk,Manual Review,722
0,0.18570784430458273,Medium Risk,Manual Review,748
0,0.10294995704951423,Low Risk,Manual Review,793
0,0.3846289491825124,Very High Risk,Reject,638
0,0.3413018700158774,Very High Risk,Reject,662
0,0.06573114160124784,Very Low Risk,Approve,814
0,0.058914579720693555,Very Low Risk,Approve,818
0,0.06625515489419212,Very Low Risk,Approve,814
0,0.061255400311688454,Very Low Risk,Approve,816
0,0.3564342174592552,Very High Risk,Reject,654
1,0.17027456774046698,Medium Risk,Manual Review,756
1,0.20260192611032873,Medium Risk,Manual Review,739
1,0.48208599576924355,Very High Risk,Reject,585
1,0.16627498425733045,Medium Risk,Manual Review,759
0,0.07986464996971719,Very Low Risk,Approve,806
0,0.09751882361497127,Low Risk,Approve,796
0,0.08606183083864581,Very Low Risk,Approve,803
0,0.1255218683349302,Low Risk,Manual Review,781
0,0.19169817749764487,Medium Risk,Manual Review,745
0,0.1220188154836289,Low Risk,Manual Review,783
0,0.21272199558083377,Medium Risk,Manual Review,733
0,0.08949967444739336,Low Risk,Approve,801
1,0.2872885712119393,High Risk,Reject,692
1,0.09398847858868765,Low Risk,Approve,798
0,0.21201230139260477,Medium Risk,Manual Review,733
0,0.06663257423059502,Very Low Risk,Approve,813
0,0.25888963210179494,High Risk,Reject,708
0,0.018837596925151405,Very Low Risk,Approve,840
0,0.06699463051798578,Very Low Risk,Approve,813
0,0.03302424344859307,Very Low Risk,Approve,832
0,0.14899924249630717,Medium Risk,Manual Review,768
0,0.17233825991142074,Medium Risk,Manual Review,755
0,0.16219448235435158,Medium Risk,Manual Review,761
1,0.12749610455371196,Low Risk,Manual Review,780
0,0.33444958087257703,Very High Risk,Reject,666
0,0.13806006318825084,Low Risk,Manual Review,774
0,0.2702517157217653,High Risk,Reject,701
0,0.33837698089187374,Very High Risk,Reject,664
0,0.2294500903472708,High Risk,Manual Review,724
0,0.3103716720740055,High Risk,Reject,679
0,0.18103105608324926,Medium Risk,Manual Review,750
1,0.31331779085012157,Very High Risk,Reject,678
0,0.077996661380916,Very Low Risk,Approve,807
0,0.04968212922007396,Very Low Risk,Approve,823
1,0.09086703504753552,Low Risk,Approve,800
0,0.13126382024591182,Low Risk,Manual Review,778
0,0.06058732748725674,Very Low Risk,Approve,817
0,0.16924902276488688,Medium Risk,Manual Review,757
1,0.2528219156651366,High Risk,Reject,711
1,0.22455155428865828,High Risk,Manual Review,726
1,0.26541591929681235,High Risk,Reject,704
0,0.10249755867578995,Low Risk,Manual Review,794
0,0.047736884191662846,Very Low Risk,Approve,824
0,0.12230031105955975,Low Risk,Manual Review,783
1,0.17518726735227785,Medium Risk,Manual Review,754
1,0.5196496032722777,Very High Risk,Reject,564
0,0.06319087756232634,Very Low Risk,Approve,815
0,0.2616511001024056,High Risk,Reject,706
0,0.06373850445859491,Very Low Risk,Approve,815
0,0.10330355233692677,Low Risk,Manual Review,793
0,0.10642371565697056,Low Risk,Manual Review,791
0,0.1464672595801977,Medium Risk,Manual Review,769
0,0.08089399869958412,Very Low Risk,Approve,806
0,0.20353932307703002,Medium Risk,Manual Review,738
0,0.25461303603567786,High Risk,Reject,710
0,0.35806220438224323,Very High Risk,Reject,653
0,0.43826763692206816,Very High Risk,Reject,609
0,0.059657431764702055,Very Low Risk,Approve,817
0,0.05419023217995553,Very Low Risk,Approve,820
0,0.28666255142022495,High Risk,Reject,692
1,0.23120615856220247,High Risk,Manual Review,723
0,0.426715899722952,Very High Risk,Reject,615
0,0.22847152009438937,High Risk,Manual Review,724
0,0.2368194459115175,High Risk,Manual Review,720
0,0.3884815017284296,Very High Risk,Reject,636
1,0.07886233446120544,Very Low Risk,Approve,807
0,0.22224438046962441,High Risk,Manual Review,728
0,0.05644428771054522,Very Low Risk,Approve,819
0,0.13808318876422568,Low Risk,Manual Review,774
0,0.04945418589374719,Very Low Risk,Approve,823
0,0.15340144434379024,Medium Risk,Manual Review,766
0,0.06445576765375895,Very Low Risk,Approve,815
0,0.08167435153182157,Very Low Risk,Approve,805
1,0.16487692350674885,Medium Risk,Manual Review,759
0,0.14201530203027204,Low Risk,Manual Review,772
0,0.3205409382553396,Very High Risk,Reject,674
0,0.2121281089473437,Medium Risk,Manual Review,733
0,0.10717095670810986,Low Risk,Manual Review,791
0,0.2294718079160919,High Risk,Manual Review,724
0,0.1870267419208967,Medium Risk,Manual Review,747
0,0.2515870573857002,High Risk,Reject,712
0,0.10359432167596681,Low Risk,Manual Review,793
0,0.0801087851314309,Very Low Risk,Approve,806
0,0.4437807366400373,Very High Risk,Reject,606
0,0.1716026764884438,Medium Risk,Manual Review,756
0,0.19954967454323083,Medium Risk,Manual Review,740
0,0.08196139309982035,Very Low Risk,Approve,805
0,0.14970413692655618,Medium Risk,Manual Review,768
1,0.3105669198023314,High Risk,Reject,679
0,0.4132594321207032,Very High Risk,Reject,623
1,0.13487876740191904,Low Risk,Manual Review,776
1,0.5138429339176451,Very High Risk,Reject,567
0,0.15046798776488252,Medium Risk,Manual Review,767
0,0.22570391801574347,High Risk,Manual Review,726
0,0.0906128371110381,Low Risk,Approve,800
0,0.26444756414723386,High Risk,Reject,705
0,0.3845018388972589,Very High Risk,Reject,639
0,0.3211153913074294,Very High Risk,Reject,673
1,0.4378886573509628,Very High Risk,Reject,609
1,0.4004620145937217,Very High Risk,Reject,630
0,0.22888912379454512,High Risk,Manual Review,724
0,0.11524330816074982,Low Risk,Manual Review,787
0,0.18694567672087237,Medium Risk,Manual Review,747
0,0.1770969597530264,Medium Risk,Manual Review,753
0,0.16654067941608205,Medium Risk,Manual Review,758
0,0.04998282563940981,Very Low Risk,Approve,823
0,0.06883514923291478,Very Low Risk,Approve,812
1,0.10810889766836207,Low Risk,Manual Review,791
0,0.5264175507295403,Very High Risk,Reject,560
0,0.2859137563982743,High Risk,Reject,693
1,0.31358857181949684,Very High Risk,Reject,678
0,0.23104550013150024,High Risk,Manual Review,723
0,0.28943313825233113,High Risk,Reject,691
1,0.03974614525726529,Very Low Risk,Approve,828
0,0.0923232927313481,Low Risk,Approve,799
0,0.023851138813375302,Very Low Risk,Approve,837
0,0.0952793434285789,Low Risk,Approve,798
0,0.08740029407441154,Low Risk,Approve,802
0,0.0856136005620887,Very Low Risk,Approve,803
0,0.0677774668478427,Very Low Risk,Approve,813
0,0.19472576642861886,Medium Risk,Manual Review,743
0,0.043854628949973655,Very Low Risk,Approve,826
0,0.14214356336474332,Low Risk,Manual Review,772
0,0.08722715592494018,Low Risk,Approve,802
0,0.2006240551758519,Medium Risk,Manual Review,740
0,0.12834253365044393,Low Risk,Manual Review,779
0,0.15889675940884612,Medium Risk,Manual Review,763
0,0.07746842790213256,Very Low Risk,Approve,807
0,0.09469387806386248,Low Risk,Approve,798
0,0.16144322932240193,Medium Risk,Manual Review,761
1,0.5824703036542904,Very High Risk,Reject,530
0,0.33856746175647895,Very High Risk,Reject,664
1,0.11214488594782848,Low Risk,Manual Review,788
1,0.2568285233794799,High Risk,Reject,709
0,0.09477176336266017,Low Risk,Approve,798
0,0.22855523177263307,High Risk,Manual Review,724
0,0.1373092794057619,Low Risk,Manual Review,774
1,0.1176404471418694,Low Risk,Manual Review,785
0,0.11657885732842732,Low Risk,Manual Review,786
0,0.20676935613773798,Medium Risk,Manual Review,736
0,0.02844598980659369,Very Low Risk,Approve,834
0,0.09634349996444055,Low Risk,Approve,797
1,0.13299022133591817,Low Risk,Manual Review,777
0,0.20750548950785444,Medium Risk,Manual Review,736
0,0.12830634620275244,Low Risk,Manual Review,779
1,0.19318786551761188,Medium Risk,Manual Review,744
0,0.20542524053263775,Medium Risk,Manual Review,737
1,0.3036012286567929,High Risk,Reject,683
0,0.11406830668020158,Low Risk,Manual Review,787
1,0.4740634682536651,Very High Risk,Reject,589
0,0.40146673107784714,Very High Risk,Reject,629
0,0.6042120896512623,Very High Risk,Reject,518
1,0.33776625027222085,Very High Risk,Reject,664
0,0.18942990175247645,Medium Risk,Manual Review,746
1,0.32750111375052454,Very High Risk,Reject,670
1,0.09935954718749329,Low Risk,Approve,795
0,0.04351555425234102,Very Low Risk,Approve,826
0,0.3117971549752334,Very High Risk,Reject,679
0,0.033876622731852254,Very Low Risk,Approve,831
0,0.1440212690015654,Low Risk,Manual Review,771
0,0.2385909645324845,High Risk,Manual Review,719
0,0.17691377006643894,Medium Risk,Manual Review,753
0,0.09841013309462916,Low Risk,Approve,796
0,0.038681985893942505,Very Low Risk,Approve,829
0,0.13355602768500643,Low Risk,Manual Review,777
1,0.23672874959973295,High Risk,Manual Review,720
0,0.3583284181236525,Very High Risk,Reject,653
0,0.12370009388199947,Low Risk,Manual Review,782
0,0.17289493201882009,Medium Risk,Manual Review,755
0,0.10884170724351372,Low Risk,Manual Review,790
1,0.13867213841975712,Low Risk,Manual Review,774
0,0.19061496564635003,Medium Risk,Manual Review,745
0,0.029968878271046107,Very Low Risk,Approve,834
1,0.3261319886275709,Very High Risk,Reject,671
0,0.27675756762674825,High Risk,Reject,698
0,0.10199089561736095,Low Risk,Manual Review,794
1,0.3445814001633478,Very High Risk,Reject,660
0,0.1633929415361043,Medium Risk,Manual Review,760
0,0.06914261881591797,Very Low Risk,Approve,812
0,0.19417968858796064,Medium Risk,Manual Review,743
0,0.38401417524311937,Very High Risk,Reject,639
0,0.0956806251166258,Low Risk,Approve,797
0,0.07596455751725331,Very Low Risk,Approve,808
0,0.24089986642208405,High Risk,Manual Review,718
0,0.14366116523467404,Low Risk,Manual Review,771
0,0.1777794221304734,Medium Risk,Manual Review,752
0,0.08844025184660985,Low Risk,Approve,801
0,0.06477141726306088,Very Low Risk,Approve,814
0,0.27705894370758616,High Risk,Reject,698
0,0.12672212790854728,Low Risk,Manual Review,780
0,0.25048316461976505,High Risk,Reject,712
0,0.2429933508102595,High Risk,Manual Review,716
0,0.11929603611439366,Low Risk,Manual Review,784
0,0.19667112007126664,Medium Risk,Manual Review,742
0,0.2685533580850825,High Risk,Reject,702
0,0.2831489114152539,High Risk,Reject,694
1,0.11759218562939001,Low Risk,Manual Review,785
0,0.4210340881570872,Very High Risk,Reject,618
1,0.5914599190032287,Very High Risk,Reject,525
0,0.061951073473883615,Very Low Risk,Approve,816
0,0.13251112290003833,Low Risk,Manual Review,777
0,0.2020033385085232,Medium Risk,Manual Review,739
0,0.1836680214515448,Medium Risk,Manual Review,749
0,0.36381158674467895,Very High Risk,Reject,650
0,0.22122799512479094,High Risk,Manual Review,728
1,0.5642141524495109,Very High Risk,Reject,540
0,0.20673873167058626,Medium Risk,Manual Review,736
0,0.14463917272956947,Low Risk,Manual Review,770
1,0.234260563921794,High Risk,Manual Review,721
0,0.1941559675508405,Medium Risk,Manual Review,743
0,0.07623210910247102,Very Low Risk,Approve,808
1,0.3789821907358574,Very High Risk,Reject,642
1,0.05606351788806423,Very Low Risk,Approve,819
0,0.15561290566941818,Medium Risk,Manual Review,764
0,0.1595331096827378,Medium Risk,Manual Review,762
0,0.040534469963876885,Very Low Risk,Approve,828
0,0.19140035060812213,Medium Risk,Manual Review,745
0,0.05466585427203142,Very Low Risk,Approve,820
0,0.15010304421866005,Medium Risk,Manual Review,767
1,0.12644181660257386,Low Risk,Manual Review,780
0,0.0496416504160313,Very Low Risk,Approve,823
0,0.3242793710246995,Very High Risk,Reject,672
0,0.14431138474044208,Low Risk,Manual Review,771
1,0.05723022541828592,Very Low Risk,Approve,819
0,0.46335402594117014,Very High Risk,Reject,595
0,0.0534008688886927,Very Low Risk,Approve,821
1,0.2292507701579981,High Risk,Manual Review,724
1,0.16475399322010506,Medium Risk,Manual Review,759
0,0.2870149318781196,High Risk,Reject,692
0,0.0572544095094571,Very Low Risk,Approve,819
0,0.031994651302721853,Very Low Risk,Approve,832
0,0.05179926714949378,Very Low Risk,Approve,822
0,0.3579052573811108,Very High Risk,Reject,653
0,0.27728889091503234,High Risk,Reject,697
0,0.16707301856285792,Medium Risk,Manual Review,758
1,0.1410639884241203,Low Risk,Manual Review,772
1,0.17112235003506754,Medium Risk,Manual Review,756
0,0.09914264421296508,Low Risk,Approve,795
0,0.023468523517778946,Very Low Risk,Approve,837
0,0.10895110763475888,Low Risk,Manual Review,790
0,0.10263052823407261,Low Risk,Manual Review,794
0,0.1646650043327076,Medium Risk,Manual Review,759
0,0.06890281733275107,Very Low Risk,Approve,812
0,0.20214541038079603,Medium Risk,Manual Review,739
0,0.08790770710877183,Low Risk,Approve,802
1,0.6096959729755799,Very High Risk,Reject,515
0,0.45451063892473564,Very High Risk,Reject,600
0,0.05433049242704323,Very Low Risk,Approve,820
0,0.1252743523933169,Low Risk,Manual Review,781
0,0.08266792329395303,Very Low Risk,Approve,805
0,0.16139491689641286,Medium Risk,Manual Review,761
1,0.5176461031366871,Very High Risk,Reject,565
0,0.36525286071477864,Very High Risk,Reject,649
0,0.2064316431297203,Medium Risk,Manual Review,736
0,0.02873701815653598,Very Low Risk,Approve,834
0,0.08142506552731092,Very Low Risk,Approve,805
1,0.24095231779205256,High Risk,Manual Review,717
0,0.04436066746223941,Very Low Risk,Approve,826
0,0.03365514281095176,Very Low Risk,Approve,831
0,0.09376029063374151,Low Risk,Approve,798
0,0.1629343183127245,Medium Risk,Manual Review,760
0,0.07679779975819208,Very Low Risk,Approve,808
0,0.32900255018418,Very High Risk,Reject,669
0,0.40117032510206285,Very High Risk,Reject,629
0,0.13677843354450173,Low Risk,Manual Review,775
0,0.1268548273723717,Low Risk,Manual Review,780
1,0.41244660707533654,Very High Risk,Reject,623
0,0.0869443509027569,Very Low Risk,Approve,802
0,0.07951474955438809,Very Low Risk,Approve,806
1,0.054714230433513526,Very Low Risk,Approve,820
0,0.16136700249580851,Medium Risk,Manual Review,761
1,0.3214290460207964,Very High Risk,Reject,673
0,0.5104607205081548,Very High Risk,Reject,569
0,0.10928583555607391,Low Risk,Manual Review,790
1,0.11609208103860652,Low Risk,Manual Review,786
0,0.09788135108237356,Low Risk,Approve,796
1,0.08707395600435353,Very Low Risk,Approve,802
0,0.11306668754935692,Low Risk,Manual Review,788
1,0.5720838058135258,Very High Risk,Reject,535
0,0.28718115799427363,High Risk,Reject,692
1,0.20420855739178145,Medium Risk,Manual Review,738
0,0.22842946582279253,High Risk,Manual Review,724
1,0.14078228279975655,Low Risk,Manual Review,773
0,0.07224390932024333,Very Low Risk,Approve,810
0,0.17592667135507264,Medium Risk,Manual Review,753
0,0.09261832692243369,Low Risk,Approve,799
0,0.14093685812004814,Low Risk,Manual Review,772
0,0.05728830333684031,Very Low Risk,Approve,818
0,0.11107123560129704,Low Risk,Manual Review,789
0,0.07431364668132309,Very Low Risk,Approve,809
0,0.07221149671426311,Very Low Risk,Approve,810
0,0.20688844127607806,Medium Risk,Manual Review,736
1,0.28393604620232027,High Risk,Reject,694
0,0.10422855676096213,Low Risk,Manual Review,793
1,0.0931684365127241,Low Risk,Approve,799
1,0.32456009447291456,Very High Risk,Reject,671
0,0.03668087520065462,Very Low Risk,Approve,830
0,0.06606239027957697,Very Low Risk,Approve,814
1,0.19361239348034803,Medium Risk,Manual Review,744
0,0.05929892232862536,Very Low Risk,Approve,817
0,0.06410347597035447,Very Low Risk,Approve,815
0,0.06541269567454766,Very Low Risk,Approve,814
0,0.13504426452880006,Low Risk,Manual Review,776
0,0.18644372377113602,Medium Risk,Manual Review,747
0,0.20692090197253019,Medium Risk,Manual Review,736
1,0.1683778573870536,Medium Risk,Manual Review,757
0,0.5672125575377462,Very High Risk,Reject,538
1,0.10051394227400803,Low Risk,Manual Review,795
0,0.25575500744337853,High Risk,Reject,709
1,0.3892172916337316,Very High Risk,Reject,636
0,0.4636684122923633,Very High Risk,Reject,595
0,0.16282486304287797,Medium Risk,Manual Review,760
0,0.37042586885593637,Very High Risk,Reject,646
0,0.1618610246582185,Medium Risk,Manual Review,761
1,0.1332635370020731,Low Risk,Manual Review,777
0,0.24337686719049548,High Risk,Manual Review,716
0,0.25376662369670644,High Risk,Reject,710
0,0.09984900450006871,Low Risk,Approve,795
1,0.2136989984977655,High Risk,Manual Review,732
0,0.15919828881845677,Medium Risk,Manual Review,762
0,0.04496759513996154,Very Low Risk,Approve,825
0,0.18309953988467842,Medium Risk,Manual Review,749
0,0.20028024554053125,Medium Risk,Manual Review,740
0,0.1310956735469924,Low Risk,Manual Review,778
0,0.03564065418923502,Very Low Risk,Approve,830
0,0.11467873649602305,Low Risk,Manual Review,787
0,0.09652569882426427,Low Risk,Approve,797
0,0.11909533172434392,Low Risk,Manual Review,784
1,0.5435776293323825,Very High Risk,Reject,551
0,0.39825304701230013,Very High Risk,Reject,631
0,0.17319089239722057,Medium Risk,Manual Review,755
0,0.36804960601300496,Very High Risk,Reject,648
0,0.2996580216891738,High Risk,Reject,685
0,0.15941655183932688,Medium Risk,Manual Review,762
0,0.2096566957825536,Medium Risk,Manual Review,735
0,0.13430777477636777,Low Risk,Manual Review,776
0,0.10892780661616241,Low Risk,Manual Review,790
0,0.40975186431723865,Very High Risk,Reject,625
0,0.0883969099420362,Low Risk,Approve,801
0,0.16630004922065872,Medium Risk,Manual Review,759
0,0.27079223746948117,High Risk,Reject,701
0,0.17884244636378718,Medium Risk,Manual Review,752
0,0.12172598684342018,Low Risk,Manual Review,783
0,0.2393073843764158,High Risk,Manual Review,718
0,0.04031784951487244,Very Low Risk,Approve,828
0,0.5071305034719885,Very High Risk,Reject,571
1,0.4151138707955646,Very High Risk,Reject,622
0,0.28309399374826977,High Risk,Reject,694
0,0.1713840551959137,Medium Risk,Manual Review,756
0,0.14021872184189343,Low Risk,Manual Review,773
0,0.25750495546223845,High Risk,Reject,708
0,0.08879093145150682,Low Risk,Approve,801
0,0.3301628400862132,Very High Risk,Reject,668
0,0.027819950753491147,Very Low Risk,Approve,835
0,0.32532992300140195,Very High Risk,Reject,671
0,0.18169363148825657,Medium Risk,Manual Review,750
0,0.32309477561324323,Very High Risk,Reject,672
0,0.09615872167721833,Low Risk,Approve,797
0,0.11745646172600953,Low Risk,Manual Review,785
0,0.04098666898473743,Very Low Risk,Approve,827
0,0.14840581033775177,Medium Risk,Manual Review,768
0,0.17328519824392102,Medium Risk,Manual Review,755
0,0.12732632184837386,Low Risk,Manual Review,780
0,0.21238313098865808,Medium Risk,Manual Review,733
0,0.18704007748118404,Medium Risk,Manual Review,747
1,0.26442883667280015,High Risk,Reject,705
0,0.24992191864035668,High Risk,Manual Review,713
0,0.4528496659297372,Very High Risk,Reject,601
0,0.12766749372615382,Low Risk,Manual Review,780
1,0.14580329154411684,Low Risk,Manual Review,770
0,0.043440000058172244,Very Low Risk,Approve,826
0,0.11634758138546042,Low Risk,Manual Review,786
0,0.33285020465499787,Very High Risk,Reject,667
0,0.17688258470502335,Medium Risk,Manual Review,753
0,0.16646586342538672,Medium Risk,Manual Review,758
0,0.3513254443337482,Very High Risk,Reject,657
0,0.12631016636221082,Low Risk,Manual Review,781
0,0.11894487240534168,Low Risk,Manual Review,785
0,0.06539573537094012,Very Low Risk,Approve,814
0,0.2385407423253203,High Risk,Manual Review,719
0,0.21494358130030364,High Risk,Manual Review,732
0,0.14030222871116194,Low Risk,Manual Review,773
1,0.13491936179447608,Low Risk,Manual Review,776
1,0.3708903999936571,Very High Risk,Reject,646
0,0.13966038539166217,Low Risk,Manual Review,773
1,0.26146463110118545,High Risk,Reject,706
0,0.21138017226877706,Medium Risk,Manual Review,734
0,0.04568937507928346,Very Low Risk,Approve,825
1,0.2209202840838398,High Risk,Manual Review,728
0,0.06394709533582357,Very Low Risk,Approve,815
0,0.17364963151276916,Medium Risk,Manual Review,754
0,0.12262737086190253,Low Risk,Manual Review,783
0,0.0638898250480918,Very Low Risk,Approve,815
0,0.3572873854269197,Very High Risk,Reject,653
0,0.3678850138241082,Very High Risk,Reject,648
0,0.13006814769295302,Low Risk,Manual Review,778
1,0.4717108247822049,Very High Risk,Reject,591
0,0.17943548479638297,Medium Risk,Manual Review,751
0,0.1727895888116998,Medium Risk,Manual Review,755
0,0.3510607322794052,Very High Risk,Reject,657
0,0.08571149162452057,Very Low Risk,Approve,803
0,0.13914357306229247,Low Risk,Manual Review,773
0,0.09190552845022198,Low Risk,Approve,799
0,0.11960132427747937,Low Risk,Manual Review,784
0,0.1664521198863425,Medium Risk,Manual Review,758
0,0.15232973529422522,Medium Risk,Manual Review,766
0,0.1591170673553065,Medium Risk,Manual Review,762
1,0.2690352730213738,High Risk,Reject,702
0,0.4162912895572825,Very High Risk,Reject,621
0,0.47204537013373,Very High Risk,Reject,590
0,0.03978905001355058,Very Low Risk,Approve,828
0,0.3729844697318982,Very High Risk,Reject,645
1,0.5260202293252558,Very High Risk,Reject,561
0,0.1063849220326543,Low Risk,Manual Review,791
0,0.09481205176429744,Low Risk,Approve,798
0,0.08479789914782014,Very Low Risk,Approve,803
1,0.1661206731056999,Medium Risk,Manual Review,759
0,0.15311303615318836,Medium Risk,Manual Review,766
0,0.03411740407417519,Very Low Risk,Approve,831
0,0.21405796721563616,High Risk,Manual Review,732
1,0.3515320218168189,Very High Risk,Reject,657
0,0.10710566122189284,Low Risk,Manual Review,791
0,0.06004312898985826,Very Low Risk,Approve,817
0,0.19681595830612797,Medium Risk,Manual Review,742
0,0.08206009892152605,Very Low Risk,Approve,805
1,0.1209029740900641,Low Risk,Manual Review,784
1,0.3796541118364063,Very High Risk,Reject,641
0,0.2364456938796176,High Risk,Manual Review,720
1,0.23531304390259525,High Risk,Manual Review,721
0,0.1810406128646321,Medium Risk,Manual Review,750
0,0.32770823835920015,Very High Risk,Reject,670
1,0.3746204140539968,Very High Risk,Reject,644
0,0.10525999077134231,Low Risk,Manual Review,792
0,0.19384839708154744,Medium Risk,Manual Review,743
0,0.23358965585069213,High Risk,Manual Review,722
0,0.14150605533038146,Low Risk,Manual Review,772
0,0.32442042464414383,Very High Risk,Reject,672
1,0.13961572927056695,Low Risk,Manual Review,773
1,0.24512766832098298,High Risk,Manual Review,715
0,0.1019168702952281,Low Risk,Manual Review,794
0,0.30264160423979536,High Risk,Reject,684
0,0.025595842060514688,Very Low Risk,Approve,836
0,0.06916940170884903,Very Low Risk,Approve,812
0,0.2253030629469783,High Risk,Manual Review,726
0,0.13865574445309536,Low Risk,Manual Review,774
0,0.20582958593825534,Medium Risk,Manual Review,737
0,0.03089366347423661,Very Low Risk,Approve,833
0,0.2793214596895868,High Risk,Reject,696
0,0.06785899002108986,Very Low Risk,Approve,813
0,0.19663274601000275,Medium Risk,Manual Review,742
0,0.13188345305948806,Low Risk,Manual Review,777
0,0.09263793235644953,Low Risk,Approve,799
0,0.16692111817856567,Medium Risk,Manual Review,758
0,0.3154537279341254,Very High Risk,Reject,677
0,0.2700173899357827,High Risk,Reject,701
0,0.14730544035144966,Medium Risk,Manual Review,769
0,0.260121709386303,High Risk,Reject,707
0,0.27753949030464004,High Risk,Reject,697
0,0.1654715986326467,Medium Risk,Manual Review,759
0,0.3339544646934487,Very High Risk,Reject,666
0,0.12604761925949567,Low Risk,Manual Review,781
0,0.37760898248081937,Very High Risk,Reject,642
0,0.32705740339408934,Very High Risk,Reject,670
0,0.2775196385345216,High Risk,Reject,697
1,0.18638528098733356,Medium Risk,Manual Review,747
1,0.6219304246525293,Very High Risk,Reject,508
0,0.1755961094371484,Medium Risk,Manual Review,753
0,0.23652239238389666,High Risk,Manual Review,720
0,0.11032785282815041,Low Risk,Manual Review,789
0,0.11568529327976075,Low Risk,Manual Review,786
0,0.14208558316189443,Low Risk,Manual Review,772
0,0.19373245742167192,Medium Risk,Manual Review,743
0,0.12482206208162713,Low Risk,Manual Review,781
0,0.2535295437617412,High Risk,Reject,711
0,0.13227192573465196,Low Risk,Manual Review,777
0,0.03245958921372345,Very Low Risk,Approve,832
0,0.5522128401466924,Very High Risk,Reject,546
1,0.4865540760953152,Very High Risk,Reject,582
1,0.1708907041621338,Medium Risk,Manual Review,756
1,0.37488113913973253,Very High Risk,Reject,644
0,0.09190055038711961,Low Risk,Approve,799
0,0.42505497759010924,Very High Risk,Reject,616
0,0.3237823811135798,Very High Risk,Reject,672
1,0.31066696253749454,High Risk,Reject,679
0,0.0925153180000693,Low Risk,Approve,799
0,0.15419283422914923,Medium Risk,Manual Review,765
0,0.24568628967055925,High Risk,Manual Review,715
1,0.28019082316009425,High Risk,Reject,696
0,0.11544743495894329,Low Risk,Manual Review,787
0,0.07757197216360541,Very Low Risk,Approve,807
0,0.12576704535758138,Low Risk,Manual Review,781
1,0.21498476367423827,High Risk,Manual Review,732
0,0.1948688054988574,Medium Risk,Manual Review,743
0,0.1419082055408177,Low Risk,Manual Review,772
0,0.18454051580648487,Medium Risk,Manual Review,749
0,0.15432290679856592,Medium Risk,Manual Review,765
0,0.25361986582581464,High Risk,Reject,711
0,0.2766996935568606,High Risk,Reject,698
1,0.27138712084370437,High Risk,Reject,701
0,0.2722052146889981,High Risk,Reject,700
0,0.18772638025529645,Medium Risk,Manual Review,747
1,0.05584098226849562,Very Low Risk,Approve,819
0,0.05827370960738899,Very Low Risk,Approve,818
0,0.05571474857518494,Very Low Risk,Approve,819
1,0.2705057474532604,High Risk,Reject,701
0,0.04894348976672291,Very Low Risk,Approve,823
1,0.55536281470002,Very High Risk,Reject,545
0,0.2607697890396695,High Risk,Reject,707
0,0.03848692784010029,Very Low Risk,Approve,829
0,0.039245111912347794,Very Low Risk,Approve,828
1,0.17985522030754436,Medium Risk,Manual Review,751
0,0.0851458328484649,Very Low Risk,Approve,803
0,0.06662722659738349,Very Low Risk,Approve,813
0,0.2086531247108719,Medium Risk,Manual Review,735
0,0.2808831782396459,High Risk,Reject,696
0,0.25496204921345983,High Risk,Reject,710
0,0.12288826624984174,Low Risk,Manual Review,782
0,0.15277780825290793,Medium Risk,Manual Review,766
0,0.3099471435231987,High Risk,Reject,680
0,0.2160988764281716,High Risk,Manual Review,731
0,0.155259934557842,Medium Risk,Manual Review,765
0,0.35751658515646667,Very High Risk,Reject,653
0,0.17502972289867155,Medium Risk,Manual Review,754
0,0.28286558956809055,High Risk,Reject,694
0,0.22895870119596076,High Risk,Manual Review,724
0,0.3695322309577534,Very High Risk,Reject,647
0,0.2000644724080876,Medium Risk,Manual Review,740
0,0.30454244481602416,High Risk,Reject,683
0,0.26525170088109656,High Risk,Reject,704
0,0.12280154850412629,Low Risk,Manual Review,782
0,0.3440428350804616,Very High Risk,Reject,661
0,0.08067739863388079,Very Low Risk,Approve,806
0,0.1987969558092696,Medium Risk,Manual Review,741
0,0.08981412286871551,Low Risk,Approve,801
0,0.20622451628587044,Medium Risk,Manual Review,737
0,0.3866739657587592,Very High Risk,Reject,637
0,0.3480457432965591,Very High Risk,Reject,659
1,0.3481423444177675,Very High Risk,Reject,659
0,0.4086229003495637,Very High Risk,Reject,625
1,0.5843630592542333,Very High Risk,Reject,529
0,0.24816578288290875,High Risk,Manual Review,714
0,0.18693297295096997,Medium Risk,Manual Review,747
0,0.2830513962362472,High Risk,Reject,694
0,0.20076028618297384,Medium Risk,Manual Review,740
0,0.09743035432305007,Low Risk,Approve,796
1,0.2799604427538622,High Risk,Reject,696
0,0.28101250181433507,High Risk,Reject,695
0,0.0625789756206222,Very Low Risk,Approve,816
0,0.30808395991479615,High Risk,Reject,681
0,0.25893578256865124,High Risk,Reject,708
0,0.3277453042642789,Very High Risk,Reject,670
0,0.19300479353003103,Medium Risk,Manual Review,744
0,0.02641955394749307,Very Low Risk,Approve,835
1,0.20300434069707327,Medium Risk,Manual Review,738
0,0.031495164984434845,Very Low Risk,Approve,833
0,0.16699938584254534,Medium Risk,Manual Review,758
0,0.1374902125480814,Low Risk,Manual Review,774
0,0.06915329780220247,Very Low Risk,Approve,812
0,0.08739798968045151,Low Risk,Approve,802
0,0.18162659284406296,Medium Risk,Manual Review,750
0,0.2421831408862299,High Risk,Manual Review,717
0,0.0462139210079333,Very Low Risk,Approve,825
0,0.3030430154430127,High Risk,Reject,683
0,0.26100546901572386,High Risk,Reject,706
0,0.27571287247869686,High Risk,Reject,698
0,0.5676677343852528,Very High Risk,Reject,538
0,0.13799825527930296,Low Risk,Manual Review,774
0,0.3729399573440673,Very High Risk,Reject,645
1,0.11879783151400555,Low Risk,Manual Review,785
0,0.26313779895298506,High Risk,Reject,705
0,0.23528134465643016,High Risk,Manual Review,721
1,0.24897253820811296,High Risk,Manual Review,713
0,0.4049212642088291,Very High Risk,Reject,627
1,0.18154137851996588,Medium Risk,Manual Review,750
1,0.03156234177205264,Very Low Risk,Approve,833
0,0.34083295437986355,Very High Risk,Reject,663
0,0.2875642481327964,High Risk,Reject,692
0,0.051313020780618945,Very Low Risk,Approve,822
0,0.12409371147263919,Low Risk,Manual Review,782
0,0.1715800799811039,Medium Risk,Manual Review,756
0,0.07653777811094689,Very Low Risk,Approve,808
0,0.08266313226427736,Very Low Risk,Approve,805
0,0.5704656433653136,Very High Risk,Reject,536
0,0.460655779171146,Very High Risk,Reject,597
0,0.21486656889303396,High Risk,Manual Review,732
0,0.1984051549032553,Medium Risk,Manual Review,741
1,0.4562928310765246,Very High Risk,Reject,599
0,0.25308023880664,High Risk,Reject,711
0,0.17111615844637057,Medium Risk,Manual Review,756
0,0.1411287447370329,Low Risk,Manual Review,772
0,0.09467009307337482,Low Risk,Approve,798
0,0.032263575325876565,Very Low Risk,Approve,832
1,0.12904328648167196,Low Risk,Manual Review,779
0,0.19841639651120574,Medium Risk,Manual Review,741
1,0.4785519129086426,Very High Risk,Reject,587
0,0.17469167135228855,Medium Risk,Manual Review,754
0,0.09632468861128306,Low Risk,Approve,797
0,0.43713431319597035,Very High Risk,Reject,610
1,0.38016887422180473,Very High Risk,Reject,641
0,0.042180058868653406,Very Low Risk,Approve,827
0,0.22725041045675767,High Risk,Manual Review,725
0,0.2131536402758135,Medium Risk,Manual Review,733
1,0.24659196843146913,High Risk,Manual Review,714
0,0.30561367378311927,High Risk,Reject,682
0,0.2321708176274856,High Risk,Manual Review,722
0,0.17580004216313927,Medium Risk,Manual Review,753
0,0.23457620486702255,High Risk,Manual Review,721
0,0.15333801394285707,Medium Risk,Manual Review,766
1,0.2948601867017542,High Risk,Reject,688
0,0.10997316811814538,Low Risk,Manual Review,790
0,0.11247611814283304,Low Risk,Manual Review,788
1,0.32724091711075987,Very High Risk,Reject,670
1,0.17838354370864803,Medium Risk,Manual Review,752
0,0.1662310364130682,Medium Risk,Manual Review,759
0,0.08942139472592552,Low Risk,Approve,801
0,0.23602087917205195,High Risk,Manual Review,720
0,0.2508158920602142,High Risk,Reject,712
0,0.09566871172167504,Low Risk,Approve,797
0,0.12861656778955052,Low Risk,Manual Review,779
1,0.26890416336845857,High Risk,Reject,702
1,0.05867852028161489,Very Low Risk,Approve,818
0,0.2947429733563138,High Risk,Reject,688
1,0.36145099263169017,Very High Risk,Reject,651
1,0.29406198034687947,High Risk,Reject,688
1,0.44786061418286327,Very High Risk,Reject,604
0,0.06427185622755213,Very Low Risk,Approve,815
1,0.13508985080447816,Low Risk,Manual Review,776
0,0.15999303459315062,Medium Risk,Manual Review,762
0,0.2182653290260343,High Risk,Manual Review,730
0,0.05540959447273821,Very Low Risk,Approve,820
0,0.48038166984522507,Very High Risk,Reject,586
1,0.36686027976780433,Very High Risk,Reject,648
0,0.221990623987951,High Risk,Manual Review,728
0,0.2955902534846002,High Risk,Reject,687
0,0.029489141328257203,Very Low Risk,Approve,834
0,0.04849945577066857,Very Low Risk,Approve,823
0,0.050437538487381715,Very Low Risk,Approve,822
0,0.03295819858543035,Very Low Risk,Approve,832
0,0.03499027821435077,Very Low Risk,Approve,831
0,0.06921344440564758,Very Low Risk,Approve,812
0,0.09074684219507882,Low Risk,Approve,800
0,0.3222506119401719,Very High Risk,Reject,673
0,0.0866320973360232,Very Low Risk,Approve,802
0,0.24486963099720824,High Risk,Manual Review,715
0,0.19678571392559752,Medium Risk,Manual Review,742
0,0.03264520250210714,Very Low Risk,Approve,832
0,0.13005208695179746,Low Risk,Manual Review,778
0,0.05751022912817394,Very Low Risk,Approve,818
0,0.49727840618342783,Very High Risk,Reject,576
1,0.21650219609407304,High Risk,Manual Review,731
0,0.5341818361226289,Very High Risk,Reject,556
0,0.05542255729948755,Very Low Risk,Approve,820
0,0.1991522574982867,Medium Risk,Manual Review,740
0,0.14550044003654639,Low Risk,Manual Review,770
0,0.3741142052246272,Very High Risk,Reject,644
0,0.23018325474993775,High Risk,Manual Review,723
0,0.04418762595399572,Very Low Risk,Approve,826
0,0.2534324427824557,High Risk,Reject,711
0,0.13282166493774805,Low Risk,Manual Review,777
0,0.3684647388997025,Very High Risk,Reject,647
1,0.29902866682478496,High Risk,Reject,686
0,0.5041419438938834,Very High Risk,Reject,573
0,0.18828484766465745,Medium Risk,Manual Review,746
0,0.21460421718802603,High Risk,Manual Review,732
0,0.41101433707468854,Very High Risk,Reject,624
0,0.16021873196956815,Medium Risk,Manual Review,762
0,0.13421564966239624,Low Risk,Manual Review,776
1,0.5218105920108737,Very High Risk,Reject,563
1,0.6239608677713342,Very High Risk,Reject,507
0,0.06048743460055201,Very Low Risk,Approve,817
0,0.1381907238403101,Low Risk,Manual Review,774
0,0.17644478676273223,Medium Risk,Manual Review,753
0,0.16527063476681272,Medium Risk,Manual Review,759
0,0.4711354620064917,Very High Risk,Reject,591
1,0.07881682037489604,Very Low Risk,Approve,807
0,0.05252642986422333,Very Low Risk,Approve,821
0,0.3501393162538196,Very High Risk,Reject,657
0,0.15974103952652774,Medium Risk,Manual Review,762
0,0.15786584796179223,Medium Risk,Manual Review,763
0,0.038508979938671056,Very Low Risk,Approve,829
0,0.19320763399419977,Medium Risk,Manual Review,744
0,0.21227206127105958,Medium Risk,Manual Review,733
0,0.028392464504995833,Very Low Risk,Approve,834
0,0.061273517330984156,Very Low Risk,Approve,816
0,0.09774297774336627,Low Risk,Approve,796
1,0.07704198660936772,Very Low Risk,Approve,808
1,0.08863734088630354,Low Risk,Approve,801
0,0.08868825417528983,Low Risk,Approve,801
1,0.5728734579557297,Very High Risk,Reject,535
0,0.18159620659383244,Medium Risk,Manual Review,750
1,0.158092250725384,Medium Risk,Manual Review,763
0,0.25217773702875107,High Risk,Reject,711
0,0.6810233703841299,Very High Risk,Reject,475
0,0.2530580176491508,High Risk,Reject,711
1,0.34594071491191325,Very High Risk,Reject,660
1,0.1651822974973283,Medium Risk,Manual Review,759
0,0.4952163115865623,Very High Risk,Reject,578
0,0.2285834254400099,High Risk,Manual Review,724
0,0.2022461163973225,Medium Risk,Manual Review,739
0,0.06963804490207856,Very Low Risk,Approve,812
0,0.228009667725782,High Risk,Manual Review,725
0,0.20324400646303262,Medium Risk,Manual Review,738
0,0.10966067632066384,Low Risk,Manual Review,790
1,0.2924930662919914,High Risk,Reject,689
0,0.2332534084457514,High Risk,Manual Review,722
0,0.17897653038322003,Medium Risk,Manual Review,752
0,0.04494652981288519,Very Low Risk,Approve,825
0,0.08500198373757724,Very Low Risk,Approve,803
0,0.2040007275122443,Medium Risk,Manual Review,738
0,0.03316784171688223,Very Low Risk,Approve,832
0,0.07091590570236762,Very Low Risk,Approve,811
0,0.39668813100752737,Very High Risk,Reject,632
0,0.1021854161653809,Low Risk,Manual Review,794
0,0.026909748085973722,Very Low Risk,Approve,835
0,0.09934196228068845,Low Risk,Approve,795
0,0.29074161317513175,High Risk,Reject,690
0,0.02138739778150472,Very Low Risk,Approve,838
0,0.47910987690819773,Very High Risk,Reject,586
0,0.09634639367486181,Low Risk,Approve,797
0,0.06805332326537586,Very Low Risk,Approve,813
1,0.29127845972503785,High Risk,Reject,690
1,0.07927334686843049,Very Low Risk,Approve,806
0,0.07483065427019261,Very Low Risk,Approve,809
0,0.15136253744068756,Medium Risk,Manual Review,767
1,0.4698147488277949,Very High Risk,Reject,592
0,0.1613748073819808,Medium Risk,Manual Review,761
0,0.2709896071597144,High Risk,Reject,701
0,0.19104786528570555,Medium Risk,Manual Review,745
0,0.18054428775426423,Medium Risk,Manual Review,751
0,0.03196090850215179,Very Low Risk,Approve,832
0,0.026802978339618557,Very Low Risk,Approve,835
0,0.31385396201146476,Very High Risk,Reject,677
0,0.37077858366722805,Very High Risk,Reject,646
0,0.1369443174541759,Low Risk,Manual Review,775
1,0.33631028137782376,Very High Risk,Reject,665
1,0.48727731137689406,Very High Risk,Reject,582
0,0.3884981032191738,Very High Risk,Reject,636
0,0.14633780062541488,Medium Risk,Manual Review,770
1,0.10835976676676902,Low Risk,Manual Review,790
1,0.3880341820116507,Very High Risk,Reject,637
0,0.02909578844813509,Very Low Risk,Approve,834
0,0.20474086021710022,Medium Risk,Manual Review,737
0,0.08953442120944452,Low Risk,Approve,801
0,0.07917901582571764,Very Low Risk,Approve,806
0,0.1586246153267872,Medium Risk,Manual Review,763
0,0.11027731652614674,Low Risk,Manual Review,789
0,0.15526179062593773,Medium Risk,Manual Review,765
1,0.3106303952962523,High Risk,Reject,679
0,0.05379897328689356,Very Low Risk,Approve,820
0,0.08242984399344387,Very Low Risk,Approve,805
1,0.4274343616934192,Very High Risk,Reject,615
0,0.05111795429796205,Very Low Risk,Approve,822
0,0.10954006191276254,Low Risk,Manual Review,790
0,0.302705573661736,High Risk,Reject,684
0,0.07725964716974958,Very Low Risk,Approve,808
1,0.21166940649618637,Medium Risk,Manual Review,734
0,0.04601784775171834,Very Low Risk,Approve,825
0,0.05996132548160473,Very Low Risk,Approve,817
0,0.17314261822060445,Medium Risk,Manual Review,755
0,0.16236139893560175,Medium Risk,Manual Review,761
1,0.0533485958936035,Very Low Risk,Approve,821
1,0.10899151005985433,Low Risk,Manual Review,790
0,0.08835222290832961,Low Risk,Approve,801
0,0.1385876304382414,Low Risk,Manual Review,774
1,0.30964976762088536,High Risk,Reject,680
0,0.21972432369141126,High Risk,Manual Review,729
0,0.34322083203000125,Very High Risk,Reject,661
1,0.1279911813706144,Low Risk,Manual Review,780
0,0.10995259824694005,Low Risk,Manual Review,790
0,0.21452508994303793,High Risk,Manual Review,732
0,0.22919828868420328,High Risk,Manual Review,724
0,0.03386406441213895,Very Low Risk,Approve,831
0,0.2012268916327467,Medium Risk,Manual Review,739
0,0.22953838152658834,High Risk,Manual Review,724
0,0.22875438478403462,High Risk,Manual Review,724
0,0.06489700007333776,Very Low Risk,Approve,814
0,0.16096169766418642,Medium Risk,Manual Review,761
1,0.195665254955029,Medium Risk,Manual Review,742
0,0.1604354965621315,Medium Risk,Manual Review,762
0,0.08930218925420044,Low Risk,Approve,801
0,0.04074995707572531,Very Low Risk,Approve,828
1,0.2637709709718921,High Risk,Reject,705
1,0.3070928552681861,High Risk,Reject,681
0,0.09520538133412546,Low Risk,Approve,798
1,0.22878570181071947,High Risk,Manual Review,724
1,0.13319507680755507,Low Risk,Manual Review,777
0,0.30276569219741994,High Risk,Reject,683
0,0.2634455244343962,High Risk,Reject,705
1,0.15167981298847683,Medium Risk,Manual Review,767
0,0.38347147553524624,Very High Risk,Reject,639
0,0.18210111548015637,Medium Risk,Manual Review,750
1,0.2557306746850729,High Risk,Reject,709
0,0.05188315145834137,Very Low Risk,Approve,821
0,0.31975700017270425,Very High Risk,Reject,674
0,0.17889309308690382,Medium Risk,Manual Review,752
0,0.12713480615350142,Low Risk,Manual Review,780
0,0.1280516061182629,Low Risk,Manual Review,780
1,0.08534920183707712,Very Low Risk,Approve,803
0,0.11125595203376637,Low Risk,Manual Review,789
1,0.5133545171951752,Very High Risk,Reject,568
0,0.21137926875339366,Medium Risk,Manual Review,734
1,0.33080239034094594,Very High Risk,Reject,668
0,0.037868780980499984,Very Low Risk,Approve,829
1,0.3306358921825543,Very High Risk,Reject,668
1,0.2768381892229509,High Risk,Reject,698
1,0.21479617118423006,High Risk,Manual Review,732
0,0.24508682295221226,High Risk,Manual Review,715
0,0.0617989926406763,Very Low Risk,Approve,816
0,0.12661814725136578,Low Risk,Manual Review,780
0,0.08758530133156708,Low Risk,Approve,802
0,0.16124272168512177,Medium Risk,Manual Review,761
0,0.056087787740666174,Very Low Risk,Approve,819
0,0.15775379344842688,Medium Risk,Manual Review,763
0,0.15332950760888883,Medium Risk,Manual Review,766
0,0.14082807081235085,Low Risk,Manual Review,773
0,0.420735103982553,Very High Risk,Reject,619
0,0.19957352171154255,Medium Risk,Manual Review,740
1,0.2653646944332229,High Risk,Reject,704
0,0.13360229030944432,Low Risk,Manual Review,777
1,0.1996890459644139,Medium Risk,Manual Review,740
1,0.2568483756706261,High Risk,Reject,709
0,0.12724081153919622,Low Risk,Manual Review,780
0,0.22368430803318046,High Risk,Manual Review,727
0,0.18016138745799,Medium Risk,Manual Review,751
0,0.4778358418196143,Very High Risk,Reject,587
0,0.04369271438329077,Very Low Risk,Approve,826
0,0.10823189944135474,Low Risk,Manual Review,790
0,0.1661606355315399,Medium Risk,Manual Review,759
1,0.34714459861637353,Very High Risk,Reject,659
0,0.18477348341061609,Medium Risk,Manual Review,748
1,0.06048203171831197,Very Low Risk,Approve,817
0,0.14326287039546368,Low Risk,Manual Review,771
0,0.08411458237981417,Very Low Risk,Approve,804
0,0.134724425468342,Low Risk,Manual Review,776
0,0.5150363613306236,Very High Risk,Reject,567
1,0.10245170575347055,Low Risk,Manual Review,794
0,0.34762196337813195,Very High Risk,Reject,659
0,0.08547130598311031,Very Low Risk,Approve,803
0,0.24889399153012376,High Risk,Manual Review,713
0,0.04129672788878085,Very Low Risk,Approve,827
0,0.2643139972022402,High Risk,Reject,705
1,0.3547196890327599,Very High Risk,Reject,655
0,0.3195390991362447,Very High Risk,Reject,674
0,0.031988914534946525,Very Low Risk,Approve,832
1,0.2594033055793389,High Risk,Reject,707
1,0.3179457290108847,Very High Risk,Reject,675
0,0.2540449433050249,High Risk,Reject,710
0,0.20249142628054786,Medium Risk,Manual Review,739
0,0.07249212668131555,Very Low Risk,Approve,810
0,0.15533938605432215,Medium Risk,Manual Review,765
0,0.04124335400004193,Very Low Risk,Approve,827
0,0.17188848483057054,Medium Risk,Manual Review,755
0,0.03706172319365602,Very Low Risk,Approve,830
1,0.5876596352407915,Very High Risk,Reject,527
0,0.09343536209945902,Low Risk,Approve,799
0,0.31659334049743154,Very High Risk,Reject,676
0,0.2338363750863079,High Risk,Manual Review,721
0,0.22100564573341802,High Risk,Manual Review,728
0,0.3917398613848091,Very High Risk,Reject,635
1,0.07971819958909455,Very Low Risk,Approve,806
0,0.03561927820710143,Very Low Risk,Approve,830
0,0.21927110256010998,High Risk,Manual Review,729
0,0.204061537427528,Medium Risk,Manual Review,738
0,0.1690224181790159,Medium Risk,Manual Review,757
0,0.22376590924282058,High Risk,Manual Review,727
0,0.08629355108944863,Very Low Risk,Approve,803
0,0.12177169178970276,Low Risk,Manual Review,783
0,0.30264599932592684,High Risk,Reject,684
0,0.2316645330021713,High Risk,Manual Review,723
0,0.3288242532360878,Very High Risk,Reject,669
0,0.044730030957734375,Very Low Risk,Approve,825
0,0.19599941220342174,Medium Risk,Manual Review,742
0,0.1887062647497634,Medium Risk,Manual Review,746
0,0.31519730680654146,Very High Risk,Reject,677
0,0.2063056753950776,Medium Risk,Manual Review,737
0,0.27117685733655017,High Risk,Reject,701
0,0.15765273641853775,Medium Risk,Manual Review,763
0,0.030378547410119867,Very Low Risk,Approve,833
0,0.4049413651587442,Very High Risk,Reject,627
1,0.19908646496734866,Medium Risk,Manual Review,741
1,0.26567885849536765,High Risk,Reject,704
1,0.13747800371005878,Low Risk,Manual Review,774
0,0.058192954463498044,Very Low Risk,Approve,818
0,0.05850325395899434,Very Low Risk,Approve,818
0,0.16576492724606395,Medium Risk,Manual Review,759
0,0.33264950215570205,Very High Risk,Reject,667
0,0.24547482039140323,High Risk,Manual Review,715
0,0.12982006091695134,Low Risk,Manual Review,779
0,0.19094885549835117,Medium Risk,Manual Review,745
0,0.1190294986264544,Low Risk,Manual Review,785
0,0.05062091607950209,Very Low Risk,Approve,822
0,0.04859630368738301,Very Low Risk,Approve,823
0,0.10740803562288989,Low Risk,Manual Review,791
0,0.19726900428721605,Medium Risk,Manual Review,742
1,0.07832573178865683,Very Low Risk,Approve,807
0,0.4122279631499509,Very High Risk,Reject,623
0,0.5013177296561988,Very High Risk,Reject,574
1,0.2579082504727982,High Risk,Reject,708
0,0.07761294269172202,Very Low Risk,Approve,807
1,0.5399598822632371,Very High Risk,Reject,553
0,0.2415751035077904,High Risk,Manual Review,717
0,0.04573086845703368,Very Low Risk,Approve,825
1,0.5136160526089395,Very High Risk,Reject,568
0,0.24468494601466578,High Risk,Manual Review,715
0,0.2013015507376471,Medium Risk,Manual Review,739
0,0.21079395553885044,Medium Risk,Manual Review,734
0,0.201264627383599,Medium Risk,Manual Review,739
1,0.28850158817482896,High Risk,Reject,691
0,0.03226602031029463,Very Low Risk,Approve,832
0,0.09455167591882778,Low Risk,Approve,798
0,0.044988701319279144,Very Low Risk,Approve,825
1,0.42659234696490606,Very High Risk,Reject,615
0,0.4252526374418037,Very High Risk,Reject,616
0,0.2052105493566947,Medium Risk,Manual Review,737
0,0.08282894938492263,Very Low Risk,Approve,804
0,0.049884387166592686,Very Low Risk,Approve,823
0,0.21042618098408708,Medium Risk,Manual Review,734
0,0.10300476818927344,Low Risk,Manual Review,793
0,0.03754699782964563,Very Low Risk,Approve,829
0,0.05080400318747149,Very Low Risk,Approve,822
0,0.1532580457914165,Medium Risk,Manual Review,766
0,0.25471431835314073,High Risk,Reject,710
0,0.12833640728807966,Low Risk,Manual Review,779
0,0.2909760737123643,High Risk,Reject,690
0,0.15167596880284034,Medium Risk,Manual Review,767
0,0.19766467326634082,Medium Risk,Manual Review,741
1,0.22285457877315187,High Risk,Manual Review,727
0,0.26862286676078645,High Risk,Reject,702
0,0.046899441333884996,Very Low Risk,Approve,824
1,0.4599665931658678,Very High Risk,Reject,597
0,0.14289761741649404,Low Risk,Manual Review,771
0,0.2447623309251582,High Risk,Manual Review,715
0,0.13901063548687487,Low Risk,Manual Review,774
1,0.20544076890341467,Medium Risk,Manual Review,737
0,0.2006450203111373,Medium Risk,Manual Review,740
0,0.3946909726282272,Very High Risk,Reject,633
0,0.21414204793870711,High Risk,Manual Review,732
0,0.1878548264830176,Medium Risk,Manual Review,747
0,0.1106846579472426,Low Risk,Manual Review,789
1,0.16424258114700385,Medium Risk,Manual Review,760
0,0.1932398272480416,Medium Risk,Manual Review,744
0,0.12093834687940525,Low Risk,Manual Review,783
0,0.18649109749099138,Medium Risk,Manual Review,747
0,0.09495134331996258,Low Risk,Approve,798
0,0.2443825302235824,High Risk,Manual Review,716
0,0.21053999073568566,Medium Risk,Manual Review,734
0,0.12233998665809598,Low Risk,Manual Review,783
0,0.05811378476015535,Very Low Risk,Approve,818
0,0.23952682104486472,High Risk,Manual Review,718
0,0.11038486694930669,Low Risk,Manual Review,789
0,0.19538094869838063,Medium Risk,Manual Review,743
1,0.5822892419009644,Very High Risk,Reject,530
0,0.05948871167833444,Very Low Risk,Approve,817
0,0.462463103379659,Very High Risk,Reject,596
1,0.1551276704984678,Medium Risk,Manual Review,765
0,0.238997750987114,High Risk,Manual Review,719
0,0.41295292032127934,Very High Risk,Reject,623
0,0.23332225788106964,High Risk,Manual Review,722
1,0.19430051805655343,Medium Risk,Manual Review,743
1,0.2515288765236802,High Risk,Reject,712
0,0.2298564386560604,High Risk,Manual Review,724
0,0.16123955139758192,Medium Risk,Manual Review,761
0,0.288107590458298,High Risk,Reject,692
0,0.4906567883838587,Very High Risk,Reject,580
0,0.09660100088082121,Low Risk,Approve,797
0,0.3242608066913855,Very High Risk,Reject,672
0,0.4251416293236072,Very High Risk,Reject,616
0,0.03485502131847488,Very Low Risk,Approve,831
0,0.10607948400563123,Low Risk,Manual Review,792
0,0.2170838426892086,High Risk,Manual Review,731
0,0.20029231628837915,Medium Risk,Manual Review,740
0,0.19433003603317683,Medium Risk,Manual Review,743
0,0.031087088437241214,Very Low Risk,Approve,833
1,0.37675784398577533,Very High Risk,Reject,643
0,0.23963338415558433,High Risk,Manual Review,718
0,0.02134234924173194,Very Low Risk,Approve,838
0,0.157142593422082,Medium Risk,Manual Review,764
0,0.20994548260644397,Medium Risk,Manual Review,735
0,0.21478737345199797,High Risk,Manual Review,732
1,0.2652000551399592,High Risk,Reject,704
0,0.17573739724535625,Medium Risk,Manual Review,753
0,0.37431952686934516,Very High Risk,Reject,644
0,0.2524376241720365,High Risk,Reject,711
0,0.3100331225763139,High Risk,Reject,679
0,0.07763013974908052,Very Low Risk,Approve,807
0,0.12134234676129857,Low Risk,Manual Review,783
1,0.3633413741723977,Very High Risk,Reject,650
0,0.02368901579160609,Very Low Risk,Approve,837
1,0.12715890205166236,Low Risk,Manual Review,780
0,0.0979368933002197,Low Risk,Approve,796
0,0.15153282332931464,Medium Risk,Manual Review,767
0,0.08388210366499231,Very Low Risk,Approve,804
0,0.20256578033011322,Medium Risk,Manual Review,739
1,0.5554838279423236,Very High Risk,Reject,544
0,0.2611568639563169,High Risk,Reject,706
0,0.05996494829245649,Very Low Risk,Approve,817
0,0.14433121450771022,Low Risk,Manual Review,771
0,0.16736824245315113,Medium Risk,Manual Review,758
0,0.35054200750298936,Very High Risk,Reject,657
0,0.07494257899946012,Very Low Risk,Approve,809
0,0.06752741256864225,Very Low Risk,Approve,813
0,0.3278874247082952,Very High Risk,Reject,670
0,0.3351156951531225,Very High Risk,Reject,666
0,0.11717045204044416,Low Risk,Manual Review,786
1,0.12054850304798509,Low Risk,Manual Review,784
0,0.05735988456658145,Very Low Risk,Approve,818
0,0.5285946571750166,Very High Risk,Reject,559
0,0.14682639444887757,Medium Risk,Manual Review,769
0,0.21507201069722784,High Risk,Manual Review,732
0,0.18935224077064608,Medium Risk,Manual Review,746
0,0.29902426665562454,High Risk,Reject,686
0,0.054368538155493924,Very Low Risk,Approve,820
0,0.14562212248109435,Low Risk,Manual Review,770
0,0.2305749307513361,High Risk,Manual Review,723
0,0.3590629393032753,Very High Risk,Reject,653
1,0.39667626325822464,Very High Risk,Reject,632
0,0.24445437811651843,High Risk,Manual Review,716
1,0.1741623846165058,Medium Risk,Manual Review,754
0,0.2781916710855237,High Risk,Reject,697
1,0.24570538517670892,High Risk,Manual Review,715
0,0.08667617753568987,Very Low Risk,Approve,802
0,0.1525136941582801,Medium Risk,Manual Review,766
0,0.2601797294947286,High Risk,Reject,707
0,0.0839693517116533,Very Low Risk,Approve,804
0,0.03572854766095935,Very Low Risk,Approve,830
0,0.2730928112837254,High Risk,Reject,700
0,0.42999284136054644,Very High Risk,Reject,614
0,0.1589826078236072,Medium Risk,Manual Review,763
1,0.4369006106777403,Very High Risk,Reject,610
0,0.05744424697433126,Very Low Risk,Approve,818
0,0.25384247864684367,High Risk,Reject,710
0,0.04849032635174927,Very Low Risk,Approve,823
0,0.1689945924153438,Medium Risk,Manual Review,757
0,0.16534812394155324,Medium Risk,Manual Review,759
0,0.07458473859419297,Very Low Risk,Approve,809
0,0.11814599822542582,Low Risk,Manual Review,785
0,0.06967681925458252,Very Low Risk,Approve,812
0,0.20514130628431845,Medium Risk,Manual Review,737
1,0.41365442269220803,Very High Risk,Reject,622
0,0.11925106674230991,Low Risk,Manual Review,784
0,0.2241599480230029,High Risk,Manual Review,727
0,0.10756553397846998,Low Risk,Manual Review,791
1,0.44854050315032556,Very High Risk,Reject,603
0,0.08304763208471012,Very Low Risk,Approve,804
0,0.2632488559353183,High Risk,Reject,705
1,0.10024080395133837,Low Risk,Manual Review,795
1,0.3453736526292228,Very High Risk,Reject,660
0,0.2787574000227191,High Risk,Reject,697
0,0.09045987587479708,Low Risk,Approve,800
0,0.16721666352210196,Medium Risk,Manual Review,758
0,0.25468134566210515,High Risk,Reject,710
0,0.05352788964854629,Very Low Risk,Approve,821
0,0.15049214682748327,Medium Risk,Manual Review,767
0,0.135643983996309,Low Risk,Manual Review,775
0,0.14572327935040308,Low Risk,Manual Review,770
0,0.0730277520373318,Very Low Risk,Approve,810
0,0.10494697701272605,Low Risk,Manual Review,792
0,0.3037318949506783,High Risk,Reject,683
0,0.043755177386586054,Very Low Risk,Approve,826
0,0.08384103677631011,Very Low Risk,Approve,804
0,0.03437352558181376,Very Low Risk,Approve,831
0,0.33844369675823377,Very High Risk,Reject,664
0,0.21095738162049588,Medium Risk,Manual Review,734
0,0.2216685545811504,High Risk,Manual Review,728
1,0.2616666031184094,High Risk,Reject,706
1,0.250772152514156,High Risk,Reject,712
0,0.17730109556149506,Medium Risk,Manual Review,752
1,0.29190303258071665,High Risk,Reject,689
0,0.1472303109341215,Medium Risk,Manual Review,769
0,0.23453622168222393,High Risk,Manual Review,721
0,0.08875656254824119,Low Risk,Approve,801
0,0.034091895693815925,Very Low Risk,Approve,831
0,0.3348399501434136,Very High Risk,Reject,666
1,0.21229280528409905,Medium Risk,Manual Review,733
0,0.3390971268355474,Very High Risk,Reject,663
0,0.10025288164853353,Low Risk,Manual Review,795
1,0.2637410019969989,High Risk,Reject,705
0,0.37629965256241893,Very High Risk,Reject,643
0,0.062443628647833004,Very Low Risk,Approve,816
1,0.15635792493315517,Medium Risk,Manual Review,764
0,0.19694698771263697,Medium Risk,Manual Review,742
0,0.22996530116219072,High Risk,Manual Review,724
0,0.1484303206090288,Medium Risk,Manual Review,768
0,0.17648569945075052,Medium Risk,Manual Review,753
0,0.4338180342150278,Very High Risk,Reject,611
0,0.10087055810760853,Low Risk,Manual Review,795
0,0.12167495986597583,Low Risk,Manual Review,783
0,0.04144292090803493,Very Low Risk,Approve,827
0,0.10049034018345827,Low Risk,Manual Review,795
0,0.02807372370363141,Very Low Risk,Approve,835
1,0.16342984200108826,Medium Risk,Manual Review,760
1,0.21660989812713272,High Risk,Manual Review,731
0,0.05054212501071291,Very Low Risk,Approve,822
0,0.14793032788406973,Medium Risk,Manual Review,769
0,0.12569992540803832,Low Risk,Manual Review,781
0,0.05318932304935078,Very Low Risk,Approve,821
0,0.10475499275796012,Low Risk,Manual Review,792
0,0.03684644473543809,Very Low Risk,Approve,830
1,0.5050242652610546,Very High Risk,Reject,572
1,0.37315531516156447,Very High Risk,Reject,645
0,0.04748245881752461,Very Low Risk,Approve,824
0,0.04174171397214286,Very Low Risk,Approve,827
1,0.13524530941107302,Low Risk,Manual Review,776
0,0.04922739873387152,Very Low Risk,Approve,823
1,0.30013299666291354,High Risk,Reject,685
0,0.4016590180706456,Very High Risk,Reject,629
0,0.5391598269443578,Very High Risk,Reject,553
0,0.06904804973354337,Very Low Risk,Approve,812
0,0.09466867157766798,Low Risk,Approve,798
0,0.06921795912167332,Very Low Risk,Approve,812
0,0.14363585008726287,Low Risk,Manual Review,771
0,0.18940342565482776,Medium Risk,Manual Review,746
0,0.0729889597352644,Very Low Risk,Approve,810
0,0.15107694644953432,Medium Risk,Manual Review,767
0,0.11947086305082953,Low Risk,Manual Review,784
0,0.17325974558014165,Medium Risk,Manual Review,755
0,0.2780771864794161,High Risk,Reject,697
1,0.33183358688921316,Very High Risk,Reject,667
0,0.12247681680305532,Low Risk,Manual Review,783
1,0.4426406821027002,Very High Risk,Reject,607
0,0.2011811098317826,Medium Risk,Manual Review,739
0,0.2013339537120158,Medium Risk,Manual Review,739
0,0.13296616634995717,Low Risk,Manual Review,777
1,0.2613642808347615,High Risk,Reject,706
0,0.10095376339100391,Low Risk,Manual Review,794
0,0.14451428068672403,Low Risk,Manual Review,771
1,0.05732393817377662,Very Low Risk,Approve,818
1,0.32344468005132915,Very High Risk,Reject,672
0,0.07855512830337202,Very Low Risk,Approve,807
0,0.48763630361877197,Very High Risk,Reject,582
0,0.20714767662944936,Medium Risk,Manual Review,736
0,0.33495963284419816,Very High Risk,Reject,666
1,0.3454995550788156,Very High Risk,Reject,660
1,0.19961664643672591,Medium Risk,Manual Review,740
0,0.1294179065837212,Low Risk,Manual Review,779
0,0.1769027346881002,Medium Risk,Manual Review,753
0,0.07826533457572504,Very Low Risk,Approve,807
0,0.13692773800515143,Low Risk,Manual Review,775
1,0.18509915725665782,Medium Risk,Manual Review,748
0,0.09770298938857093,Low Risk,Approve,796
0,0.2755235431841403,High Risk,Reject,698
0,0.16086374597089995,Medium Risk,Manual Review,762
0,0.16879468076529217,Medium Risk,Manual Review,757
0,0.03410921491531605,Very Low Risk,Approve,831
0,0.06674827902868048,Very Low Risk,Approve,813
0,0.2568139400734304,High Risk,Reject,709
0,0.07799370004267621,Very Low Risk,Approve,807
0,0.1584980064701937,Medium Risk,Manual Review,763
0,0.30837037393545613,High Risk,Reject,680
0,0.2876432892487143,High Risk,Reject,692
0,0.15204473739461122,Medium Risk,Manual Review,766
0,0.24082567461792656,High Risk,Manual Review,718
0,0.3863567547173016,Very High Risk,Reject,638
1,0.1311735506683042,Low Risk,Manual Review,778
0,0.22720614933619346,High Risk,Manual Review,725
0,0.05626678264989166,Very Low Risk,Approve,819
1,0.46846583812121284,Very High Risk,Reject,592
0,0.3195719690739215,Very High Risk,Reject,674
1,0.17734457385710248,Medium Risk,Manual Review,752
0,0.12746573302766964,Low Risk,Manual Review,780
0,0.10505177940033351,Low Risk,Manual Review,792
0,0.04293368183976552,Very Low Risk,Approve,826
0,0.11667421835711678,Low Risk,Manual Review,786
0,0.07763835804473487,Very Low Risk,Approve,807
0,0.33020516671167405,Very High Risk,Reject,668
1,0.05022753461647534,Very Low Risk,Approve,822
0,0.3889864316984032,Very High Risk,Reject,636
0,0.2345820470025871,High Risk,Manual Review,721
0,0.3331749814967879,Very High Risk,Reject,667
0,0.22406550134458386,High Risk,Manual Review,727
0,0.08145242046162804,Very Low Risk,Approve,805
0,0.09257426914142046,Low Risk,Approve,799
1,0.3392037820038375,Very High Risk,Reject,663
1,0.44692935890894614,Very High Risk,Reject,604
0,0.03569973565534302,Very Low Risk,Approve,830
0,0.2179845492915694,High Risk,Manual Review,730
0,0.17617578320987343,Medium Risk,Manual Review,753
0,0.4289647136786331,Very High Risk,Reject,614
0,0.14886828383740308,Medium Risk,Manual Review,768
0,0.1069237517056237,Low Risk,Manual Review,791
1,0.20055630525202342,Medium Risk,Manual Review,740
1,0.3745061322822353,Very High Risk,Reject,644
0,0.27922512550135153,High Risk,Reject,696
0,0.14786022478963834,Medium Risk,Manual Review,769
0,0.08779955595965627,Low Risk,Approve,802
0,0.06712725932546616,Very Low Risk,Approve,813
0,0.16778618041344098,Medium Risk,Manual Review,758
0,0.2652431460795125,High Risk,Reject,704
1,0.14503110649370649,Low Risk,Manual Review,770
0,0.17931963189266142,Medium Risk,Manual Review,751
0,0.4520206873484874,Very High Risk,Reject,601
0,0.34354737120958473,Very High Risk,Reject,661
0,0.19658600907803028,Medium Risk,Manual Review,742
0,0.2063156933115792,Medium Risk,Manual Review,737
0,0.15311643362475846,Medium Risk,Manual Review,766
1,0.1551430290477562,Medium Risk,Manual Review,765
1,0.3763154121530917,Very High Risk,Reject,643
0,0.43003941200893175,Very High Risk,Reject,613
0,0.2585649507572249,High Risk,Reject,708
0,0.13172886048680693,Low Risk,Manual Review,778
0,0.09028019389433559,Low Risk,Approve,800
1,0.22172851885168054,High Risk,Manual Review,728
1,0.044718092650416354,Very Low Risk,Approve,825
0,0.16229524633980724,Medium Risk,Manual Review,761
0,0.15319726664077757,Medium Risk,Manual Review,766
0,0.17415534966369772,Medium Risk,Manual Review,754
0,0.33417634195175394,Very High Risk,Reject,666
0,0.5391327434490361,Very High Risk,Reject,553
1,0.21100302151989134,Medium Risk,Manual Review,734
0,0.10088211437115249,Low Risk,Manual Review,795
0,0.03885190867863062,Very Low Risk,Approve,829
0,0.15910027413744637,Medium Risk,Manual Review,762
0,0.16307165663068668,Medium Risk,Manual Review,760
0,0.20404884691614408,Medium Risk,Manual Review,738
0,0.323380645096415,Very High Risk,Reject,672
0,0.03136817735184788,Very Low Risk,Approve,833
1,0.5031951861810616,Very High Risk,Reject,573
0,0.08293179936479655,Very Low Risk,Approve,804
0,0.2217154393957493,High Risk,Manual Review,728
0,0.21207518284456303,Medium Risk,Manual Review,733
0,0.07538285119068722,Very Low Risk,Approve,809
1,0.16789535071807463,Medium Risk,Manual Review,758
1,0.17285600908104165,Medium Risk,Manual Review,755
0,0.142633116767001,Low Risk,Manual Review,772
0,0.24105759437607885,High Risk,Manual Review,717
0,0.19343778881193432,Medium Risk,Manual Review,744
0,0.19344697019908896,Medium Risk,Manual Review,744
0,0.13754991043184564,Low Risk,Manual Review,774
0,0.0465062986812352,Very Low Risk,Approve,824
0,0.46394315030043276,Very High Risk,Reject,595
1,0.26295919779636545,High Risk,Reject,705
1,0.43614996209981455,Very High Risk,Reject,610
1,0.08763250830609087,Low Risk,Approve,802
1,0.08224365897382727,Very Low Risk,Approve,805
1,0.2766866445226421,High Risk,Reject,698
0,0.07553390583887319,Very Low Risk,Approve,808
0,0.22651809811130258,High Risk,Manual Review,725
0,0.09189945237346744,Low Risk,Approve,799
0,0.14434508401595209,Low Risk,Manual Review,771
0,0.21107250133713695,Medium Risk,Manual Review,734
0,0.16854384474453726,Medium Risk,Manual Review,757
1,0.2536786763427857,High Risk,Reject,710
0,0.2999134365022183,High Risk,Reject,685
0,0.1806235705171594,Medium Risk,Manual Review,751
0,0.07916177828357084,Very Low Risk,Approve,806
1,0.10512276319214285,Low Risk,Manual Review,792
0,0.32360538929223254,Very High Risk,Reject,672
1,0.1771820053849068,Medium Risk,Manual Review,753
0,0.145538120833285,Low Risk,Manual Review,770
0,0.27572397450917874,High Risk,Reject,698
0,0.3281731113950114,Very High Risk,Reject,670
1,0.38221786082887427,Very High Risk,Reject,640
1,0.5588177494055068,Very High Risk,Reject,543
0,0.3316361465231762,Very High Risk,Reject,668
0,0.1627296917562837,Medium Risk,Manual Review,760
0,0.3917172354507625,Very High Risk,Reject,635
0,0.08000580553563452,Very Low Risk,Approve,806
1,0.11759929993232988,Low Risk,Manual Review,785
1,0.14836475364568094,Medium Risk,Manual Review,768
0,0.03648826993990431,Very Low Risk,Approve,830
0,0.23557040726773038,High Risk,Manual Review,720
0,0.1541598202411274,Medium Risk,Manual Review,765
0,0.1980710265112256,Medium Risk,Manual Review,741
0,0.05016463700502231,Very Low Risk,Approve,822
1,0.3517872944828889,Very High Risk,Reject,657
0,0.04986323762039219,Very Low Risk,Approve,823
0,0.12593533219001843,Low Risk,Manual Review,781
0,0.37381896328216707,Very High Risk,Reject,644
0,0.06838166302483627,Very Low Risk,Approve,812
1,0.20019605299526283,Medium Risk,Manual Review,740
1,0.1658654959305288,Medium Risk,Manual Review,759
1,0.306607516437601,High Risk,Reject,681
0,0.045963566428064255,Very Low Risk,Approve,825
0,0.1537529823381542,Medium Risk,Manual Review,765
0,0.13130204801229808,Low Risk,Manual Review,778
0,0.3011587492815754,High Risk,Reject,684
0,0.11323797809580702,Low Risk,Manual Review,788
0,0.1471989610316304,Medium Risk,Manual Review,769
0,0.20413993678068862,Medium Risk,Manual Review,738
0,0.1528316099775915,Medium Risk,Manual Review,766
0,0.041560549012655,Very Low Risk,Approve,827
0,0.247619093328903,High Risk,Manual Review,714
0,0.29185421886530893,High Risk,Reject,689
0,0.15613726925490776,Medium Risk,Manual Review,764
0,0.32740241412347965,Very High Risk,Reject,670
0,0.2815217191877773,High Risk,Reject,695
1,0.11319991708103352,Low Risk,Manual Review,788
0,0.22012171855753548,High Risk,Manual Review,729
1,0.264513119210156,High Risk,Reject,705
0,0.08788726522696848,Low Risk,Approve,802
0,0.07813487808939168,Very Low Risk,Approve,807
0,0.11439425312588361,Low Risk,Manual Review,787
0,0.03194321068857016,Very Low Risk,Approve,832
0,0.21360878755398768,High Risk,Manual Review,733
0,0.08088203533791433,Very Low Risk,Approve,806
0,0.1068697002458101,Low Risk,Manual Review,791
0,0.3755488857750824,Very High Risk,Reject,643
0,0.024965984383283672,Very Low Risk,Approve,836
0,0.5441756023341492,Very High Risk,Reject,551
1,0.4977357871918433,Very High Risk,Reject,576
0,0.15904567630144512,Medium Risk,Manual Review,763
0,0.21213977532477737,Medium Risk,Manual Review,733
1,0.2524194231134887,High Risk,Reject,711
0,0.24886171794634868,High Risk,Manual Review,713
1,0.2761374651653275,High Risk,Reject,698
1,0.22950685815821717,High Risk,Manual Review,724
0,0.17825542508376166,Medium Risk,Manual Review,752
0,0.11764334039556186,Low Risk,Manual Review,785
0,0.13624532926390726,Low Risk,Manual Review,775
0,0.1807346280911299,Medium Risk,Manual Review,751
1,0.6482512291752224,Very High Risk,Reject,493
0,0.07276951612821568,Very Low Risk,Approve,810
0,0.29514353083135525,High Risk,Reject,688
0,0.1627549443688135,Medium Risk,Manual Review,760
0,0.12273130888712312,Low Risk,Manual Review,782
0,0.20516860898808154,Medium Risk,Manual Review,737
0,0.2820760088660314,High Risk,Reject,695
0,0.07333716139160848,Very Low Risk,Approve,810
0,0.423205182475191,Very High Risk,Reject,617
0,0.03429905811114302,Very Low Risk,Approve,831
0,0.22744727833629155,High Risk,Manual Review,725
0,0.041362567271328886,Very Low Risk,Approve,827
0,0.22664494297125568,High Risk,Manual Review,725
0,0.11447060079395198,Low Risk,Manual Review,787
1,0.40733207268095584,Very High Risk,Reject,626
1,0.12741786663427468,Low Risk,Manual Review,780
0,0.3787677126145234,Very High Risk,Reject,642
0,0.03379870174042575,Very Low Risk,Approve,831
0,0.04623706024236498,Very Low Risk,Approve,825
0,0.34992144263617647,Very High Risk,Reject,658
0,0.15643347502770086,Medium Risk,Manual Review,764
0,0.11683019374472799,Low Risk,Manual Review,786
0,0.2494985833416123,High Risk,Manual Review,713
0,0.07041371368014962,Very Low Risk,Approve,811
0,0.08077941131726502,Very Low Risk,Approve,806
1,0.2784279193336716,High Risk,Reject,697
0,0.034234223139673815,Very Low Risk,Approve,831
0,0.20878282373588403,Medium Risk,Manual Review,735
0,0.2859136098486364,High Risk,Reject,693
0,0.3526072079643044,Very High Risk,Reject,656
0,0.2466171638383846,High Risk,Manual Review,714
0,0.18570953182956385,Medium Risk,Manual Review,748
0,0.4368805227381378,Very High Risk,Reject,610
0,0.41474634022667045,Very High Risk,Reject,622
0,0.07395608655364115,Very Low Risk,Approve,809
0,0.1270156542148221,Low Risk,Manual Review,780
0,0.15482232883858646,Medium Risk,Manual Review,765
0,0.13700844542040508,Low Risk,Manual Review,775
1,0.5457655722085241,Very High Risk,Reject,550
0,0.5192503747672303,Very High Risk,Reject,564
1,0.24901428753532964,High Risk,Manual Review,713
0,0.10005388287843653,Low Risk,Manual Review,795
0,0.19765698736335324,Medium Risk,Manual Review,741
0,0.08336025273158425,Very Low Risk,Approve,804
0,0.07296354585458069,Very Low Risk,Approve,810
1,0.18304779250215847,Medium Risk,Manual Review,749
0,0.036663476817861515,Very Low Risk,Approve,830
0,0.06032840729060175,Very Low Risk,Approve,817
0,0.060586178433335434,Very Low Risk,Approve,817
0,0.15432736368102357,Medium Risk,Manual Review,765
0,0.23961440772864867,High Risk,Manual Review,718
0,0.2827728546897039,High Risk,Reject,694
0,0.12453223489615878,Low Risk,Manual Review,782
0,0.36997916420887156,Very High Risk,Reject,647
0,0.11024991674118755,Low Risk,Manual Review,789
1,0.3927781014451566,Very High Risk,Reject,634
1,0.35745967917291116,Very High Risk,Reject,653
0,0.1833873514318842,Medium Risk,Manual Review,749
0,0.28605701513212145,High Risk,Reject,693
0,0.17320029713441412,Medium Risk,Manual Review,755
0,0.19734460590917766,Medium Risk,Manual Review,741
0,0.11635817273085786,Low Risk,Manual Review,786
0,0.6069047178744447,Very High Risk,Reject,516
0,0.08136500751558136,Very Low Risk,Approve,805
0,0.1376168225257327,Low Risk,Manual Review,774
0,0.021045906333503336,Very Low Risk,Approve,838
0,0.15039049788177958,Medium Risk,Manual Review,767
0,0.1594516133821977,Medium Risk,Manual Review,762
0,0.3370347918745717,Very High Risk,Reject,665
0,0.12564858666788342,Low Risk,Manual Review,781
1,0.39946493791496696,Very High Risk,Reject,630
0,0.43352535501704687,Very High Risk,Reject,612
1,0.47249127479293024,Very High Risk,Reject,590
1,0.3171247866570457,Very High Risk,Reject,676
0,0.169483056250645,Medium Risk,Manual Review,757
0,0.2245117215876242,High Risk,Manual Review,727
0,0.18923646417910323,Medium Risk,Manual Review,746
0,0.039069508245714396,Very Low Risk,Approve,829
1,0.04868892065994545,Very Low Risk,Approve,823
0,0.18946004239831132,Medium Risk,Manual Review,746
0,0.19310148182142806,Medium Risk,Manual Review,744
1,0.13797016513469398,Low Risk,Manual Review,774
0,0.36047938670485596,Very High Risk,Reject,652
0,0.19912517297277205,Medium Risk,Manual Review,740
0,0.17012152760162583,Medium Risk,Manual Review,756
0,0.08948246126389478,Low Risk,Approve,801
1,0.11920671262023994,Low Risk,Manual Review,784
0,0.3446063850553648,Very High Risk,Reject,660
1,0.24868652709902483,High Risk,Manual Review,713
0,0.06618740698358992,Very Low Risk,Approve,814
1,0.4103655400808698,Very High Risk,Reject,624
0,0.36485403869863764,Very High Risk,Reject,649
0,0.2542263517696488,High Risk,Reject,710
1,0.17434470554864565,Medium Risk,Manual Review,754
0,0.058512291868333836,Very Low Risk,Approve,818
0,0.2769282757563889,High Risk,Reject,698
0,0.1949142005053824,Medium Risk,Manual Review,743
1,0.09013833480316778,Low Risk,Approve,800
0,0.1237861599343958,Low Risk,Manual Review,782
1,0.47836876652750865,Very High Risk,Reject,587
0,0.17911561701604795,Medium Risk,Manual Review,751
0,0.18777580742813813,Medium Risk,Manual Review,747
0,0.17648320769332557,Medium Risk,Manual Review,753
0,0.14320727072975364,Low Risk,Manual Review,771
1,0.3090382613244044,High Risk,Reject,680
0,0.06695640893866991,Very Low Risk,Approve,813
0,0.5989362136049327,Very High Risk,Reject,521
0,0.10750408606038472,Low Risk,Manual Review,791
0,0.10541612595606971,Low Risk,Manual Review,792
1,0.4568724295396421,Very High Risk,Reject,599
0,0.04618500838520267,Very Low Risk,Approve,825
0,0.4577107812244601,Very High Risk,Reject,598
0,0.47387575133426907,Very High Risk,Reject,589
0,0.1089139083999888,Low Risk,Manual Review,790
0,0.10144455704862436,Low Risk,Manual Review,794
0,0.3071715766927553,High Risk,Reject,681
0,0.07457024861432848,Very Low Risk,Approve,809
1,0.4089246440427595,Very High Risk,Reject,625
0,0.16371893862538298,Medium Risk,Manual Review,760
0,0.11830477646055867,Low Risk,Manual Review,785
0,0.10751231704861856,Low Risk,Manual Review,791
1,0.2530652506437487,High Risk,Reject,711
0,0.10697427557001561,Low Risk,Manual Review,791
0,0.13705151303641225,Low Risk,Manual Review,775
1,0.03965498785607066,Very Low Risk,Approve,828
0,0.25148021883758453,High Risk,Reject,712
0,0.3533747350854256,Very High Risk,Reject,656
0,0.23709072253650684,High Risk,Manual Review,720
1,0.25277075086478223,High Risk,Reject,711
0,0.2709397736130608,High Risk,Reject,701
0,0.16086433024404284,Medium Risk,Manual Review,762
1,0.0686603785982149,Very Low Risk,Approve,812
0,0.032271956477353085,Very Low Risk,Approve,832
0,0.061250962479412065,Very Low Risk,Approve,816
1,0.11589257838981408,Low Risk,Manual Review,786
0,0.16626099035156205,Medium Risk,Manual Review,759
0,0.3514881544652634,Very High Risk,Reject,657
0,0.11932842575239096,Low Risk,Manual Review,784
0,0.07156055984476012,Very Low Risk,Approve,811
0,0.2797764990889924,High Risk,Reject,696
0,0.0825029625975004,Very Low Risk,Approve,805
1,0.19765394945526868,Medium Risk,Manual Review,741
0,0.06614495823193225,Very Low Risk,Approve,814
0,0.3617234589891983,Very High Risk,Reject,651
0,0.08205297201657615,Very Low Risk,Approve,805
1,0.025394753106070422,Very Low Risk,Approve,836
0,0.47232361817700713,Very High Risk,Reject,590
1,0.45163458124403044,Very High Risk,Reject,602
0,0.2180117544017407,High Risk,Manual Review,730
0,0.26615981864968075,High Risk,Reject,704
1,0.46954673122061713,Very High Risk,Reject,592
1,0.4939712161775961,Very High Risk,Reject,578
0,0.07823119279895151,Very Low Risk,Approve,807
1,0.47690380913127384,Very High Risk,Reject,588
0,0.03270112023219744,Very Low Risk,Approve,832
0,0.1269144680853895,Low Risk,Manual Review,780
0,0.193648537634078,Medium Risk,Manual Review,743
0,0.15901269515029512,Medium Risk,Manual Review,763
1,0.1261013682921677,Low Risk,Manual Review,781
1,0.375297926630568,Very High Risk,Reject,644
0,0.279500763736975,High Risk,Reject,696
1,0.24400274823211332,High Risk,Manual Review,716
0,0.355062589862526,Very High Risk,Reject,655
0,0.15569626785700222,Medium Risk,Manual Review,764
1,0.4645124582485917,Very High Risk,Reject,595
0,0.24976158071745683,High Risk,Manual Review,713
1,0.3704867242622322,Very High Risk,Reject,646
0,0.054723565868247524,Very Low Risk,Approve,820
0,0.05193374580859429,Very Low Risk,Approve,821
0,0.058722296308304466,Very Low Risk,Approve,818
0,0.21190135647830416,Medium Risk,Manual Review,733
0,0.15038087270818148,Medium Risk,Manual Review,767
0,0.19893568864358677,Medium Risk,Manual Review,741
0,0.19503562235689773,Medium Risk,Manual Review,743
0,0.4255679826865395,Very High Risk,Reject,616
0,0.13294835461462146,Low Risk,Manual Review,777
0,0.336494753607477,Very High Risk,Reject,665
0,0.10688481232911728,Low Risk,Manual Review,791
0,0.20892692273100635,Medium Risk,Manual Review,735
0,0.1495284252755776,Medium Risk,Manual Review,768
0,0.1775194487705969,Medium Risk,Manual Review,752
0,0.15430128069792245,Medium Risk,Manual Review,765
1,0.2012012212597457,Medium Risk,Manual Review,739
0,0.24108924418702976,High Risk,Manual Review,717
1,0.13030217008551817,Low Risk,Manual Review,778
0,0.09369508619752315,Low Risk,Approve,798
0,0.22541347991109995,High Risk,Manual Review,726
1,0.42412108313335506,Very High Risk,Reject,617
0,0.0651351912989292,Very Low Risk,Approve,814
0,0.25591454516954887,High Risk,Reject,709
0,0.13745558501453395,Low Risk,Manual Review,774
0,0.1712060405456969,Medium Risk,Manual Review,756
0,0.17256852022633212,Medium Risk,Manual Review,755
0,0.18297230304682713,Medium Risk,Manual Review,749
0,0.1185839522466109,Low Risk,Manual Review,785
0,0.02737376534482886,Very Low Risk,Approve,835
0,0.0902106397709486,Low Risk,Approve,800
0,0.138191776090091,Low Risk,Manual Review,774
0,0.0883433689059195,Low Risk,Approve,801
0,0.21409451541290184,High Risk,Manual Review,732
0,0.19552205002609846,Medium Risk,Manual Review,742
0,0.04690538552955728,Very Low Risk,Approve,824
0,0.3159828563470622,Very High Risk,Reject,676
0,0.14971143029208017,Medium Risk,Manual Review,768
0,0.21147474627050514,Medium Risk,Manual Review,734
0,0.15640400945946092,Medium Risk,Manual Review,764
0,0.2447405295635247,High Risk,Manual Review,715
1,0.16510804680076388,Medium Risk,Manual Review,759
1,0.1709139479232826,Medium Risk,Manual Review,756
0,0.024082379200287496,Very Low Risk,Approve,837
0,0.2771093985195453,High Risk,Reject,698
0,0.10271603010034472,Low Risk,Manual Review,794
1,0.09772860524832708,Low Risk,Approve,796
0,0.17877911899894675,Medium Risk,Manual Review,752
0,0.1978858841216012,Medium Risk,Manual Review,741
0,0.12285739285671865,Low Risk,Manual Review,782
0,0.2928498275581078,High Risk,Reject,689
0,0.2059384289362986,Medium Risk,Manual Review,737
0,0.15155940223203543,Medium Risk,Manual Review,767
1,0.26618381642746364,High Risk,Reject,704
0,0.18343711066457613,Medium Risk,Manual Review,749
1,0.29794293255594384,High Risk,Reject,686
0,0.40943037321910897,Very High Risk,Reject,625
0,0.08297717042727562,Very Low Risk,Approve,804
0,0.32075992389132385,Very High Risk,Reject,674
0,0.39403828246046707,Very High Risk,Reject,633
0,0.18492586970255084,Medium Risk,Manual Review,748
0,0.041998530806432045,Very Low Risk,Approve,827
0,0.38178335071311975,Very High Risk,Reject,640
0,0.07376278605251127,Very Low Risk,Approve,809
1,0.23134543930770887,High Risk,Manual Review,723
0,0.09961963207555706,Low Risk,Approve,795
0,0.25592814056016094,High Risk,Reject,709
0,0.15886615557432576,Medium Risk,Manual Review,763
0,0.3421344640766661,Very High Risk,Reject,662
0,0.061980745276061774,Very Low Risk,Approve,816
0,0.10241843598922397,Low Risk,Manual Review,794
0,0.09801565176741725,Low Risk,Approve,796
1,0.22618262120906343,High Risk,Manual Review,726
0,0.06362906939209875,Very Low Risk,Approve,815
0,0.07856153082444596,Very Low Risk,Approve,807
0,0.35150026291543446,Very High Risk,Reject,657
0,0.06136446940067655,Very Low Risk,Approve,816
1,0.0825238921119444,Very Low Risk,Approve,805
1,0.5548239551069926,Very High Risk,Reject,545
0,0.5556108943476585,Very High Risk,Reject,544
0,0.06227780295350863,Very Low Risk,Approve,816
0,0.16714046800119492,Medium Risk,Manual Review,758
0,0.18154331196675305,Medium Risk,Manual Review,750
0,0.15792254612659892,Medium Risk,Manual Review,763
0,0.41536088882920846,Very High Risk,Reject,622
1,0.39504031781019494,Very High Risk,Reject,633
0,0.06581589803682712,Very Low Risk,Approve,814
1,0.38255158651489124,Very High Risk,Reject,640
0,0.07246373172240711,Very Low Risk,Approve,810
0,0.022588436516567594,Very Low Risk,Approve,838
0,0.023454245157213293,Very Low Risk,Approve,837
0,0.02982387854756998,Very Low Risk,Approve,834
0,0.09497991444260205,Low Risk,Approve,798
1,0.22114537807336399,High Risk,Manual Review,728
0,0.02582504913551351,Very Low Risk,Approve,836
1,0.25540849055386994,High Risk,Reject,710
0,0.14418062962214861,Low Risk,Manual Review,771
0,0.2093105288591417,Medium Risk,Manual Review,735
0,0.1602949563774141,Medium Risk,Manual Review,762
0,0.24493750297226924,High Risk,Manual Review,715
0,0.1139756232913667,Low Risk,Manual Review,787
0,0.17411019152914717,Medium Risk,Manual Review,754
1,0.36515727918737134,Very High Risk,Reject,649
0,0.16763050285739747,Medium Risk,Manual Review,758
0,0.2440315762329763,High Risk,Manual Review,716
0,0.4922941433263422,Very High Risk,Reject,579
0,0.35346125095233977,Very High Risk,Reject,656
0,0.20559132451259357,Medium Risk,Manual Review,737
0,0.24785351678344839,High Risk,Manual Review,714
0,0.059222131190042174,Very Low Risk,Approve,817
1,0.2925595119154518,High Risk,Reject,689
0,0.06252946886876079,Very Low Risk,Approve,816
1,0.2836787138117015,High Risk,Reject,694
0,0.1772657950689957,Medium Risk,Manual Review,753
0,0.2815529830172895,High Risk,Reject,695
0,0.16048199345169056,Medium Risk,Manual Review,762
0,0.28213332702224764,High Risk,Reject,695
0,0.048565999721203665,Very Low Risk,Approve,823
0,0.06980070358944838,Very Low Risk,Approve,812
0,0.2570091942894571,High Risk,Reject,709
0,0.24505613132414492,High Risk,Manual Review,715
1,0.26170297858934105,High Risk,Reject,706
0,0.13672173937165508,Low Risk,Manual Review,775
0,0.18961982971367447,Medium Risk,Manual Review,746
1,0.3868686598317076,Very High Risk,Reject,637
0,0.07001466719880052,Very Low Risk,Approve,811
0,0.3210268940985125,Very High Risk,Reject,673
0,0.144956920458065,Low Risk,Manual Review,770
1,0.11503633955030242,Low Risk,Manual Review,787
0,0.31294346493632874,Very High Risk,Reject,678
0,0.5059529789775475,Very High Risk,Reject,572
0,0.10298976664497458,Low Risk,Manual Review,793
0,0.41982042588545193,Very High Risk,Reject,619
1,0.4399095684224961,Very High Risk,Reject,608
0,0.34086712447861667,Very High Risk,Reject,663
1,0.5436891650818795,Very High Risk,Reject,551
0,0.10582848236016776,Low Risk,Manual Review,792
1,0.46523274213526145,Very High Risk,Reject,594
0,0.5159991750151511,Very High Risk,Reject,566
0,0.2279698896623794,High Risk,Manual Review,725
0,0.14070181548651461,Low Risk,Manual Review,773
0,0.3652453453033855,Very High Risk,Reject,649
1,0.391252240464807,Very High Risk,Reject,635
0,0.21781830291902798,High Risk,Manual Review,730
0,0.5368645776098872,Very High Risk,Reject,555
1,0.09156927805361086,Low Risk,Approve,800
0,0.20206143981848224,Medium Risk,Manual Review,739
1,0.4858915958310313,Very High Risk,Reject,583
0,0.1135647667097794,Low Risk,Manual Review,788
0,0.047313237963669846,Very Low Risk,Approve,824
0,0.06264339035085291,Very Low Risk,Approve,816
1,0.20473593970329915,Medium Risk,Manual Review,737
0,0.0961394632994574,Low Risk,Approve,797
0,0.1400470176342438,Low Risk,Manual Review,773
0,0.05139296833827601,Very Low Risk,Approve,822
1,0.25752761314506617,High Risk,Reject,708
0,0.22189706832564268,High Risk,Manual Review,728
0,0.03210103695758882,Very Low Risk,Approve,832
0,0.2959046433891584,High Risk,Reject,687
0,0.16131441702333055,Medium Risk,Manual Review,761
1,0.3872024818905594,Very High Risk,Reject,637
0,0.3269548755240833,Very High Risk,Reject,670
1,0.49806703987857787,Very High Risk,Reject,576
0,0.1608762307807409,Medium Risk,Manual Review,762
0,0.3997744761866696,Very High Risk,Reject,630
0,0.1560690313888891,Medium Risk,Manual Review,764
0,0.3858649617612092,Very High Risk,Reject,638
0,0.22531480028813974,High Risk,Manual Review,726
0,0.06271966247363885,Very Low Risk,Approve,816
0,0.5265725168452431,Very High Risk,Reject,560
0,0.017430712992796728,Very Low Risk,Approve,840
0,0.08522947820853444,Very Low Risk,Approve,803
0,0.47169192583285363,Very High Risk,Reject,591
0,0.13420013174985984,Low Risk,Manual Review,776
0,0.3432691033956074,Very High Risk,Reject,661
0,0.0777541364205442,Very Low Risk,Approve,807
1,0.4299298260238197,Very High Risk,Reject,614
0,0.06036634571114804,Very Low Risk,Approve,817
0,0.14498958152691682,Low Risk,Manual Review,770
0,0.21997421507885653,High Risk,Manual Review,729
0,0.22898150690366356,High Risk,Manual Review,724
0,0.15000262953673119,Medium Risk,Manual Review,767
0,0.1710413498227209,Medium Risk,Manual Review,756
0,0.24877664355465112,High Risk,Manual Review,713
1,0.24199063322666742,High Risk,Manual Review,717
0,0.09185896159369271,Low Risk,Approve,799
0,0.041872620518462404,Very Low Risk,Approve,827
1,0.4908448388377243,Very High Risk,Reject,580
1,0.1775665941011246,Medium Risk,Manual Review,752
0,0.09976523739995943,Low Risk,Approve,795
0,0.50803209067536,Very High Risk,Reject,571
0,0.20620825314564137,Medium Risk,Manual Review,737
1,0.038563606503538,Very Low Risk,Approve,829
1,0.18261874653051405,Medium Risk,Manual Review,750
0,0.04687862231667135,Very Low Risk,Approve,824
0,0.15417550667665306,Medium Risk,Manual Review,765
0,0.26729837097834735,High Risk,Reject,703
0,0.22670757977158879,High Risk,Manual Review,725
0,0.13190668013580087,Low Risk,Manual Review,777
0,0.23264313466009431,High Risk,Manual Review,722
0,0.067857282795481,Very Low Risk,Approve,813
1,0.14544765545541338,Low Risk,Manual Review,770
0,0.26836749841501273,High Risk,Reject,702
1,0.28203971141315026,High Risk,Reject,695
0,0.4120971457989671,Very High Risk,Reject,623
1,0.18278654932009245,Medium Risk,Manual Review,749
1,0.12382406181673133,Low Risk,Manual Review,782
0,0.257078438497882,High Risk,Reject,709
0,0.27929996795754675,High Risk,Reject,696
1,0.07683625212213327,Very Low Risk,Approve,808
0,0.21495668182292021,High Risk,Manual Review,732
0,0.3106828462052677,High Risk,Reject,679
0,0.048379519802287815,Very Low Risk,Approve,823
0,0.4806163695763319,Very High Risk,Reject,586
0,0.07123735945757584,Very Low Risk,Approve,811
1,0.5134006775007859,Very High Risk,Reject,568
1,0.39115751919234815,Very High Risk,Reject,635
0,0.4520234851560963,Very High Risk,Reject,601
0,0.3201454039358023,Very High Risk,Reject,674
0,0.0917692766596331,Low Risk,Approve,800
1,0.34669987651923895,Very High Risk,Reject,659
0,0.11106741965800576,Low Risk,Manual Review,789
0,0.24584776729209984,High Risk,Manual Review,715
0,0.04286105277352444,Very Low Risk,Approve,826
0,0.09176930457959745,Low Risk,Approve,800
0,0.10990150530015559,Low Risk,Manual Review,790
0,0.33665768314772293,Very High Risk,Reject,665
1,0.45384232073320535,Very High Risk,Reject,600
0,0.09434087343963214,Low Risk,Approve,798
0,0.5062535663624448,Very High Risk,Reject,572
0,0.3057405650706715,High Risk,Reject,682
1,0.15130970321386505,Medium Risk,Manual Review,767
0,0.33037635073193505,Very High Risk,Reject,668
0,0.2123683350407284,Medium Risk,Manual Review,733
0,0.13993673356568706,Low Risk,Manual Review,773
0,0.17467078438484773,Medium Risk,Manual Review,754
1,0.41050094581211893,Very High Risk,Reject,624
0,0.33241663786856046,Very High Risk,Reject,667
0,0.1891994392370114,Medium Risk,Manual Review,746
0,0.10332393776443265,Low Risk,Manual Review,793
0,0.10089061773488402,Low Risk,Manual Review,795
1,0.11738271317219104,Low Risk,Manual Review,785
0,0.06415292530693059,Very Low Risk,Approve,815
1,0.22777771051292495,High Risk,Manual Review,725
0,0.03856195326186876,Very Low Risk,Approve,829
0,0.3127725153478236,Very High Risk,Reject,678
0,0.19241510938201564,Medium Risk,Manual Review,744
1,0.1030502506492548,Low Risk,Manual Review,793
0,0.09308893552806538,Low Risk,Approve,799
1,0.6036275842494745,Very High Risk,Reject,518
0,0.37760163704041677,Very High Risk,Reject,642
0,0.38075114216627104,Very High Risk,Reject,641
0,0.09498146526980335,Low Risk,Approve,798
0,0.06821518636850085,Very Low Risk,Approve,812
0,0.08285618388975893,Very Low Risk,Approve,804
1,0.22930934612269843,High Risk,Manual Review,724
0,0.040397651831012744,Very Low Risk,Approve,828
0,0.21275630846796584,Medium Risk,Manual Review,733
0,0.2699290453908776,High Risk,Reject,702
1,0.4519181932530848,Very High Risk,Reject,601
0,0.12251510679989487,Low Risk,Manual Review,783
0,0.2088869755937575,Medium Risk,Manual Review,735
0,0.04216454895209213,Very Low Risk,Approve,827
0,0.1678855327510784,Medium Risk,Manual Review,758
1,0.3784111565744533,Very High Risk,Reject,642
0,0.05804733831038491,Very Low Risk,Approve,818
0,0.1176280769713197,Low Risk,Manual Review,785
0,0.12881675626326516,Low Risk,Manual Review,779
0,0.18772535813157615,Medium Risk,Manual Review,747
1,0.6076096306185739,Very High Risk,Reject,516
0,0.26902976470640816,High Risk,Reject,702
0,0.021349817549967898,Very Low Risk,Approve,838
1,0.1273267208952899,Low Risk,Manual Review,780
0,0.10055212898840869,Low Risk,Manual Review,795
0,0.3317920398756164,Very High Risk,Reject,668
0,0.19501376664123846,Medium Risk,Manual Review,743
0,0.03344102324851043,Very Low Risk,Approve,832
1,0.05871451552808324,Very Low Risk,Approve,818
0,0.05522189151578515,Very Low Risk,Approve,820
1,0.3920877468973433,Very High Risk,Reject,634
0,0.32012013930063826,Very High Risk,Reject,674
0,0.2497955003765139,High Risk,Manual Review,713
0,0.0540393692774997,Very Low Risk,Approve,820
0,0.19326654095321394,Medium Risk,Manual Review,744
1,0.08573929014165116,Very Low Risk,Approve,803
0,0.05844163131582207,Very Low Risk,Approve,818
0,0.22899419670039384,High Risk,Manual Review,724
0,0.16697901323964953,Medium Risk,Manual Review,758
0,0.14596536551138792,Medium Risk,Manual Review,770
1,0.3941633783884385,Very High Risk,Reject,633
0,0.15559537629803832,Medium Risk,Manual Review,764
0,0.042513820862559545,Very Low Risk,Approve,827
0,0.15281686509270953,Medium Risk,Manual Review,766
0,0.4412710751526446,Very High Risk,Reject,607
0,0.04752021663346687,Very Low Risk,Approve,824
0,0.25518824759406233,High Risk,Reject,710
0,0.0951517541868999,Low Risk,Approve,798
0,0.2841409954035327,High Risk,Reject,694
0,0.4004315853861782,Very High Risk,Reject,630
0,0.2672474308722498,High Risk,Reject,703
0,0.14620504100494017,Medium Risk,Manual Review,770
1,0.20473683532106754,Medium Risk,Manual Review,737
1,0.31341324621718736,Very High Risk,Reject,678
0,0.07937425194805581,Very Low Risk,Approve,806
0,0.10783046173226057,Low Risk,Manual Review,791
0,0.48776283934083253,Very High Risk,Reject,582
0,0.3318282063384872,Very High Risk,Reject,667
0,0.2950849473455291,High Risk,Reject,688
0,0.4124322868186292,Very High Risk,Reject,623
0,0.17404840671244087,Medium Risk,Manual Review,754
0,0.10959162340647112,Low Risk,Manual Review,790
0,0.07134104822705019,Very Low Risk,Approve,811
0,0.22944915805065394,High Risk,Manual Review,724
1,0.1714239955592884,Medium Risk,Manual Review,756
0,0.28425229479950825,High Risk,Reject,694
0,0.36823644018591684,Very High Risk,Reject,647
0,0.11234106043125142,Low Risk,Manual Review,788
0,0.03949372080899686,Very Low Risk,Approve,828
0,0.28022873937432835,High Risk,Reject,696
0,0.16323502116000507,Medium Risk,Manual Review,760
0,0.18122195087359977,Medium Risk,Manual Review,750
1,0.22527004817593166,High Risk,Manual Review,726
0,0.3057635214324889,High Risk,Reject,682
0,0.3759934559498384,Very High Risk,Reject,643
1,0.18340364108968168,Medium Risk,Manual Review,749
0,0.3371247217271781,Very High Risk,Reject,665
0,0.08994806366233442,Low Risk,Approve,801
0,0.4234744852836608,Very High Risk,Reject,617
0,0.19329820725937832,Medium Risk,Manual Review,744
0,0.08479219787329198,Very Low Risk,Approve,803
0,0.41668302077031233,Very High Risk,Reject,621
1,0.27492575834607685,High Risk,Reject,699
0,0.09529592362764921,Low Risk,Approve,798
0,0.4714570848962606,Very High Risk,Reject,591
0,0.20965732254428543,Medium Risk,Manual Review,735
0,0.3215106464495267,Very High Risk,Reject,673
0,0.08140140612604901,Very Low Risk,Approve,805
1,0.36542667939269435,Very High Risk,Reject,649
0,0.2215453546687197,High Risk,Manual Review,728
0,0.11046953681752497,Low Risk,Manual Review,789
1,0.06786511382099153,Very Low Risk,Approve,813
0,0.13940661060900397,Low Risk,Manual Review,773
1,0.3314555532099773,Very High Risk,Reject,668
0,0.23229282544764907,High Risk,Manual Review,722
0,0.2917139400002588,High Risk,Reject,690
0,0.2783645780000156,High Risk,Reject,697
1,0.32382127297425956,Very High Risk,Reject,672
1,0.2839090450180517,High Risk,Reject,694
0,0.2886066500701473,High Risk,Reject,691
0,0.11727425201342068,Low Risk,Manual Review,785
0,0.041288278539303135,Very Low Risk,Approve,827
0,0.1692551804449627,Medium Risk,Manual Review,757
0,0.24462040974043686,High Risk,Manual Review,715
0,0.30409227547879697,High Risk,Reject,683
0,0.25536701151270497,High Risk,Reject,710
0,0.3993544459747184,Very High Risk,Reject,630
0,0.1801630621461759,Medium Risk,Manual Review,751
0,0.11196331508761644,Low Risk,Manual Review,788
0,0.11727982084197054,Low Risk,Manual Review,785
0,0.03221142041458434,Very Low Risk,Approve,832
0,0.34004207812619114,Very High Risk,Reject,663
0,0.19555717464893166,Medium Risk,Manual Review,742
0,0.35602808683874393,Very High Risk,Reject,654
0,0.350185096696578,Very High Risk,Reject,657
0,0.13266521264480735,Low Risk,Manual Review,777
1,0.07670458807916353,Very Low Risk,Approve,808
1,0.19232201998270718,Medium Risk,Manual Review,744
0,0.25070979778799224,High Risk,Reject,712
0,0.04895768936171054,Very Low Risk,Approve,823
0,0.14363746514881284,Low Risk,Manual Review,771
0,0.09530924330008891,Low Risk,Approve,798
0,0.12150396284996137,Low Risk,Manual Review,783
0,0.28201153103212295,High Risk,Reject,695
1,0.1774369816378352,Medium Risk,Manual Review,752
0,0.3326611909250756,Very High Risk,Reject,667
0,0.24550985631018393,High Risk,Manual Review,715
0,0.12693421004242084,Low Risk,Manual Review,780
0,0.16810502807415703,Medium Risk,Manual Review,758
1,0.11143278941534508,Low Risk,Manual Review,789
0,0.1689308678819904,Medium Risk,Manual Review,757
0,0.34279051381458686,Very High Risk,Reject,661
0,0.141408842090118,Low Risk,Manual Review,772
0,0.05263806068879724,Very Low Risk,Approve,821
0,0.08281210631281342,Very Low Risk,Approve,804
0,0.29218338557983986,High Risk,Reject,689
1,0.33841809265568035,Very High Risk,Reject,664
0,0.30287070499839663,High Risk,Reject,683
0,0.26561176685626975,High Risk,Reject,704
0,0.09883725060012691,Low Risk,Approve,796
0,0.20341240408652267,Medium Risk,Manual Review,738
0,0.21242911834999856,Medium Risk,Manual Review,733
0,0.32990730552983283,Very High Risk,Reject,669
0,0.09498877615874685,Low Risk,Approve,798
0,0.060537851767636056,Very Low Risk,Approve,817
0,0.4312139242868679,Very High Risk,Reject,613
0,0.5685729977151619,Very High Risk,Reject,537
0,0.34992824991128424,Very High Risk,Reject,658
0,0.11082177902080673,Low Risk,Manual Review,789
0,0.2416876401393064,High Risk,Manual Review,717
0,0.04699600418236614,Very Low Risk,Approve,824
1,0.5148471858787984,Very High Risk,Reject,567
0,0.10748633871350999,Low Risk,Manual Review,791
0,0.12249356083269539,Low Risk,Manual Review,783
0,0.3318542218676372,Very High Risk,Reject,667
0,0.2381895789727001,High Risk,Manual Review,719
0,0.2245679453986432,High Risk,Manual Review,726
0,0.33440508697427024,Very High Risk,Reject,666
0,0.3084492605779979,High Risk,Reject,680
0,0.041817796877661885,Very Low Risk,Approve,827
0,0.26634737773258715,High Risk,Reject,704
0,0.0848209383812209,Very Low Risk,Approve,803
0,0.09002729819909906,Low Risk,Approve,800
0,0.16248270326289488,Medium Risk,Manual Review,761
0,0.08133930326356867,Very Low Risk,Approve,805
0,0.3203835089563622,Very High Risk,Reject,674
0,0.38112314514897544,Very High Risk,Reject,640
0,0.17201463599174216,Medium Risk,Manual Review,755
0,0.07877358326008391,Very Low Risk,Approve,807
1,0.41177706929621843,Very High Risk,Reject,624
0,0.3145667993324034,Very High Risk,Reject,677
0,0.2155550219139752,High Risk,Manual Review,731
0,0.04100563951442522,Very Low Risk,Approve,827
0,0.16427318396539647,Medium Risk,Manual Review,760
0,0.10325381956605792,Low Risk,Manual Review,793
0,0.2587785905229922,High Risk,Reject,708
1,0.419292703037517,Very High Risk,Reject,619
0,0.1557946430921401,Medium Risk,Manual Review,764
0,0.05341230668704881,Very Low Risk,Approve,821
1,0.11518325872548282,Low Risk,Manual Review,787
0,0.15613379750589046,Medium Risk,Manual Review,764
1,0.266493636719003,High Risk,Reject,703
1,0.2612771703930232,High Risk,Reject,706
1,0.1925839987296549,Medium Risk,Manual Review,744
0,0.14320971926947318,Low Risk,Manual Review,771
0,0.25324197936211695,High Risk,Reject,711
1,0.10486302668014882,Low Risk,Manual Review,792
0,0.3486889578792977,Very High Risk,Reject,658
0,0.16055643183380178,Medium Risk,Manual Review,762
0,0.24992444370708375,High Risk,Manual Review,713
0,0.07472689463244123,Very Low Risk,Approve,809
0,0.35094830218402284,Very High Risk,Reject,657
0,0.05198569398318254,Very Low Risk,Approve,821
0,0.11336192772794301,Low Risk,Manual Review,788
0,0.05613164520383605,Very Low Risk,Approve,819
0,0.11092321766647249,Low Risk,Manual Review,789
0,0.0917873691441985,Low Risk,Approve,800
0,0.14151848278510065,Low Risk,Manual Review,772
0,0.1220753259005187,Low Risk,Manual Review,783
0,0.1528556480607336,Medium Risk,Manual Review,766
0,0.32057109385718496,Very High Risk,Reject,674
0,0.2932611851531715,High Risk,Reject,689
0,0.14672401438570767,Medium Risk,Manual Review,769
0,0.25978560974188425,High Risk,Reject,707
0,0.0502408130063757,Very Low Risk,Approve,822
1,0.3100773740015586,High Risk,Reject,679
0,0.20486822714941505,Medium Risk,Manual Review,737
0,0.0994478823489473,Low Risk,Approve,795
0,0.538539361130814,Very High Risk,Reject,554
0,0.09938569237083503,Low Risk,Approve,795
0,0.2909815791961425,High Risk,Reject,690
0,0.46179301230008524,Very High Risk,Reject,596
1,0.27067048620116047,High Risk,Reject,701
0,0.12359267806644393,Low Risk,Manual Review,782
1,0.25841048993545696,High Risk,Reject,708
0,0.253830641493077,High Risk,Reject,710
0,0.17088931674658353,Medium Risk,Manual Review,756
1,0.34935450061564893,Very High Risk,Reject,658
0,0.1624355856518243,Medium Risk,Manual Review,761
1,0.4506577628824099,Very High Risk,Reject,602
0,0.10100119673539176,Low Risk,Manual Review,794
0,0.03246880862595427,Very Low Risk,Approve,832
0,0.21352873842281367,High Risk,Manual Review,733
0,0.5373699129130429,Very High Risk,Reject,554
0,0.11343902407693815,Low Risk,Manual Review,788
0,0.09133699256641366,Low Risk,Approve,800
0,0.035457777508443984,Very Low Risk,Approve,830
0,0.38282158337229116,Very High Risk,Reject,639
0,0.12338778002639775,Low Risk,Manual Review,782
0,0.14037816018127314,Low Risk,Manual Review,773
0,0.12848612825338268,Low Risk,Manual Review,779
0,0.03804667297262889,Very Low Risk,Approve,829
1,0.32245316066696106,Very High Risk,Reject,673
0,0.13138164564899593,Low Risk,Manual Review,778
0,0.06689854833555488,Very Low Risk,Approve,813
0,0.2863129313542517,High Risk,Reject,693
0,0.1736586347897623,Medium Risk,Manual Review,754
0,0.19584028110727406,Medium Risk,Manual Review,742
0,0.1540803513304181,Medium Risk,Manual Review,765
0,0.21937944849675686,High Risk,Manual Review,729
0,0.035198007857451634,Very Low Risk,Approve,831
0,0.08989693584502695,Low Risk,Approve,801
0,0.045510680102918706,Very Low Risk,Approve,825
0,0.13410254659432055,Low Risk,Manual Review,776
0,0.08034711513997565,Very Low Risk,Approve,806
0,0.25871702754444476,High Risk,Reject,708
0,0.3425306279205978,Very High Risk,Reject,662
0,0.03846262515283799,Very Low Risk,Approve,829
1,0.2649099415005702,High Risk,Reject,704
0,0.19053260526603416,Medium Risk,Manual Review,745
0,0.17121034132704122,Medium Risk,Manual Review,756
0,0.061626884289557385,Very Low Risk,Approve,816
0,0.27015176607229774,High Risk,Reject,701
0,0.21725072064176115,High Risk,Manual Review,731
0,0.15887030715176478,Medium Risk,Manual Review,763
0,0.2104507833498118,Medium Risk,Manual Review,734
0,0.15740121441040258,Medium Risk,Manual Review,763
0,0.206385691740269,Medium Risk,Manual Review,736
1,0.13770649183626635,Low Risk,Manual Review,774
0,0.27047061823548035,High Risk,Reject,701
0,0.0973839458342727,Low Risk,Approve,796
0,0.14361913536245563,Low Risk,Manual Review,771
0,0.19643166083093788,Medium Risk,Manual Review,742
0,0.08713624218490208,Low Risk,Approve,802
1,0.2180508612450576,High Risk,Manual Review,730
0,0.034355910417886874,Very Low Risk,Approve,831
0,0.18853834780574671,Medium Risk,Manual Review,746
0,0.3051230466808079,High Risk,Reject,682
1,0.22335556831245168,High Risk,Manual Review,727
0,0.22919756985387071,High Risk,Manual Review,724
0,0.17655323691180588,Medium Risk,Manual Review,753
0,0.05192044957796693,Very Low Risk,Approve,821
0,0.023006332239110906,Very Low Risk,Approve,837
0,0.12160485473700293,Low Risk,Manual Review,783
0,0.060856416605260616,Very Low Risk,Approve,817
0,0.22504005099517813,High Risk,Manual Review,726
0,0.1422017351605094,Low Risk,Manual Review,772
0,0.030092071904936554,Very Low Risk,Approve,833
0,0.055929773933571014,Very Low Risk,Approve,819
0,0.10801292441913919,Low Risk,Manual Review,791
1,0.20918934378934537,Medium Risk,Manual Review,735
0,0.1539249674452598,Medium Risk,Manual Review,765
0,0.0362363702772826,Very Low Risk,Approve,830
1,0.08235642028411325,Very Low Risk,Approve,805
0,0.07604579915485542,Very Low Risk,Approve,808
1,0.2829731009112134,High Risk,Reject,694
1,0.5234307800371928,Very High Risk,Reject,562
1,0.13504011700349614,Low Risk,Manual Review,776
0,0.3506459006841418,Very High Risk,Reject,657
0,0.22432107372843368,High Risk,Manual Review,727
0,0.19052596452699397,Medium Risk,Manual Review,745
0,0.22802429765267646,High Risk,Manual Review,725
1,0.20676440740876026,Medium Risk,Manual Review,736
0,0.35701171283021943,Very High Risk,Reject,654
0,0.26500503723117613,High Risk,Reject,704
0,0.05617284978896601,Very Low Risk,Approve,819
0,0.06596589314516502,Very Low Risk,Approve,814
0,0.1901005453984244,Medium Risk,Manual Review,745
0,0.3761095923277704,Very High Risk,Reject,643
0,0.17308737157763773,Medium Risk,Manual Review,755
1,0.3348353877016995,Very High Risk,Reject,666
0,0.17791378252960977,Medium Risk,Manual Review,752
0,0.16442029548217696,Medium Risk,Manual Review,760
1,0.6153310576850453,Very High Risk,Reject,512
1,0.5553958728657924,Very High Risk,Reject,545
0,0.08853798378345659,Low Risk,Approve,801
0,0.15666834848564662,Medium Risk,Manual Review,764
0,0.15743234920816418,Medium Risk,Manual Review,763
0,0.21022179115333525,Medium Risk,Manual Review,734
0,0.5201102491880493,Very High Risk,Reject,564
0,0.22022785722325444,High Risk,Manual Review,729
1,0.2529102434914754,High Risk,Reject,711
0,0.16487463991567017,Medium Risk,Manual Review,759
1,0.27118092623077916,High Risk,Reject,701
1,0.24385793430636812,High Risk,Manual Review,716
1,0.17177897851271035,Medium Risk,Manual Review,756
0,0.424512513161331,Very High Risk,Reject,617
0,0.23686412440369062,High Risk,Manual Review,720
0,0.4422517076894533,Very High Risk,Reject,607
0,0.16782438992674467,Medium Risk,Manual Review,758
1,0.36984384922251246,Very High Risk,Reject,647
1,0.2746033823021785,High Risk,Reject,699
0,0.15934082393830867,Medium Risk,Manual Review,762
0,0.16624963675528368,Medium Risk,Manual Review,759
0,0.30406423446160274,High Risk,Reject,683
1,0.30934167385356043,High Risk,Reject,680
0,0.15997136125624115,Medium Risk,Manual Review,762
0,0.15737497534317438,Medium Risk,Manual Review,763
0,0.08554508847087516,Very Low Risk,Approve,803
1,0.13762817005979341,Low Risk,Manual Review,774
0,0.15238252306876157,Medium Risk,Manual Review,766
0,0.018229984626897174,Very Low Risk,Approve,840
1,0.34101429621001317,Very High Risk,Reject,662
0,0.24502168930868534,High Risk,Manual Review,715
0,0.1713232602030139,Medium Risk,Manual Review,756
0,0.15986075919405865,Medium Risk,Manual Review,762
0,0.08806688245243877,Low Risk,Approve,802
0,0.25832076965352685,High Risk,Reject,708
0,0.11538841435476188,Low Risk,Manual Review,787
1,0.35613737259510975,Very High Risk,Reject,654
0,0.46459195710622747,Very High Risk,Reject,594
0,0.21114681072453553,Medium Risk,Manual Review,734
0,0.2769712268049401,High Risk,Reject,698
0,0.15362764815062968,Medium Risk,Manual Review,766
1,0.47119916101016934,Very High Risk,Reject,591
0,0.03837884102605175,Very Low Risk,Approve,829
0,0.22156528610237006,High Risk,Manual Review,728
0,0.11609880079787867,Low Risk,Manual Review,786
0,0.20332295784642762,Medium Risk,Manual Review,738
0,0.09810172312054281,Low Risk,Approve,796
0,0.03623148751715723,Very Low Risk,Approve,830
0,0.17533522186974101,Medium Risk,Manual Review,754
1,0.27329673530956106,High Risk,Reject,700
0,0.1756572944667288,Medium Risk,Manual Review,753
1,0.10458100029220595,Low Risk,Manual Review,792
0,0.02119101129761292,Very Low Risk,Approve,838
0,0.23395081281853267,High Risk,Manual Review,721
1,0.06273573767656312,Very Low Risk,Approve,815
0,0.2512625089778629,High Risk,Reject,712
0,0.2730044461598602,High Risk,Reject,700
0,0.08334867936434573,Very Low Risk,Approve,804
0,0.14206676515114122,Low Risk,Manual Review,772
0,0.4159494531239754,Very High Risk,Reject,621
0,0.24111370740915794,High Risk,Manual Review,717
0,0.042182066637969834,Very Low Risk,Approve,827
0,0.2832845387210187,High Risk,Reject,694
0,0.07481980165699519,Very Low Risk,Approve,809
0,0.14468453346529017,Low Risk,Manual Review,770
0,0.14775698233442378,Medium Risk,Manual Review,769
0,0.389281957023696,Very High Risk,Reject,636
0,0.03628728002190899,Very Low Risk,Approve,830
0,0.1893830337162716,Medium Risk,Manual Review,746
0,0.07950413343610972,Very Low Risk,Approve,806
0,0.11785834813223721,Low Risk,Manual Review,785
0,0.10620954763649107,Low Risk,Manual Review,792
1,0.6633028553486693,Very High Risk,Reject,485
0,0.09932046989096868,Low Risk,Approve,795
1,0.1554775763758798,Medium Risk,Manual Review,764
1,0.17478644059949253,Medium Risk,Manual Review,754
0,0.14115423082569634,Low Risk,Manual Review,772
0,0.23511829478555576,High Risk,Manual Review,721
0,0.10590519757027532,Low Risk,Manual Review,792
0,0.21673153949146004,High Risk,Manual Review,731
0,0.06121894514192252,Very Low Risk,Approve,816
0,0.1526018799322245,Medium Risk,Manual Review,766
1,0.07994794615196074,Very Low Risk,Approve,806
1,0.2295911691515512,High Risk,Manual Review,724
1,0.33362661567387214,Very High Risk,Reject,667
0,0.0595382364481952,Very Low Risk,Approve,817
0,0.0682527072891092,Very Low Risk,Approve,812
0,0.0869015262292242,Very Low Risk,Approve,802
0,0.10483101019266058,Low Risk,Manual Review,792
0,0.04317459311043186,Very Low Risk,Approve,826
1,0.11448828723807974,Low Risk,Manual Review,787
0,0.3716648319511313,Very High Risk,Reject,646
0,0.07741010919654719,Very Low Risk,Approve,807
0,0.2973686941075273,High Risk,Reject,686
1,0.16648909222706204,Medium Risk,Manual Review,758
0,0.18483019133990986,Medium Risk,Manual Review,748
1,0.2357065976296861,High Risk,Manual Review,720
0,0.37140962597827143,Very High Risk,Reject,646
0,0.264470471026438,High Risk,Reject,705
0,0.13730467648771544,Low Risk,Manual Review,774
0,0.04844979921129171,Very Low Risk,Approve,823
0,0.10084510420776736,Low Risk,Manual Review,795
0,0.0529070376337366,Very Low Risk,Approve,821
0,0.2082446964341809,Medium Risk,Manual Review,735
0,0.13518369760028887,Low Risk,Manual Review,776
1,0.2470236966296777,High Risk,Manual Review,714
0,0.4325271356122948,Very High Risk,Reject,612
0,0.10556032614335435,Low Risk,Manual Review,792
0,0.5503738073117731,Very High Risk,Reject,547
0,0.19362272349391058,Medium Risk,Manual Review,744
1,0.3191100474978509,Very High Risk,Reject,674
0,0.20338025668981075,Medium Risk,Manual Review,738
0,0.03907921950181182,Very Low Risk,Approve,829
0,0.05312575084992817,Very Low Risk,Approve,821
1,0.177008022111097,Medium Risk,Manual Review,753
0,0.20583770702133172,Medium Risk,Manual Review,737
1,0.28468754190070267,High Risk,Reject,693
1,0.1840190505148966,Medium Risk,Manual Review,749
0,0.08737919955062465,Low Risk,Approve,802
0,0.10424225100506836,Low Risk,Manual Review,793
0,0.11689754348803949,Low Risk,Manual Review,786
0,0.3615570461976744,Very High Risk,Reject,651
0,0.35689987864645023,Very High Risk,Reject,654
0,0.11171913068316079,Low Risk,Manual Review,789
0,0.05756394829838287,Very Low Risk,Approve,818
1,0.45970442681719215,Very High Risk,Reject,597
0,0.1371312860177165,Low Risk,Manual Review,775
0,0.3276191525712385,Very High Risk,Reject,670
0,0.20758935661680014,Medium Risk,Manual Review,736
0,0.06724937989639185,Very Low Risk,Approve,813
0,0.44072114029825515,Very High Risk,Reject,608
1,0.22360945883066466,High Risk,Manual Review,727
1,0.03356566301781396,Very Low Risk,Approve,832
0,0.2116544628547955,Medium Risk,Manual Review,734
0,0.05806276750663768,Very Low Risk,Approve,818
0,0.09097734283847092,Low Risk,Approve,800
0,0.0720684530374667,Very Low Risk,Approve,810
1,0.5870953458257088,Very High Risk,Reject,527
0,0.3281817260794246,Very High Risk,Reject,670
1,0.34227050796455427,Very High Risk,Reject,662
0,0.18076937802719056,Medium Risk,Manual Review,751
0,0.26678648524694976,High Risk,Reject,703
0,0.20171980853286559,Medium Risk,Manual Review,739
1,0.18451143615822063,Medium Risk,Manual Review,749
0,0.04228311440459425,Very Low Risk,Approve,827
0,0.3008294494871674,High Risk,Reject,685
0,0.06394430116109417,Very Low Risk,Approve,815
1,0.4042471801694344,Very High Risk,Reject,628
0,0.26245900304985154,High Risk,Reject,706
1,0.35122871170400455,Very High Risk,Reject,657
0,0.1606818501187448,Medium Risk,Manual Review,762
0,0.337882293089149,Very High Risk,Reject,664
0,0.15410182354614227,Medium Risk,Manual Review,765
0,0.310187515035932,High Risk,Reject,679
1,0.2142008172860132,High Risk,Manual Review,732
1,0.28235914792592076,High Risk,Reject,695
0,0.2628772065460046,High Risk,Reject,705
0,0.13282215503531167,Low Risk,Manual Review,777
1,0.3982064620431219,Very High Risk,Reject,631
0,0.10868549564310044,Low Risk,Manual Review,790
0,0.22554323018466826,High Risk,Manual Review,726
0,0.10841965127679759,Low Risk,Manual Review,790
0,0.1254719428219099,Low Risk,Manual Review,781
0,0.061654565881353894,Very Low Risk,Approve,816
0,0.14389752005995818,Low Risk,Manual Review,771
0,0.20608758675729524,Medium Risk,Manual Review,737
0,0.1244635036783823,Low Risk,Manual Review,782
0,0.23484380810317018,High Risk,Manual Review,721
0,0.20567928170208657,Medium Risk,Manual Review,737
0,0.02728518196829498,Very Low Risk,Approve,835
0,0.1551917519259642,Medium Risk,Manual Review,765
0,0.05640007720154358,Very Low Risk,Approve,819
0,0.15922608336097077,Medium Risk,Manual Review,762
0,0.23022045603797722,High Risk,Manual Review,723
0,0.06036507891280135,Very Low Risk,Approve,817
0,0.339718137146786,Very High Risk,Reject,663
0,0.2948529609970671,High Risk,Reject,688
0,0.198309586786374,Medium Risk,Manual Review,741
0,0.0828902768191172,Very Low Risk,Approve,804
0,0.22293041508736688,High Risk,Manual Review,727
0,0.04626879849966674,Very Low Risk,Approve,825
0,0.2389847055006372,High Risk,Manual Review,719
0,0.1421483795613456,Low Risk,Manual Review,772
0,0.48078724404517437,Very High Risk,Reject,586
0,0.04693622812903361,Very Low Risk,Approve,824
1,0.12145827411149937,Low Risk,Manual Review,783
0,0.35980592766656583,Very High Risk,Reject,652
0,0.440277555429232,Very High Risk,Reject,608
0,0.0941394851568369,Low Risk,Approve,798
0,0.09249214490354038,Low Risk,Approve,799
1,0.358120280847029,Very High Risk,Reject,653
1,0.5777873786313109,Very High Risk,Reject,532
0,0.09402813326451247,Low Risk,Approve,798
0,0.03033699683477114,Very Low Risk,Approve,833
0,0.594321587770458,Very High Risk,Reject,523
1,0.42951959962317915,Very High Risk,Reject,614
0,0.08254670794771164,Very Low Risk,Approve,805
0,0.09642960699179312,Low Risk,Approve,797
0,0.0616833939059219,Very Low Risk,Approve,816
0,0.1653092035781401,Medium Risk,Manual Review,759
0,0.21817244250056572,High Risk,Manual Review,730
0,0.22439092259902113,High Risk,Manual Review,727
0,0.29256045778578793,High Risk,Reject,689
0,0.2355455665886699,High Risk,Manual Review,720
0,0.3913882343008855,Very High Risk,Reject,635
0,0.05781793763816069,Very Low Risk,Approve,818
0,0.08333057407639473,Very Low Risk,Approve,804
0,0.12343672124593374,Low Risk,Manual Review,782
0,0.04123532988479804,Very Low Risk,Approve,827
0,0.09681729891666911,Low Risk,Approve,797
0,0.23402848859479658,High Risk,Manual Review,721
1,0.5191474696264139,Very High Risk,Reject,564
0,0.09161456375232363,Low Risk,Approve,800
0,0.2692682933756043,High Risk,Reject,702
0,0.11319538833031328,Low Risk,Manual Review,788
0,0.07786329974646877,Very Low Risk,Approve,807
0,0.19384732950279723,Medium Risk,Manual Review,743
0,0.5193859564149425,Very High Risk,Reject,564
0,0.046196978671231605,Very Low Risk,Approve,825
0,0.3359379226291279,Very High Risk,Reject,665
0,0.43289013405849186,Very High Risk,Reject,612
0,0.20959689381436647,Medium Risk,Manual Review,735
0,0.034752853082474645,Very Low Risk,Approve,831
1,0.31552468376594506,Very High Risk,Reject,676
0,0.0718360273136619,Very Low Risk,Approve,810
1,0.16599446025097825,Medium Risk,Manual Review,759
1,0.40503527353046137,Very High Risk,Reject,627
0,0.2336352149558678,High Risk,Manual Review,722
0,0.047302667588765154,Very Low Risk,Approve,824
0,0.16977360286364604,Medium Risk,Manual Review,757
1,0.18856524948041214,Medium Risk,Manual Review,746
0,0.10883543864116607,Low Risk,Manual Review,790
0,0.1367179837887617,Low Risk,Manual Review,775
0,0.15950563900444387,Medium Risk,Manual Review,762
1,0.32205784624305056,Very High Risk,Reject,673
0,0.06064779942376495,Very Low Risk,Approve,817
0,0.13127829832149054,Low Risk,Manual Review,778
0,0.26541849133873324,High Risk,Reject,704
0,0.25084266503756286,High Risk,Reject,712
0,0.1521272329116234,Medium Risk,Manual Review,766
0,0.04761540631711335,Very Low Risk,Approve,824
1,0.4378736519830686,Very High Risk,Reject,609
0,0.11863441564429748,Low Risk,Manual Review,785
0,0.10297358535949827,Low Risk,Manual Review,793
0,0.19433849260803207,Medium Risk,Manual Review,743
0,0.04064398439974467,Very Low Risk,Approve,828
1,0.31646809452591207,Very High Risk,Reject,676
0,0.38919784191526424,Very High Risk,Reject,636
1,0.2523542179461934,High Risk,Reject,711
0,0.025196640629559546,Very Low Risk,Approve,836
0,0.33955275445464606,Very High Risk,Reject,663
0,0.22650613856622084,High Risk,Manual Review,725
0,0.2518784984917228,High Risk,Reject,711
1,0.5679093806226067,Very High Risk,Reject,538
0,0.25060651149190954,High Risk,Reject,712
0,0.16856846722444258,Medium Risk,Manual Review,757
0,0.16659265560013686,Medium Risk,Manual Review,758
1,0.28881752102402947,High Risk,Reject,691
0,0.3184624337680245,Very High Risk,Reject,675
0,0.022693118760114192,Very Low Risk,Approve,838
0,0.07933049424732846,Very Low Risk,Approve,806
0,0.11832527451031,Low Risk,Manual Review,785
1,0.2584366745813444,High Risk,Reject,708
0,0.10423513242639193,Low Risk,Manual Review,793
0,0.11363218905668046,Low Risk,Manual Review,788
0,0.0681271764012278,Very Low Risk,Approve,813
0,0.1669520908299318,Medium Risk,Manual Review,758
0,0.0570211545190404,Very Low Risk,Approve,819
0,0.07850248551687324,Very Low Risk,Approve,807
1,0.5004165121909846,Very High Risk,Reject,575
0,0.4111589165960033,Very High Risk,Reject,624
0,0.27532024030831853,High Risk,Reject,699
0,0.03818409483825589,Very Low Risk,Approve,829
0,0.04007438617622487,Very Low Risk,Approve,828
0,0.20334611201752717,Medium Risk,Manual Review,738
0,0.12126728482151271,Low Risk,Manual Review,783
0,0.2241942927216234,High Risk,Manual Review,727
0,0.2563120853080893,High Risk,Reject,709
1,0.3341454168032591,Very High Risk,Reject,666
1,0.51684261214706,Very High Risk,Reject,566
1,0.3002324017077748,High Risk,Reject,685
1,0.21798441561030155,High Risk,Manual Review,730
0,0.2964130806115975,High Risk,Reject,687
0,0.1300971270707921,Low Risk,Manual Review,778
0,0.2939452275301119,High Risk,Reject,688
1,0.4336354194082331,Very High Risk,Reject,612
0,0.1929828226127142,Medium Risk,Manual Review,744
0,0.33432567573571575,Very High Risk,Reject,666
0,0.06163299536515956,Very Low Risk,Approve,816
0,0.38028035891578055,Very High Risk,Reject,641
1,0.26054090616268977,High Risk,Reject,707
0,0.20371725955343817,Medium Risk,Manual Review,738
0,0.4648139042945425,Very High Risk,Reject,594
0,0.07826397781632258,Very Low Risk,Approve,807
0,0.07042856240624693,Very Low Risk,Approve,811
1,0.10925593880033482,Low Risk,Manual Review,790
1,0.26505250780552314,High Risk,Reject,704
0,0.16116562448855298,Medium Risk,Manual Review,761
1,0.32757405906132786,Very High Risk,Reject,670
0,0.16595821951776318,Medium Risk,Manual Review,759
0,0.20818075872491892,Medium Risk,Manual Review,736
0,0.07474467595344005,Very Low Risk,Approve,809
1,0.28486929647227716,High Risk,Reject,693
0,0.31298186682317114,Very High Risk,Reject,678
0,0.060609814942287225,Very Low Risk,Approve,817
0,0.034514836133660264,Very Low Risk,Approve,831
1,0.40924645629579903,Very High Risk,Reject,625
0,0.14533731512830736,Low Risk,Manual Review,770
0,0.03752193105816988,Very Low Risk,Approve,829
0,0.14901863563687018,Medium Risk,Manual Review,768
0,0.24220955444000006,High Risk,Manual Review,717
0,0.10478395334949099,Low Risk,Manual Review,792
0,0.0996853469229868,Low Risk,Approve,795
0,0.07590618617110367,Very Low Risk,Approve,808
0,0.28867855219112143,High Risk,Reject,691
0,0.17972066206923246,Medium Risk,Manual Review,751
1,0.462260240997718,Very High Risk,Reject,596
0,0.19964097584873386,Medium Risk,Manual Review,740
0,0.23980308556144897,High Risk,Manual Review,718
0,0.05526985405357793,Very Low Risk,Approve,820
0,0.11700528251851873,Low Risk,Manual Review,786
0,0.05370242434488289,Very Low Risk,Approve,820
0,0.1128422312336965,Low Risk,Manual Review,788
0,0.23951094070957754,High Risk,Manual Review,718
0,0.040206670285717866,Very Low Risk,Approve,828
0,0.2853108004221289,High Risk,Reject,693
0,0.3066029564682045,High Risk,Reject,681
0,0.2990215319598604,High Risk,Reject,686
0,0.10920766620654017,Low Risk,Manual Review,790
0,0.15449645036842746,Medium Risk,Manual Review,765
0,0.05890852900042527,Very Low Risk,Approve,818
0,0.20782750405651348,Medium Risk,Manual Review,736
0,0.15049130801109115,Medium Risk,Manual Review,767
0,0.13988307911145312,Low Risk,Manual Review,773
1,0.05887883137612592,Very Low Risk,Approve,818
0,0.09396314104454517,Low Risk,Approve,798
0,0.1627296439182586,Medium Risk,Manual Review,760
0,0.06482181077179024,Very Low Risk,Approve,814
0,0.11095683826799194,Low Risk,Manual Review,789
0,0.1256721331962426,Low Risk,Manual Review,781
0,0.3190430109282334,Very High Risk,Reject,675
0,0.0334618286724643,Very Low Risk,Approve,832
1,0.38726499984901597,Very High Risk,Reject,637
0,0.13363579605123138,Low Risk,Manual Review,777
0,0.3140018854375478,Very High Risk,Reject,677
0,0.07211098646135347,Very Low Risk,Approve,810
0,0.42888706561376866,Very High Risk,Reject,614
0,0.10544663501693044,Low Risk,Manual Review,792
1,0.3110177857063067,High Risk,Reject,679
0,0.07936500536846092,Very Low Risk,Approve,806
0,0.048586940886468616,Very Low Risk,Approve,823
1,0.03556791691775408,Very Low Risk,Approve,830
0,0.27197972857628305,High Risk,Reject,700
0,0.0774839454908122,Very Low Risk,Approve,807
0,0.649551475303697,Very High Risk,Reject,493
0,0.4163950667685742,Very High Risk,Reject,621
0,0.14017043857841324,Low Risk,Manual Review,773
0,0.2404408642523535,High Risk,Manual Review,718
0,0.10704730520214885,Low Risk,Manual Review,791
0,0.050958015173090655,Very Low Risk,Approve,822
0,0.22158442404943,High Risk,Manual Review,728
0,0.27125320961557436,High Risk,Reject,701
0,0.11680871286049196,Low Risk,Manual Review,786
1,0.08881242109740957,Low Risk,Approve,801
0,0.0954783126477072,Low Risk,Approve,797
0,0.10195162035607787,Low Risk,Manual Review,794
1,0.408558053000149,Very High Risk,Reject,625
0,0.5556623747281013,Very High Risk,Reject,544
0,0.22657582461249537,High Risk,Manual Review,725
0,0.13717667821393778,Low Risk,Manual Review,775
0,0.3224114550700432,Very High Risk,Reject,673
0,0.1764498664701372,Medium Risk,Manual Review,753
0,0.13255975549606458,Low Risk,Manual Review,777
0,0.24351079238532464,High Risk,Manual Review,716
0,0.4019050027715793,Very High Risk,Reject,629
0,0.030373334844543572,Very Low Risk,Approve,833
0,0.33415239487544146,Very High Risk,Reject,666
0,0.048980572742776125,Very Low Risk,Approve,823
0,0.11185431799820982,Low Risk,Manual Review,788
0,0.5423665137980328,Very High Risk,Reject,552
0,0.4316537858563476,Very High Risk,Reject,613
0,0.20379685143936127,Medium Risk,Manual Review,738
0,0.13127119767312917,Low Risk,Manual Review,778
0,0.3794895266833519,Very High Risk,Reject,641
0,0.049260833372701804,Very Low Risk,Approve,823
0,0.06576865386397142,Very Low Risk,Approve,814
1,0.16873315151474774,Medium Risk,Manual Review,757
0,0.047067298873459625,Very Low Risk,Approve,824
0,0.12863400231191394,Low Risk,Manual Review,779
0,0.24606437217564328,High Risk,Manual Review,715
1,0.24020684121099306,High Risk,Manual Review,718
0,0.19965693056374456,Medium Risk,Manual Review,740
0,0.08087918184242827,Very Low Risk,Approve,806
0,0.25927059361079147,High Risk,Reject,707
0,0.16069123508986508,Medium Risk,Manual Review,762
0,0.2573382447708408,High Risk,Reject,708
1,0.3952731926088852,Very High Risk,Reject,633
0,0.07914871081718178,Very Low Risk,Approve,806
0,0.4271240884928589,Very High Risk,Reject,615
0,0.30064387393391706,High Risk,Reject,685
0,0.29756576410995195,High Risk,Reject,686
0,0.06154714923672559,Very Low Risk,Approve,816
0,0.21008959646143513,Medium Risk,Manual Review,734
0,0.12446079446035554,Low Risk,Manual Review,782
0,0.48436589985947165,Very High Risk,Reject,584
0,0.02245455710078077,Very Low Risk,Approve,838
0,0.07334143008382998,Very Low Risk,Approve,810
0,0.07461345235133365,Very Low Risk,Approve,809
0,0.17149078306283233,Medium Risk,Manual Review,756
0,0.23452707487265279,High Risk,Manual Review,721
0,0.13871317474806408,Low Risk,Manual Review,774
0,0.07999101791244607,Very Low Risk,Approve,806
0,0.03684836918389352,Very Low Risk,Approve,830
0,0.40735712881924124,Very High Risk,Reject,626
0,0.3606278611877325,Very High Risk,Reject,652
0,0.09704618356922515,Low Risk,Approve,797
0,0.028043069811102807,Very Low Risk,Approve,835
1,0.16981321906799451,Medium Risk,Manual Review,757
1,0.200162958946486,Medium Risk,Manual Review,740
0,0.03654245071260587,Very Low Risk,Approve,830
1,0.3146216789482172,Very High Risk,Reject,677
0,0.12737951851869772,Low Risk,Manual Review,780
0,0.2122749582278619,Medium Risk,Manual Review,733
0,0.17090725283340547,Medium Risk,Manual Review,756
1,0.24103228602462717,High Risk,Manual Review,717
0,0.031950979606666145,Very Low Risk,Approve,832
0,0.20384464245336237,Medium Risk,Manual Review,738
0,0.2821703572593079,High Risk,Reject,695
1,0.34172390970327526,Very High Risk,Reject,662
0,0.2058960376253804,Medium Risk,Manual Review,737
0,0.1848301402335709,Medium Risk,Manual Review,748
0,0.10328134008065984,Low Risk,Manual Review,793
0,0.1494883332605771,Medium Risk,Manual Review,768
1,0.34063354377917165,Very High Risk,Reject,663
0,0.21411869305319392,High Risk,Manual Review,732
0,0.3587709849253573,Very High Risk,Reject,653
1,0.496453055381984,Very High Risk,Reject,577
1,0.17482965746160534,Medium Risk,Manual Review,754
1,0.2361154873022913,High Risk,Manual Review,720
0,0.1785954216543766,Medium Risk,Manual Review,752
0,0.17353961916670807,Medium Risk,Manual Review,755
1,0.18535392817695603,Medium Risk,Manual Review,748
0,0.3069964238351032,High Risk,Reject,681
0,0.13328874391833462,Low Risk,Manual Review,777
1,0.11331763575909515,Low Risk,Manual Review,788
1,0.4370178093617593,Very High Risk,Reject,610
0,0.09842058603389114,Low Risk,Approve,796
0,0.45208152223436293,Very High Risk,Reject,601
0,0.22531614103393435,High Risk,Manual Review,726
0,0.11257794295273747,Low Risk,Manual Review,788
0,0.4673612658247716,Very High Risk,Reject,593
0,0.04545451404180773,Very Low Risk,Approve,825
0,0.25640365343704097,High Risk,Reject,709
1,0.403866551721322,Very High Risk,Reject,628
1,0.4072913038970369,Very High Risk,Reject,626
0,0.2647739760034521,High Risk,Reject,704
0,0.05220013248075221,Very Low Risk,Approve,821
0,0.10952966823219865,Low Risk,Manual Review,790
1,0.22220687865416647,High Risk,Manual Review,728
1,0.12116389634469757,Low Risk,Manual Review,783
0,0.1420396247786365,Low Risk,Manual Review,772
0,0.03365935377956996,Very Low Risk,Approve,831
0,0.3341240649463982,Very High Risk,Reject,666
1,0.07161971847412808,Very Low Risk,Approve,811
1,0.17542425014498533,Medium Risk,Manual Review,754
1,0.4084862485720544,Very High Risk,Reject,625
0,0.18111239676615934,Medium Risk,Manual Review,750
0,0.12140169758998606,Low Risk,Manual Review,783
0,0.1965149863076443,Medium Risk,Manual Review,742
0,0.33948872198355073,Very High Risk,Reject,663
0,0.34208106329179544,Very High Risk,Reject,662
0,0.19013072747207596,Medium Risk,Manual Review,745
0,0.16392228014575055,Medium Risk,Manual Review,760
1,0.23552474302598675,High Risk,Manual Review,720
0,0.22910565266427022,High Risk,Manual Review,724
1,0.5256477705129338,Very High Risk,Reject,561
0,0.2448758029135016,High Risk,Manual Review,715
1,0.07413272358045359,Very Low Risk,Approve,809
0,0.4862398256689345,Very High Risk,Reject,583
0,0.26638865160320135,High Risk,Reject,703
0,0.11572514478601188,Low Risk,Manual Review,786
0,0.12076784371453204,Low Risk,Manual Review,784
0,0.12543871130849857,Low Risk,Manual Review,781
0,0.20949284202129456,Medium Risk,Manual Review,735
0,0.2773993287123232,High Risk,Reject,697
0,0.12529812348721645,Low Risk,Manual Review,781
0,0.08823075846744766,Low Risk,Approve,801
0,0.25540187711205264,High Risk,Reject,710
1,0.1558213307267381,Medium Risk,Manual Review,764
1,0.27785528936349196,High Risk,Reject,697
0,0.2431694092385889,High Risk,Manual Review,716
0,0.12295040798246966,Low Risk,Manual Review,782
1,0.10324731175244373,Low Risk,Manual Review,793
0,0.174660382387553,Medium Risk,Manual Review,754
0,0.13380489969900228,Low Risk,Manual Review,776
1,0.4603681559958224,Very High Risk,Reject,597
0,0.11771062989303993,Low Risk,Manual Review,785
0,0.436994832889877,Very High Risk,Reject,610
0,0.07619531814395152,Very Low Risk,Approve,808
0,0.17735628761686728,Medium Risk,Manual Review,752
0,0.14008762521217824,Low Risk,Manual Review,773
1,0.342519778411248,Very High Risk,Reject,662
1,0.3631903936019521,Very High Risk,Reject,650
0,0.08279593477813696,Very Low Risk,Approve,804
0,0.10105853432725695,Low Risk,Manual Review,794
0,0.12472999845051909,Low Risk,Manual Review,781
0,0.2905246905607017,High Risk,Reject,690
0,0.07251572758183707,Very Low Risk,Approve,810
0,0.15533251143327628,Medium Risk,Manual Review,765
0,0.37922257050703484,Very High Risk,Reject,641
0,0.16282652787986052,Medium Risk,Manual Review,760
0,0.3822732598354233,Very High Risk,Reject,640
1,0.3906558406404226,Very High Risk,Reject,635
0,0.07858107077265936,Very Low Risk,Approve,807
0,0.06985375195488738,Very Low Risk,Approve,812
0,0.27741174980506833,High Risk,Reject,697
1,0.35353133740945264,Very High Risk,Reject,656
0,0.21987443229398895,High Risk,Manual Review,729
0,0.10255926718727856,Low Risk,Manual Review,794
0,0.16283593005535657,Medium Risk,Manual Review,760
0,0.1326477184979784,Low Risk,Manual Review,777
0,0.09890375979787462,Low Risk,Approve,796
0,0.11672046451500322,Low Risk,Manual Review,786
0,0.12013798258508673,Low Risk,Manual Review,784
1,0.08639992540561146,Very Low Risk,Approve,802
0,0.05607750563714639,Very Low Risk,Approve,819
0,0.28106778282239203,High Risk,Reject,695
0,0.24603173127685185,High Risk,Manual Review,715
0,0.07081948667554834,Very Low Risk,Approve,811
0,0.06772104368482136,Very Low Risk,Approve,813
0,0.3457360541454616,Very High Risk,Reject,660
0,0.1896577040146224,Medium Risk,Manual Review,746
0,0.4185219249562641,Very High Risk,Reject,620
1,0.1809996068759489,Medium Risk,Manual Review,750
1,0.4435050294622262,Very High Risk,Reject,606
0,0.24547568715925233,High Risk,Manual Review,715
1,0.3589277936106576,Very High Risk,Reject,653
0,0.19499844548212658,Medium Risk,Manual Review,743
0,0.13402383159428205,Low Risk,Manual Review,776
0,0.07608365487480934,Very Low Risk,Approve,808
0,0.028636333830090687,Very Low Risk,Approve,834
0,0.2042704099245812,Medium Risk,Manual Review,738
0,0.3601749688566511,Very High Risk,Reject,652
1,0.1385819467264502,Low Risk,Manual Review,774
0,0.047010512541586565,Very Low Risk,Approve,824
0,0.02600907187955416,Very Low Risk,Approve,836
0,0.18912645684454146,Medium Risk,Manual Review,746
0,0.17326585675211256,Medium Risk,Manual Review,755
0,0.0379882298557007,Very Low Risk,Approve,829
1,0.23315612327784258,High Risk,Manual Review,722
0,0.3111816155695482,High Risk,Reject,679
0,0.12915862017622232,Low Risk,Manual Review,779
0,0.09078155172835022,Low Risk,Approve,800
1,0.16197881724548996,Medium Risk,Manual Review,761
1,0.16719980908647886,Medium Risk,Manual Review,758
0,0.1844962544383602,Medium Risk,Manual Review,749
0,0.21421438571536072,High Risk,Manual Review,732
0,0.19042336915721753,Medium Risk,Manual Review,745
0,0.4683402033496706,Very High Risk,Reject,592
0,0.14816895463916313,Medium Risk,Manual Review,769
1,0.2782694211600447,High Risk,Reject,697
1,0.5102990308417678,Very High Risk,Reject,569
0,0.1175972695488878,Low Risk,Manual Review,785
0,0.1194999461764124,Low Risk,Manual Review,784
1,0.19219361195431933,Medium Risk,Manual Review,744
0,0.05261085540323865,Very Low Risk,Approve,821
0,0.1776890195191952,Medium Risk,Manual Review,752
0,0.2370910349424253,High Risk,Manual Review,720
0,0.13205161088825235,Low Risk,Manual Review,777
0,0.06840637089240485,Very Low Risk,Approve,812
0,0.17923718001157238,Medium Risk,Manual Review,751
0,0.3695190896546051,Very High Risk,Reject,647
1,0.49312487890911305,Very High Risk,Reject,579
0,0.07149227773078469,Very Low Risk,Approve,811
0,0.05756955641621948,Very Low Risk,Approve,818
0,0.24932603550198626,High Risk,Manual Review,713
1,0.181142943348989,Medium Risk,Manual Review,750
0,0.22319706484100268,High Risk,Manual Review,727
0,0.20531431229156463,Medium Risk,Manual Review,737
1,0.15769840654734088,Medium Risk,Manual Review,763
0,0.28942950085778735,High Risk,Reject,691
0,0.5122524897848442,Very High Risk,Reject,568
0,0.05119907780383925,Very Low Risk,Approve,822
0,0.09566565482730424,Low Risk,Approve,797
0,0.15487897181386048,Medium Risk,Manual Review,765
0,0.03533585696990505,Very Low Risk,Approve,831
0,0.14226214172870222,Low Risk,Manual Review,772
1,0.31773614768514524,Very High Risk,Reject,675
0,0.038975404657229464,Very Low Risk,Approve,829
1,0.19688704970180687,Medium Risk,Manual Review,742
0,0.14850819216534467,Medium Risk,Manual Review,768
0,0.2701370297250686,High Risk,Reject,701
0,0.12582326566550556,Low Risk,Manual Review,781
0,0.4258317138313679,Very High Risk,Reject,616
0,0.2521236742107328,High Risk,Reject,711
1,0.09548501661659106,Low Risk,Approve,797
0,0.0490777767795041,Very Low Risk,Approve,823
1,0.6576305203855564,Very High Risk,Reject,488
0,0.020648195425393166,Very Low Risk,Approve,839
0,0.31241572500220666,Very High Risk,Reject,678
0,0.08493578954800984,Very Low Risk,Approve,803
0,0.21285314767675081,Medium Risk,Manual Review,733
0,0.22125783035657132,High Risk,Manual Review,728
0,0.3025878377300787,High Risk,Reject,684
1,0.3748755183276901,Very High Risk,Reject,644
0,0.2084676221058387,Medium Risk,Manual Review,735
0,0.248934375763463,High Risk,Manual Review,713
0,0.02960540964526355,Very Low Risk,Approve,834
0,0.2599058270708503,High Risk,Reject,707
0,0.20463288395615636,Medium Risk,Manual Review,737
0,0.18575232596449195,Medium Risk,Manual Review,748
1,0.1306200717883927,Low Risk,Manual Review,778
0,0.29217499174705813,High Risk,Reject,689
0,0.05692316206665822,Very Low Risk,Approve,819
0,0.30555965885139075,High Risk,Reject,682
0,0.05106730765731795,Very Low Risk,Approve,822
0,0.20699331912409297,Medium Risk,Manual Review,736
0,0.044077322068060434,Very Low Risk,Approve,826
0,0.046166127929270724,Very Low Risk,Approve,825
0,0.26129938874628844,High Risk,Reject,706
0,0.24267964815078003,High Risk,Manual Review,717
1,0.29850904392879235,High Risk,Reject,686
0,0.10933040979219924,Low Risk,Manual Review,790
0,0.05041237996525829,Very Low Risk,Approve,822
0,0.32267811124969253,Very High Risk,Reject,673
0,0.021841736644410262,Very Low Risk,Approve,838
1,0.5369624073882008,Very High Risk,Reject,555
1,0.22014656957403422,High Risk,Manual Review,729
1,0.20057432903952555,Medium Risk,Manual Review,740
0,0.17667018836907797,Medium Risk,Manual Review,753
0,0.05368577228860401,Very Low Risk,Approve,820
0,0.07943391045785074,Very Low Risk,Approve,806
1,0.2017570480961169,Medium Risk,Manual Review,739
0,0.4891236785245356,Very High Risk,Reject,581
0,0.093607028496648,Low Risk,Approve,799
0,0.25781694461603344,High Risk,Reject,708
0,0.23312561303148374,High Risk,Manual Review,722
0,0.1262617581600851,Low Risk,Manual Review,781
0,0.1658960103935141,Medium Risk,Manual Review,759
0,0.16143980359211538,Medium Risk,Manual Review,761
0,0.06748606847636301,Very Low Risk,Approve,813
1,0.21433251258633126,High Risk,Manual Review,732
0,0.16954450010786468,Medium Risk,Manual Review,757
0,0.21922437240078355,High Risk,Manual Review,729
0,0.12620974417222275,Low Risk,Manual Review,781
0,0.07119009692518348,Very Low Risk,Approve,811
0,0.19096954476943714,Medium Risk,Manual Review,745
0,0.13665379998428703,Low Risk,Manual Review,775
0,0.03842874261683711,Very Low Risk,Approve,829
0,0.05728523481740362,Very Low Risk,Approve,818
0,0.0966618461340649,Low Risk,Approve,797
0,0.1164222266533603,Low Risk,Manual Review,786
0,0.10591933642265437,Low Risk,Manual Review,792
0,0.2769493342855946,High Risk,Reject,698
0,0.10178559547665914,Low Risk,Manual Review,794
0,0.1127410241694505,Low Risk,Manual Review,788
0,0.208120299939849,Medium Risk,Manual Review,736
0,0.43547353704430086,Very High Risk,Reject,610
0,0.10316159844278117,Low Risk,Manual Review,793
1,0.29268613903400725,High Risk,Reject,689
0,0.2236826081240305,High Risk,Manual Review,727
0,0.10044501747184163,Low Risk,Manual Review,795
0,0.3711201783786587,Very High Risk,Reject,646
0,0.11435768307735712,Low Risk,Manual Review,787
1,0.47675866238883474,Very High Risk,Reject,588
0,0.06300482337124096,Very Low Risk,Approve,815
0,0.2397622268416778,High Risk,Manual Review,718
0,0.16295648099364773,Medium Risk,Manual Review,760
0,0.09960931290187643,Low Risk,Approve,795
1,0.27060237546532345,High Risk,Reject,701
0,0.14767579137840764,Medium Risk,Manual Review,769
0,0.25746439509473085,High Risk,Reject,708
0,0.06276265234009104,Very Low Risk,Approve,815
0,0.11720888179062486,Low Risk,Manual Review,786
1,0.40903893647343625,Very High Risk,Reject,625
0,0.05117879746380976,Very Low Risk,Approve,822
0,0.21254536805166668,Medium Risk,Manual Review,733
0,0.17986881575314878,Medium Risk,Manual Review,751
0,0.20999509628766544,Medium Risk,Manual Review,735
0,0.189769280898605,Medium Risk,Manual Review,746
0,0.2626790991559111,High Risk,Reject,706
0,0.29016069490330965,High Risk,Reject,690
0,0.15716622369784694,Medium Risk,Manual Review,764
0,0.28693225076252765,High Risk,Reject,692
0,0.4472963146724842,Very High Risk,Reject,604
0,0.23125662089140525,High Risk,Manual Review,723
0,0.023406899929911407,Very Low Risk,Approve,837
0,0.17585627891419695,Medium Risk,Manual Review,753
0,0.02709396549052898,Very Low Risk,Approve,835
0,0.060186434393565434,Very Low Risk,Approve,817
1,0.07916108120590518,Very Low Risk,Approve,806
1,0.04813055359742882,Very Low Risk,Approve,824
1,0.2162028706653797,High Risk,Manual Review,731
1,0.2690271716854819,High Risk,Reject,702
1,0.2971074901060122,High Risk,Reject,687
0,0.20186412738926526,Medium Risk,Manual Review,739
0,0.1306505630476357,Low Risk,Manual Review,778
0,0.381575275562666,Very High Risk,Reject,640
0,0.2996430414803877,High Risk,Reject,685
0,0.4528883844788856,Very High Risk,Reject,601
0,0.17460344021440713,Medium Risk,Manual Review,754
0,0.3059849687045833,High Risk,Reject,682
0,0.0833154843948522,Very Low Risk,Approve,804
0,0.31046056668791044,High Risk,Reject,679
0,0.19784518570414766,Medium Risk,Manual Review,741
0,0.21636253980704712,High Risk,Manual Review,731
0,0.08911988541334219,Low Risk,Approve,801
0,0.12770021522669095,Low Risk,Manual Review,780
0,0.49709887958020726,Very High Risk,Reject,577
0,0.1891178714133584,Medium Risk,Manual Review,746
1,0.0635624137744491,Very Low Risk,Approve,815
0,0.1672015710537384,Medium Risk,Manual Review,758
0,0.3932981925781757,Very High Risk,Reject,634
0,0.040214334043958425,Very Low Risk,Approve,828
0,0.11617830784910821,Low Risk,Manual Review,786
0,0.15207081955038537,Medium Risk,Manual Review,766
0,0.1952565847053464,Medium Risk,Manual Review,743
0,0.08300206089406474,Very Low Risk,Approve,804
0,0.14467035380783982,Low Risk,Manual Review,770
0,0.23802892016849692,High Risk,Manual Review,719
0,0.1601397824712476,Medium Risk,Manual Review,762
0,0.11728905083089822,Low Risk,Manual Review,785
0,0.18310552988904114,Medium Risk,Manual Review,749
0,0.4260087466771251,Very High Risk,Reject,616
0,0.2645244628973959,High Risk,Reject,705
0,0.07315007422100822,Very Low Risk,Approve,810
0,0.09041672883504719,Low Risk,Approve,800
0,0.21527635908195975,High Risk,Manual Review,732
0,0.03964986086523201,Very Low Risk,Approve,828
0,0.12272213053498914,Low Risk,Manual Review,783
0,0.1711335870089335,Medium Risk,Manual Review,756
0,0.08929321231437537,Low Risk,Approve,801
0,0.18698394546681507,Medium Risk,Manual Review,747
0,0.07792779836075478,Very Low Risk,Approve,807
0,0.26784069425188045,High Risk,Reject,703
1,0.1580446155395734,Medium Risk,Manual Review,763
0,0.04158188955415752,Very Low Risk,Approve,827
0,0.08579974016840027,Very Low Risk,Approve,803
0,0.20748372994678987,Medium Risk,Manual Review,736
0,0.07446635440561089,Very Low Risk,Approve,809
0,0.3621006438055095,Very High Risk,Reject,651
0,0.31212910409221517,Very High Risk,Reject,678
0,0.1731848704924217,Medium Risk,Manual Review,755
1,0.49916598302106324,Very High Risk,Reject,575
0,0.24931372307330155,High Risk,Manual Review,713
0,0.44994507453485816,Very High Risk,Reject,603
0,0.0883418624926709,Low Risk,Approve,801
0,0.26012039982250545,High Risk,Reject,707
0,0.1647948575098651,Medium Risk,Manual Review,759
0,0.15117281937089494,Medium Risk,Manual Review,767
0,0.1648596464820896,Medium Risk,Manual Review,759
1,0.15700259377399528,Medium Risk,Manual Review,764
0,0.25318694729723196,High Risk,Reject,711
0,0.11808009918862991,Low Risk,Manual Review,785
0,0.152961773878255,Medium Risk,Manual Review,766
1,0.3015898320178105,High Risk,Reject,684
0,0.11153578193314755,Low Risk,Manual Review,789
0,0.05211314618602648,Very Low Risk,Approve,821
1,0.5440766678173538,Very High Risk,Reject,551
0,0.3785852187175965,Very High Risk,Reject,642
0,0.32081780952966543,Very High Risk,Reject,674
0,0.13254722378105838,Low Risk,Manual Review,777
0,0.40402641163179587,Very High Risk,Reject,628
0,0.07390464523363775,Very Low Risk,Approve,809
0,0.0279852064771986,Very Low Risk,Approve,835
0,0.1426844923865632,Low Risk,Manual Review,772
0,0.07562676931637274,Very Low Risk,Approve,808
0,0.04845800123041481,Very Low Risk,Approve,823
0,0.0353370834862018,Very Low Risk,Approve,831
0,0.23193870635002375,High Risk,Manual Review,722
0,0.5276518991528983,Very High Risk,Reject,560
1,0.17644274742951907,Medium Risk,Manual Review,753
0,0.43689714407445757,Very High Risk,Reject,610
0,0.4287056470449662,Very High Risk,Reject,614
0,0.2597383751302783,High Risk,Reject,707
0,0.4993071054336103,Very High Risk,Reject,575
1,0.4018144383896414,Very High Risk,Reject,629
1,0.4360058433931367,Very High Risk,Reject,610
1,0.10972914943640352,Low Risk,Manual Review,790
0,0.07852507441320755,Very Low Risk,Approve,807
0,0.10735103422045646,Low Risk,Manual Review,791
0,0.2923101399883617,High Risk,Reject,689
0,0.07089492195646833,Very Low Risk,Approve,811
0,0.032929374441609136,Very Low Risk,Approve,832
0,0.33694191160755244,Very High Risk,Reject,665
0,0.2681473640793384,High Risk,Reject,703
0,0.29845066316055646,High Risk,Reject,686
0,0.22356606751385646,High Risk,Manual Review,727
0,0.3787508947965318,Very High Risk,Reject,642
0,0.17909564555179905,Medium Risk,Manual Review,751
0,0.04772713484425334,Very Low Risk,Approve,824
1,0.07722076148806384,Very Low Risk,Approve,808
0,0.24200312548727496,High Risk,Manual Review,717
1,0.4061631435832779,Very High Risk,Reject,627
0,0.1187785629791944,Low Risk,Manual Review,785
0,0.08705883102444109,Very Low Risk,Approve,802
0,0.4612833196255696,Very High Risk,Reject,596
0,0.2266152144021114,High Risk,Manual Review,725
0,0.2688975360466628,High Risk,Reject,702
0,0.1850872134309651,Medium Risk,Manual Review,748
0,0.17286782711571058,Medium Risk,Manual Review,755
0,0.516663575345967,Very High Risk,Reject,566
0,0.1360055467308286,Low Risk,Manual Review,775
0,0.029263726922862696,Very Low Risk,Approve,834
0,0.07216333397808501,Very Low Risk,Approve,810
0,0.16846385410721731,Medium Risk,Manual Review,757
0,0.12358878520550065,Low Risk,Manual Review,782
0,0.2210561078843425,High Risk,Manual Review,728
1,0.32319523450550025,Very High Risk,Reject,672
0,0.05511797719749746,Very Low Risk,Approve,820
0,0.10984250463414792,Low Risk,Manual Review,790
0,0.06024066356968292,Very Low Risk,Approve,817
0,0.0552214384221701,Very Low Risk,Approve,820
0,0.3076546505357813,High Risk,Reject,681
0,0.060687406806770955,Very Low Risk,Approve,817
0,0.025938775648058167,Very Low Risk,Approve,836
0,0.3267970953104816,Very High Risk,Reject,670
0,0.3748086116133117,Very High Risk,Reject,644
0,0.10938447971170624,Low Risk,Manual Review,790
0,0.22088729155797712,High Risk,Manual Review,729
0,0.1319621261680748,Low Risk,Manual Review,777
0,0.28392942281383865,High Risk,Reject,694
0,0.03017551008302953,Very Low Risk,Approve,833
0,0.4846937282777198,Very High Risk,Reject,583
0,0.2967697989011901,High Risk,Reject,687
1,0.26355429114972423,High Risk,Reject,705
0,0.1390825600940002,Low Risk,Manual Review,774
0,0.1799421438123743,Medium Risk,Manual Review,751
0,0.30686602177650235,High Risk,Reject,681
0,0.06091722054049705,Very Low Risk,Approve,816
0,0.21937314650695566,High Risk,Manual Review,729
0,0.09182486491620259,Low Risk,Approve,799
0,0.21446288920191822,High Risk,Manual Review,732
0,0.2369564277593527,High Risk,Manual Review,720
0,0.10621462230603251,Low Risk,Manual Review,792
0,0.04142381128078467,Very Low Risk,Approve,827
0,0.16912572347343974,Medium Risk,Manual Review,757
0,0.15316011194952456,Medium Risk,Manual Review,766
0,0.08112218672714827,Very Low Risk,Approve,805
0,0.0695434206486067,Very Low Risk,Approve,812
0,0.513668792879889,Very High Risk,Reject,567
0,0.11163472586411853,Low Risk,Manual Review,789
1,0.24283152901020993,High Risk,Manual Review,716
0,0.11455065261603538,Low Risk,Manual Review,787
0,0.1629415348688457,Medium Risk,Manual Review,760
1,0.3260211412355081,Very High Risk,Reject,671
1,0.21959683701009874,High Risk,Manual Review,729
1,0.17062097506233037,Medium Risk,Manual Review,756
0,0.2833018264279814,High Risk,Reject,694
0,0.3104633200979479,High Risk,Reject,679
0,0.16571155337283447,Medium Risk,Manual Review,759
1,0.08438831205090216,Very Low Risk,Approve,804
0,0.10787286663988234,Low Risk,Manual Review,791
0,0.40872330210231417,Very High Risk,Reject,625
0,0.05610172092036408,Very Low Risk,Approve,819
0,0.26577028306091277,High Risk,Reject,704
1,0.16075253332339937,Medium Risk,Manual Review,762
0,0.111065126532586,Low Risk,Manual Review,789
0,0.14073717098392718,Low Risk,Manual Review,773
0,0.14195578087080762,Low Risk,Manual Review,772
0,0.18205257303051775,Medium Risk,Manual Review,750
0,0.18396886293791678,Medium Risk,Manual Review,749
0,0.0389122672697304,Very Low Risk,Approve,829
1,0.15262258426617245,Medium Risk,Manual Review,766
0,0.021272867030265624,Very Low Risk,Approve,838
0,0.2539113643759582,High Risk,Reject,710
0,0.07303204482861397,Very Low Risk,Approve,810
1,0.06448648677079273,Very Low Risk,Approve,815
0,0.385498844400743,Very High Risk,Reject,638
0,0.03271238974160074,Very Low Risk,Approve,832
0,0.1355577389819644,Low Risk,Manual Review,775
0,0.020519870696894503,Very Low Risk,Approve,839
0,0.33361773013924795,Very High Risk,Reject,667
0,0.32767010783958167,Very High Risk,Reject,670
0,0.04290052759692578,Very Low Risk,Approve,826
0,0.2564724249802904,High Risk,Reject,709
0,0.26388297825767165,High Risk,Reject,705
0,0.5378768119520682,Very High Risk,Reject,554
1,0.5440244778334923,Very High Risk,Reject,551
0,0.06587899191611,Very Low Risk,Approve,814
0,0.08973089058066885,Low Risk,Approve,801
0,0.061645822596256235,Very Low Risk,Approve,816
1,0.5704312632046583,Very High Risk,Reject,536
0,0.10176630708628301,Low Risk,Manual Review,794
0,0.31488053545620315,Very High Risk,Reject,677
0,0.09568011306849325,Low Risk,Approve,797
0,0.20667361988501678,Medium Risk,Manual Review,736
1,0.41202896047068177,Very High Risk,Reject,623
0,0.48382763314113136,Very High Risk,Reject,584
0,0.2507693281927496,High Risk,Reject,712
0,0.46835445224141636,Very High Risk,Reject,592
0,0.11949330888774842,Low Risk,Manual Review,784
0,0.1383153550146868,Low Risk,Manual Review,774
0,0.21780250923198466,High Risk,Manual Review,730
0,0.11705042312826179,Low Risk,Manual Review,786
0,0.5253146224599579,Very High Risk,Reject,561
0,0.17314359023806308,Medium Risk,Manual Review,755
0,0.13380305415793184,Low Risk,Manual Review,776
0,0.1227363805360686,Low Risk,Manual Review,782
1,0.2171309933889183,High Risk,Manual Review,731
0,0.19547395883440233,Medium Risk,Manual Review,742
0,0.08179146855584338,Very Low Risk,Approve,805
1,0.19873369597271054,Medium Risk,Manual Review,741
1,0.4061213072674526,Very High Risk,Reject,627
0,0.20919362389574178,Medium Risk,Manual Review,735
0,0.09953347755211721,Low Risk,Approve,795
0,0.17587516750951146,Medium Risk,Manual Review,753
0,0.05659497593417225,Very Low Risk,Approve,819
0,0.0595085147316172,Very Low Risk,Approve,817
0,0.2570098612686664,High Risk,Reject,709
0,0.1893947916938781,Medium Risk,Manual Review,746
1,0.3836678896632256,Very High Risk,Reject,639
0,0.22114140884352457,High Risk,Manual Review,728
0,0.18732817518001332,Medium Risk,Manual Review,747
0,0.3229724778221059,Very High Risk,Reject,672
0,0.03784080292549739,Very Low Risk,Approve,829
0,0.0889373319117152,Low Risk,Approve,801
0,0.5805956888697367,Very High Risk,Reject,531
0,0.22924529633022955,High Risk,Manual Review,724
0,0.0896528582458824,Low Risk,Approve,801
0,0.1309967027283758,Low Risk,Manual Review,778
0,0.049221605744264436,Very Low Risk,Approve,823
0,0.13084471438851575,Low Risk,Manual Review,778
1,0.19829606704425312,Medium Risk,Manual Review,741
1,0.2772780533766101,High Risk,Reject,697
0,0.62861301097606,Very High Risk,Reject,504
0,0.07832166387902952,Very Low Risk,Approve,807
0,0.2145773534171251,High Risk,Manual Review,732
0,0.2423285275325502,High Risk,Manual Review,717
0,0.11209802824958713,Low Risk,Manual Review,788
0,0.19659699412137757,Medium Risk,Manual Review,742
1,0.3263636190064851,Very High Risk,Reject,671
1,0.4523194355639298,Very High Risk,Reject,601
0,0.299578578354009,High Risk,Reject,685
0,0.3409269986722418,Very High Risk,Reject,662
0,0.4859473094381972,Very High Risk,Reject,583
1,0.10580087846578728,Low Risk,Manual Review,792
0,0.13870380030093118,Low Risk,Manual Review,774
1,0.26048365589503747,High Risk,Reject,707
1,0.48797677730645983,Very High Risk,Reject,582
0,0.3886549078831189,Very High Risk,Reject,636
1,0.4432588703994227,Very High Risk,Reject,606
0,0.3195303281675034,Very High Risk,Reject,674
1,0.2387904066511241,High Risk,Manual Review,719
0,0.09616659523303638,Low Risk,Approve,797
0,0.0625429460146815,Very Low Risk,Approve,816
0,0.42290129461178366,Very High Risk,Reject,617
1,0.39268809082865286,Very High Risk,Reject,634
1,0.11202913562000451,Low Risk,Manual Review,788
0,0.10939104569633931,Low Risk,Manual Review,790
0,0.1845422381690458,Medium Risk,Manual Review,749
0,0.02200513765993725,Very Low Risk,Approve,838
1,0.36786743804037975,Very High Risk,Reject,648
0,0.12265120528181522,Low Risk,Manual Review,783
0,0.35734379704875235,Very High Risk,Reject,653
0,0.03551977449733981,Very Low Risk,Approve,830
0,0.5851102036909885,Very High Risk,Reject,528
0,0.13302060930083992,Low Risk,Manual Review,777
0,0.1028557991004488,Low Risk,Manual Review,793
0,0.13447416666479384,Low Risk,Manual Review,776
0,0.2120460434693059,Medium Risk,Manual Review,733
1,0.4169760110371193,Very High Risk,Reject,621
0,0.037962867803472515,Very Low Risk,Approve,829
0,0.13604439188011394,Low Risk,Manual Review,775
0,0.07832483714806056,Very Low Risk,Approve,807
0,0.32697269568928106,Very High Risk,Reject,670
0,0.09087346924156646,Low Risk,Approve,800
0,0.24787193877115457,High Risk,Manual Review,714
1,0.11955182043885823,Low Risk,Manual Review,784
0,0.1233317380668065,Low Risk,Manual Review,782
0,0.18022399915148324,Medium Risk,Manual Review,751
0,0.3513572449056579,Very High Risk,Reject,657
1,0.40331253564160746,Very High Risk,Reject,628
0,0.16959317637992938,Medium Risk,Manual Review,757
0,0.06257709360403473,Very Low Risk,Approve,816
1,0.3176605281180406,Very High Risk,Reject,675
0,0.04581594321440129,Very Low Risk,Approve,825
0,0.30451614197438615,High Risk,Reject,683
0,0.3730944038630264,Very High Risk,Reject,645
0,0.24019483466430291,High Risk,Manual Review,718
0,0.37121635170942047,Very High Risk,Reject,646
0,0.1456715147930188,Low Risk,Manual Review,770
0,0.2824028773194385,High Risk,Reject,695
0,0.35061758481611444,Very High Risk,Reject,657
0,0.049226875770669046,Very Low Risk,Approve,823
0,0.05402343847852132,Very Low Risk,Approve,820
0,0.1321912734130868,Low Risk,Manual Review,777
0,0.11248657957317193,Low Risk,Manual Review,788
0,0.036937134248828156,Very Low Risk,Approve,830
0,0.46646428480612406,Very High Risk,Reject,593
0,0.03949381636310487,Very Low Risk,Approve,828
0,0.0457201441280494,Very Low Risk,Approve,825
0,0.46824264058546516,Very High Risk,Reject,592
0,0.19011115906022935,Medium Risk,Manual Review,745
1,0.12566843567915784,Low Risk,Manual Review,781
0,0.046538780768262594,Very Low Risk,Approve,824
0,0.2339216162846138,High Risk,Manual Review,721
0,0.10413755668179066,Low Risk,Manual Review,793
0,0.3327511280642907,Very High Risk,Reject,667
0,0.03934780467114888,Very Low Risk,Approve,828
0,0.05479406144695495,Very Low Risk,Approve,820
0,0.17897750322932346,Medium Risk,Manual Review,752
0,0.13744448179847174,Low Risk,Manual Review,774
0,0.08759048771645041,Low Risk,Approve,802
0,0.37127586776816346,Very High Risk,Reject,646
0,0.31868189004551223,Very High Risk,Reject,675
0,0.041943551351520766,Very Low Risk,Approve,827
1,0.19292792671184403,Medium Risk,Manual Review,744
0,0.08923943447069392,Low Risk,Approve,801
0,0.3409834545378176,Very High Risk,Reject,662
0,0.0636312006835012,Very Low Risk,Approve,815
0,0.08727259296465013,Low Risk,Approve,802
0,0.14097526945295805,Low Risk,Manual Review,772
0,0.057107944115410286,Very Low Risk,Approve,819
1,0.09301310213217562,Low Risk,Approve,799
1,0.40941097143620436,Very High Risk,Reject,625
1,0.34883762822734155,Very High Risk,Reject,658
0,0.059725718637373394,Very Low Risk,Approve,817
0,0.2687830714068296,High Risk,Reject,702
0,0.4250280766593648,Very High Risk,Reject,616
0,0.14151330535132348,Low Risk,Manual Review,772
0,0.11555066231321358,Low Risk,Manual Review,786
0,0.05299402023600522,Very Low Risk,Approve,821
0,0.03048516114034797,Very Low Risk,Approve,833
0,0.027411114106091643,Very Low Risk,Approve,835
0,0.19280219914672939,Medium Risk,Manual Review,744
0,0.4175602335361108,Very High Risk,Reject,620
1,0.2591909666279009,High Risk,Reject,707
0,0.1380969625380483,Low Risk,Manual Review,774
1,0.20199108293037407,Medium Risk,Manual Review,739
1,0.4063363216417613,Very High Risk,Reject,627
0,0.0383177764294034,Very Low Risk,Approve,829
1,0.2539367024167989,High Risk,Reject,710
0,0.32397960103337986,Very High Risk,Reject,672
0,0.1520446636383925,Medium Risk,Manual Review,766
0,0.2578897301711685,High Risk,Reject,708
0,0.2647805293753409,High Risk,Reject,704
0,0.3446175686948157,Very High Risk,Reject,660
1,0.24135337221763503,High Risk,Manual Review,717
1,0.48022294458049714,Very High Risk,Reject,586
0,0.11544061263738106,Low Risk,Manual Review,787
0,0.15700093146761956,Medium Risk,Manual Review,764
0,0.15488819428665532,Medium Risk,Manual Review,765
0,0.29434065466254417,High Risk,Reject,688
0,0.13212966847878777,Low Risk,Manual Review,777
0,0.12028334742746541,Low Risk,Manual Review,784
1,0.26068032657199824,High Risk,Reject,707
0,0.40949503269411475,Very High Risk,Reject,625
0,0.09249683700065517,Low Risk,Approve,799
0,0.1313275443288291,Low Risk,Manual Review,778
1,0.2907985965808802,High Risk,Reject,690
1,0.25896771183751965,High Risk,Reject,708
0,0.4379666552380671,Very High Risk,Reject,609
0,0.2947395611203556,High Risk,Reject,688
0,0.08809089948142888,Low Risk,Approve,802
0,0.26631412541989863,High Risk,Reject,704
0,0.2875430264933524,High Risk,Reject,692
0,0.07831085817803134,Very Low Risk,Approve,807
0,0.06660794615865524,Very Low Risk,Approve,813
0,0.2148409127940433,High Risk,Manual Review,732
0,0.4786735610875714,Very High Risk,Reject,587
0,0.2018799801808683,Medium Risk,Manual Review,739
0,0.056969915432770205,Very Low Risk,Approve,819
0,0.2247584759172896,High Risk,Manual Review,726
1,0.10108340199208984,Low Risk,Manual Review,794
0,0.17734641991230804,Medium Risk,Manual Review,752
0,0.15158707894916706,Medium Risk,Manual Review,767
0,0.15402712422355413,Medium Risk,Manual Review,765
0,0.02644095418707307,Very Low Risk,Approve,835
0,0.3591984976764393,Very High Risk,Reject,652
0,0.18595124920477824,Medium Risk,Manual Review,748
0,0.08417655661970436,Very Low Risk,Approve,804
0,0.45787944199752445,Very High Risk,Reject,598
0,0.13732155941991944,Low Risk,Manual Review,774
0,0.1834378720212077,Medium Risk,Manual Review,749
0,0.03465362339669695,Very Low Risk,Approve,831
0,0.08759627276831962,Low Risk,Approve,802
0,0.06124279564957194,Very Low Risk,Approve,816
0,0.43251041958560893,Very High Risk,Reject,612
1,0.0624568599311532,Very Low Risk,Approve,816
0,0.14538040138515962,Low Risk,Manual Review,770
1,0.3535260378607399,Very High Risk,Reject,656
0,0.09253325724878136,Low Risk,Approve,799
0,0.26724127911222456,High Risk,Reject,703
0,0.08621207767823244,Very Low Risk,Approve,803
0,0.42653837218861257,Very High Risk,Reject,615
0,0.20681392923723904,Medium Risk,Manual Review,736
0,0.07811787045724461,Very Low Risk,Approve,807
0,0.4636884830101149,Very High Risk,Reject,595
0,0.19186121272525106,Medium Risk,Manual Review,744
0,0.08177563988959032,Very Low Risk,Approve,805
0,0.13583433874074413,Low Risk,Manual Review,775
1,0.5410741358542078,Very High Risk,Reject,552
0,0.3842952507883891,Very High Risk,Reject,639
1,0.3443907901546923,Very High Risk,Reject,661
0,0.06903070327536263,Very Low Risk,Approve,812
0,0.05652268152151792,Very Low Risk,Approve,819
1,0.12368727146625084,Low Risk,Manual Review,782
0,0.2522291179421518,High Risk,Reject,711
0,0.1835859062866332,Medium Risk,Manual Review,749
1,0.18670715343143834,Medium Risk,Manual Review,747
0,0.221932486071416,High Risk,Manual Review,728
0,0.20680622099242427,Medium Risk,Manual Review,736
0,0.1871067612619136,Medium Risk,Manual Review,747
1,0.18709112598986868,Medium Risk,Manual Review,747
0,0.20041798496584054,Medium Risk,Manual Review,740
0,0.08665628896765158,Very Low Risk,Approve,802
1,0.4734683161215622,Very High Risk,Reject,590
0,0.211785888212051,Medium Risk,Manual Review,734
0,0.05055362949642284,Very Low Risk,Approve,822
0,0.253361713209531,High Risk,Reject,711
0,0.05681226970631257,Very Low Risk,Approve,819
1,0.10571389198734048,Low Risk,Manual Review,792
0,0.08996287538166212,Low Risk,Approve,801
0,0.2196813371808833,High Risk,Manual Review,729
0,0.055092533761999754,Very Low Risk,Approve,820
0,0.20247476638806397,Medium Risk,Manual Review,739
0,0.0808243741439984,Very Low Risk,Approve,806
0,0.24764607651419634,High Risk,Manual Review,714
1,0.2895434490411511,High Risk,Reject,691
0,0.21416355096011894,High Risk,Manual Review,732
0,0.13823037439667168,Low Risk,Manual Review,774
1,0.3920799075676909,Very High Risk,Reject,634
0,0.2136626319959872,High Risk,Manual Review,732
0,0.43222230028551506,Very High Risk,Reject,612
0,0.19424693222107742,Medium Risk,Manual Review,743
0,0.2182456020567876,High Risk,Manual Review,730
0,0.3184571179374387,Very High Risk,Reject,675
0,0.13523481154348144,Low Risk,Manual Review,776
0,0.03476758915062151,Very Low Risk,Approve,831
0,0.28600844942437215,High Risk,Reject,693
0,0.1495623116469465,Medium Risk,Manual Review,768
1,0.4505355277537101,Very High Risk,Reject,602
0,0.2816970624664847,High Risk,Reject,695
0,0.16026597301753007,Medium Risk,Manual Review,762
0,0.31693895401891126,Very High Risk,Reject,676
0,0.057472296433658344,Very Low Risk,Approve,818
0,0.09310866266031764,Low Risk,Approve,799
0,0.12972954942415071,Low Risk,Manual Review,779
0,0.09656637879268949,Low Risk,Approve,797
0,0.23258413864778327,High Risk,Manual Review,722
1,0.25072089745609877,High Risk,Reject,712
0,0.31039298767050194,High Risk,Reject,679
1,0.2648885823020981,High Risk,Reject,704
0,0.347140496357573,Very High Risk,Reject,659
0,0.07253350008703595,Very Low Risk,Approve,810
0,0.0865833218997668,Very Low Risk,Approve,802
0,0.3367445857083361,Very High Risk,Reject,665
0,0.3895986535474232,Very High Risk,Reject,636
1,0.09800097965605957,Low Risk,Approve,796
0,0.15785670467038027,Medium Risk,Manual Review,763
0,0.03771760658785603,Very Low Risk,Approve,829
0,0.05824448013946667,Very Low Risk,Approve,818
1,0.3013860064757538,High Risk,Reject,684
1,0.46538050416887855,Very High Risk,Reject,594
1,0.1572351992930616,Medium Risk,Manual Review,764
1,0.32716534530370495,Very High Risk,Reject,670
1,0.2719950145792127,High Risk,Reject,700
0,0.18788035183861135,Medium Risk,Manual Review,747
0,0.03414844548180436,Very Low Risk,Approve,831
0,0.29189418509501136,High Risk,Reject,689
0,0.05155328140861489,Very Low Risk,Approve,822
0,0.1005417009273862,Low Risk,Manual Review,795
0,0.2667806059950085,High Risk,Reject,703
0,0.05599822062703459,Very Low Risk,Approve,819
0,0.42985292599225156,Very High Risk,Reject,614
0,0.07434565167114433,Very Low Risk,Approve,809
0,0.06530658945136349,Very Low Risk,Approve,814
1,0.07068752381465468,Very Low Risk,Approve,811
0,0.23010341938707837,High Risk,Manual Review,723
0,0.3168097988607695,Very High Risk,Reject,676
0,0.10509430751289099,Low Risk,Manual Review,792
0,0.1607935952985452,Medium Risk,Manual Review,762
0,0.3927046929191438,Very High Risk,Reject,634
1,0.47778631586693937,Very High Risk,Reject,587
1,0.2884601581572965,High Risk,Reject,691
0,0.10018967511203093,Low Risk,Manual Review,795
0,0.3500639026122701,Very High Risk,Reject,657
0,0.04508732977893355,Very Low Risk,Approve,825
0,0.29656452508453485,High Risk,Reject,687
0,0.11486812252142634,Low Risk,Manual Review,787
1,0.4576610545528409,Very High Risk,Reject,598
0,0.29302524162600696,High Risk,Reject,689
0,0.08528550590569191,Very Low Risk,Approve,803
0,0.21693495569172191,High Risk,Manual Review,731
0,0.11673859514454166,Low Risk,Manual Review,786
0,0.12775178920410712,Low Risk,Manual Review,780
0,0.05805653167938772,Very Low Risk,Approve,818
0,0.07172605728824258,Very Low Risk,Approve,811
0,0.4076141423018886,Very High Risk,Reject,626
0,0.3842170215990121,Very High Risk,Reject,639
0,0.11033162483239267,Low Risk,Manual Review,789
0,0.19219691643020967,Medium Risk,Manual Review,744
0,0.3036773047588861,High Risk,Reject,683
1,0.10379656861559676,Low Risk,Manual Review,793
1,0.2705885433247879,High Risk,Reject,701
0,0.1507249576941999,Medium Risk,Manual Review,767
0,0.09098207883557512,Low Risk,Approve,800
0,0.10760429997744976,Low Risk,Manual Review,791
0,0.18670993957288698,Medium Risk,Manual Review,747
0,0.2769868720526146,High Risk,Reject,698
0,0.06958335183236662,Very Low Risk,Approve,812
0,0.2887928448372797,High Risk,Reject,691
0,0.5530949802320236,Very High Risk,Reject,546
0,0.23690840572673194,High Risk,Manual Review,720
0,0.28384076343772985,High Risk,Reject,694
1,0.13435229005437435,Low Risk,Manual Review,776
1,0.28255057420083646,High Risk,Reject,695
0,0.13408819368193906,Low Risk,Manual Review,776
1,0.4391564067771564,Very High Risk,Reject,608
0,0.3558457201223728,Very High Risk,Reject,654
0,0.040357649101665206,Very Low Risk,Approve,828
1,0.1549281887787385,Medium Risk,Manual Review,765
0,0.03387199648639358,Very Low Risk,Approve,831
0,0.3940361658172049,Very High Risk,Reject,633
1,0.581672083224322,Very High Risk,Reject,530
0,0.08441243098414226,Very Low Risk,Approve,804
1,0.5238691935405911,Very High Risk,Reject,562
0,0.10515059902820201,Low Risk,Manual Review,792
0,0.20542532927949148,Medium Risk,Manual Review,737
1,0.15040052692317923,Medium Risk,Manual Review,767
0,0.1988143689941216,Medium Risk,Manual Review,741
0,0.15379469524291356,Medium Risk,Manual Review,765
0,0.15725036908440848,Medium Risk,Manual Review,764
0,0.10554225964600779,Low Risk,Manual Review,792
0,0.09031435205887503,Low Risk,Approve,800
1,0.0674544424457849,Very Low Risk,Approve,813
0,0.06232283245126737,Very Low Risk,Approve,816
0,0.1265888303525426,Low Risk,Manual Review,780
0,0.04183915382686222,Very Low Risk,Approve,827
0,0.15287313171170458,Medium Risk,Manual Review,766
1,0.38897877313244067,Very High Risk,Reject,636
1,0.39729275602560615,Very High Risk,Reject,631
0,0.1958537185332674,Medium Risk,Manual Review,742
1,0.27894682324126047,High Risk,Reject,697
0,0.043566921518850076,Very Low Risk,Approve,826
1,0.2045072900648204,Medium Risk,Manual Review,738
0,0.05844963939249422,Very Low Risk,Approve,818
0,0.09258108977482185,Low Risk,Approve,799
0,0.04315167804190408,Very Low Risk,Approve,826
0,0.16763375059731161,Medium Risk,Manual Review,758
0,0.0893909116561692,Low Risk,Approve,801
0,0.17608107624969274,Medium Risk,Manual Review,753
1,0.48267143088018966,Very High Risk,Reject,585
0,0.22327119107381052,High Risk,Manual Review,727
1,0.3859728039541594,Very High Risk,Reject,638
0,0.11745040759552886,Low Risk,Manual Review,785
0,0.15664205511943483,Medium Risk,Manual Review,764
0,0.3914330808161018,Very High Risk,Reject,635
1,0.2785110258376439,High Risk,Reject,697
0,0.23377787354059526,High Risk,Manual Review,721
0,0.2490316027712279,High Risk,Manual Review,713
1,0.49116057353232545,Very High Risk,Reject,580
0,0.2171352024334467,High Risk,Manual Review,731
0,0.20854071349745498,Medium Risk,Manual Review,735
0,0.07041169387147259,Very Low Risk,Approve,811
0,0.16584510534398236,Medium Risk,Manual Review,759
0,0.15835992353360512,Medium Risk,Manual Review,763
0,0.4966481214057361,Very High Risk,Reject,577
0,0.2503295103152181,High Risk,Reject,712
0,0.15365355308879156,Medium Risk,Manual Review,765
1,0.4347184230288546,Very High Risk,Reject,611
1,0.45018771307747846,Very High Risk,Reject,602
0,0.22807759268198427,High Risk,Manual Review,725
1,0.3705731324779786,Very High Risk,Reject,646
0,0.148581078453082,Medium Risk,Manual Review,768
0,0.1777239347481527,Medium Risk,Manual Review,752
0,0.06471863992886212,Very Low Risk,Approve,814
0,0.17516442157916853,Medium Risk,Manual Review,754
0,0.19666344414840609,Medium Risk,Manual Review,742
0,0.23020382977672657,High Risk,Manual Review,723
1,0.07894928822789357,Very Low Risk,Approve,807
0,0.30972316025785984,High Risk,Reject,680
0,0.36233696964382683,Very High Risk,Reject,651
0,0.17075053426540526,Medium Risk,Manual Review,756
0,0.10871806151312924,Low Risk,Manual Review,790
0,0.10057668629550229,Low Risk,Manual Review,795
0,0.24049367598748111,High Risk,Manual Review,718
0,0.12262696344602987,Low Risk,Manual Review,783
0,0.45024073730655007,Very High Risk,Reject,602
0,0.16376204039859715,Medium Risk,Manual Review,760
0,0.3212386462610339,Very High Risk,Reject,673
0,0.07980456148525998,Very Low Risk,Approve,806
0,0.06875553509085272,Very Low Risk,Approve,812
0,0.10248880246718402,Low Risk,Manual Review,794
0,0.046824044203718926,Very Low Risk,Approve,824
0,0.22827792442798317,High Risk,Manual Review,724
0,0.37362904987135837,Very High Risk,Reject,645
0,0.04750343524743403,Very Low Risk,Approve,824
0,0.20390654214129642,Medium Risk,Manual Review,738
0,0.3345685118639885,Very High Risk,Reject,666
0,0.22682711029765817,High Risk,Manual Review,725
0,0.12123206891782456,Low Risk,Manual Review,783
0,0.1269873240962074,Low Risk,Manual Review,780
0,0.12663308254340208,Low Risk,Manual Review,780
1,0.18894831005435306,Medium Risk,Manual Review,746
0,0.07784483033567727,Very Low Risk,Approve,807
0,0.07204279680275841,Very Low Risk,Approve,810
0,0.12063998607960756,Low Risk,Manual Review,784
1,0.4686586127715014,Very High Risk,Reject,592
0,0.11389135180351512,Low Risk,Manual Review,787
0,0.04442484691985211,Very Low Risk,Approve,826
1,0.400220138999865,Very High Risk,Reject,630
0,0.31314174820711893,Very High Risk,Reject,678
0,0.6987243201895132,Very High Risk,Reject,466
1,0.19375488658526568,Medium Risk,Manual Review,743
0,0.025352151026121542,Very Low Risk,Approve,836
0,0.1875464438612899,Medium Risk,Manual Review,747
0,0.24118403842848882,High Risk,Manual Review,717
0,0.06604262626374938,Very Low Risk,Approve,814
0,0.214176722395204,High Risk,Manual Review,732
0,0.2507991440588356,High Risk,Reject,712
0,0.38353400002944293,Very High Risk,Reject,639
0,0.05095129561968941,Very Low Risk,Approve,822
0,0.11922127084057806,Low Risk,Manual Review,784
1,0.31511653102619624,Very High Risk,Reject,677
0,0.03567403751663668,Very Low Risk,Approve,830
1,0.25326013548658133,High Risk,Reject,711
0,0.31091639137668126,High Risk,Reject,679
0,0.2142369357525993,High Risk,Manual Review,732
0,0.09464770376919518,Low Risk,Approve,798
0,0.1876121280628293,Medium Risk,Manual Review,747
0,0.04114448007820061,Very Low Risk,Approve,827
1,0.21193020272637125,Medium Risk,Manual Review,733
1,0.18093120330435572,Medium Risk,Manual Review,750
0,0.07031187445128846,Very Low Risk,Approve,811
0,0.05426518282681069,Very Low Risk,Approve,820
0,0.048312558912830504,Very Low Risk,Approve,823
0,0.09562111926801949,Low Risk,Approve,797
1,0.5537458714083298,Very High Risk,Reject,545
0,0.22861749867425507,High Risk,Manual Review,724
1,0.05137025692842348,Very Low Risk,Approve,822
0,0.041630668873644576,Very Low Risk,Approve,827
0,0.077254355009278,Very Low Risk,Approve,808
1,0.18179756316908474,Medium Risk,Manual Review,750
1,0.1458194934741104,Low Risk,Manual Review,770
0,0.1785140049787451,Medium Risk,Manual Review,752
1,0.6637552174410375,Very High Risk,Reject,485
0,0.12270435751398795,Low Risk,Manual Review,783
0,0.2073274239471841,Medium Risk,Manual Review,736
0,0.14639284770694588,Medium Risk,Manual Review,769
0,0.308618844423019,High Risk,Reject,680
0,0.03251660617809846,Very Low Risk,Approve,832
0,0.36001693825484526,Very High Risk,Reject,652
0,0.18069580080293632,Medium Risk,Manual Review,751
0,0.12720651860039556,Low Risk,Manual Review,780
0,0.22998524122554898,High Risk,Manual Review,724
0,0.06801786250526345,Very Low Risk,Approve,813
0,0.28150993051529355,High Risk,Reject,695
0,0.05433254986605567,Very Low Risk,Approve,820
0,0.13933917652020147,Low Risk,Manual Review,773
0,0.13633875525559686,Low Risk,Manual Review,775
0,0.09874925701829172,Low Risk,Approve,796
0,0.1263313679277359,Low Risk,Manual Review,781
0,0.1892938988974963,Medium Risk,Manual Review,746
0,0.1764758442776483,Medium Risk,Manual Review,753
0,0.034541280038556096,Very Low Risk,Approve,831
0,0.1619307334053171,Medium Risk,Manual Review,761
0,0.140634832101342,Low Risk,Manual Review,773
0,0.2692847797289375,High Risk,Reject,702
0,0.02784562568614889,Very Low Risk,Approve,835
1,0.1947402260436902,Medium Risk,Manual Review,743
1,0.5311947130989308,Very High Risk,Reject,558
0,0.27901844119018177,High Risk,Reject,697
1,0.19739142138172178,Medium Risk,Manual Review,741
0,0.0683886777686735,Very Low Risk,Approve,812
0,0.16393662952211824,Medium Risk,Manual Review,760
0,0.06952837252727709,Very Low Risk,Approve,812
1,0.22366607774996045,High Risk,Manual Review,727
0,0.11601036645378804,Low Risk,Manual Review,786
0,0.1939535692105598,Medium Risk,Manual Review,743
0,0.09077674709795754,Low Risk,Approve,800
1,0.3031712640571982,High Risk,Reject,683
0,0.11560426856670054,Low Risk,Manual Review,786
1,0.41196765530677576,Very High Risk,Reject,623
0,0.07152606097276233,Very Low Risk,Approve,811
0,0.4526202098692395,Very High Risk,Reject,601
0,0.09940476473914311,Low Risk,Approve,795
0,0.11094697839858061,Low Risk,Manual Review,789
0,0.09282166630403674,Low Risk,Approve,799
0,0.25410086986062386,High Risk,Reject,710
0,0.029682351373703668,Very Low Risk,Approve,834
0,0.13128564039043533,Low Risk,Manual Review,778
0,0.4892656111795501,Very High Risk,Reject,581
0,0.052916109679859775,Very Low Risk,Approve,821
0,0.3788634015408381,Very High Risk,Reject,642
1,0.2532043740796307,High Risk,Reject,711
0,0.11442033446329312,Low Risk,Manual Review,787
0,0.09697886923685617,Low Risk,Approve,797
1,0.03346128349983009,Very Low Risk,Approve,832
0,0.02324683261238781,Very Low Risk,Approve,837
0,0.14746852008314773,Medium Risk,Manual Review,769
0,0.3766756732313108,Very High Risk,Reject,643
0,0.14575699806829132,Low Risk,Manual Review,770
0,0.08178666976757222,Very Low Risk,Approve,805
0,0.2642683213500991,High Risk,Reject,705
0,0.042226062532885585,Very Low Risk,Approve,827
0,0.16380710715484642,Medium Risk,Manual Review,760
0,0.19948914760355577,Medium Risk,Manual Review,740
0,0.049493307929078446,Very Low Risk,Approve,823
1,0.4561555197186871,Very High Risk,Reject,599
0,0.30795491070257996,High Risk,Reject,681
1,0.21812257245956543,High Risk,Manual Review,730
0,0.377482036235648,Very High Risk,Reject,642
0,0.12911589320759342,Low Risk,Manual Review,779
0,0.15963641165520379,Medium Risk,Manual Review,762
1,0.5537562359967776,Very High Risk,Reject,545
0,0.2230021493621467,High Risk,Manual Review,727
0,0.15022584813624226,Medium Risk,Manual Review,767
0,0.04351920446170144,Very Low Risk,Approve,826
0,0.10317055747574622,Low Risk,Manual Review,793
0,0.18834194089085748,Medium Risk,Manual Review,746
0,0.14909537708583684,Medium Risk,Manual Review,768
0,0.0708194084104911,Very Low Risk,Approve,811
0,0.17157528108269252,Medium Risk,Manual Review,756
0,0.3148994224418952,Very High Risk,Reject,677
1,0.3453221710845889,Very High Risk,Reject,660
1,0.6100642040566788,Very High Risk,Reject,514
0,0.13329329680263058,Low Risk,Manual Review,777
0,0.289385456567146,High Risk,Reject,691
0,0.29606095398053833,High Risk,Reject,687
0,0.23199925764361906,High Risk,Manual Review,722
0,0.08471807878633525,Very Low Risk,Approve,803
1,0.43647121376082554,Very High Risk,Reject,610
1,0.13333355001496972,Low Risk,Manual Review,777
0,0.015128660687113415,Very Low Risk,Approve,842
0,0.2268772128720501,High Risk,Manual Review,725
0,0.051446727794437534,Very Low Risk,Approve,822
0,0.10679877913193701,Low Risk,Manual Review,791
0,0.36992876455387697,Very High Risk,Reject,647
1,0.43238532086427406,Very High Risk,Reject,612
0,0.04142913164200534,Very Low Risk,Approve,827
0,0.15306765866657196,Medium Risk,Manual Review,766
1,0.22769799572871174,High Risk,Manual Review,725
0,0.15366872406477297,Medium Risk,Manual Review,765
0,0.12162096616316696,Low Risk,Manual Review,783
1,0.2452756803639619,High Risk,Manual Review,715
0,0.5689303995469716,Very High Risk,Reject,537
0,0.030770429087929946,Very Low Risk,Approve,833
0,0.2525831514136002,High Risk,Reject,711
0,0.29748824936697876,High Risk,Reject,686
0,0.2712851589216535,High Risk,Reject,701
0,0.34123823086018423,Very High Risk,Reject,662
0,0.19717245979908565,Medium Risk,Manual Review,742
0,0.32502645551037845,Very High Risk,Reject,671
0,0.3840051274456898,Very High Risk,Reject,639
0,0.20637446789268382,Medium Risk,Manual Review,736
0,0.2207498281609754,High Risk,Manual Review,729
0,0.11544588493521107,Low Risk,Manual Review,787
0,0.05708227238441344,Very Low Risk,Approve,819
0,0.1303796356872895,Low Risk,Manual Review,778
0,0.041452830135627367,Very Low Risk,Approve,827
0,0.04750372096345962,Very Low Risk,Approve,824
0,0.1046676077250125,Low Risk,Manual Review,792
0,0.4381749462883227,Very High Risk,Reject,609
0,0.043101622783540315,Very Low Risk,Approve,826
0,0.48530288080797657,Very High Risk,Reject,583
0,0.28490479074042285,High Risk,Reject,693
0,0.16032099473974984,Medium Risk,Manual Review,762
1,0.22773088524545598,High Risk,Manual Review,725
0,0.03688775520358419,Very Low Risk,Approve,830
1,0.3859855650983355,Very High Risk,Reject,638
0,0.27500330296989434,High Risk,Reject,699
0,0.22181255431079533,High Risk,Manual Review,728
0,0.20578731319095797,Medium Risk,Manual Review,737
0,0.3113318910174178,High Risk,Reject,679
1,0.19158192825453335,Medium Risk,Manual Review,745
0,0.3736860622256709,Very High Risk,Reject,644
1,0.32352072396949616,Very High Risk,Reject,672
0,0.07654436946242696,Very Low Risk,Approve,808
1,0.45223396934723087,Very High Risk,Reject,601
0,0.2424074115757959,High Risk,Manual Review,717
0,0.11351098419438364,Low Risk,Manual Review,788
1,0.22855358016843103,High Risk,Manual Review,724
0,0.25974308320164335,High Risk,Reject,707
0,0.14193111201496733,Low Risk,Manual Review,772
0,0.21193598603236433,Medium Risk,Manual Review,733
0,0.4413584918100979,Very High Risk,Reject,607
0,0.2650466674688191,High Risk,Reject,704
0,0.05974919018412614,Very Low Risk,Approve,817
1,0.1728625739869718,Medium Risk,Manual Review,755
0,0.10011026994855128,Low Risk,Manual Review,795
1,0.13363539404731192,Low Risk,Manual Review,777
0,0.17118866253057544,Medium Risk,Manual Review,756
1,0.12148017853625098,Low Risk,Manual Review,783
0,0.4132328158682192,Very High Risk,Reject,623
0,0.16057995179335233,Medium Risk,Manual Review,762
0,0.2323496855143575,High Risk,Manual Review,722
0,0.13018881987889003,Low Risk,Manual Review,778
0,0.030830888684321087,Very Low Risk,Approve,833
1,0.1687049897285644,Medium Risk,Manual Review,757
0,0.48784426788939106,Very High Risk,Reject,582
0,0.373622952627272,Very High Risk,Reject,645
0,0.22343174443216118,High Risk,Manual Review,727
0,0.3210546085101545,Very High Risk,Reject,673
0,0.02100691549913972,Very Low Risk,Approve,838
0,0.10783722764596258,Low Risk,Manual Review,791
0,0.22038158381784312,High Risk,Manual Review,729
0,0.3017597925867016,High Risk,Reject,684
1,0.3227788069377955,Very High Risk,Reject,672
0,0.32519916917806635,Very High Risk,Reject,671
1,0.18812716976322436,Medium Risk,Manual Review,747
0,0.11691992567839474,Low Risk,Manual Review,786
0,0.19234311018464384,Medium Risk,Manual Review,744
0,0.143791002006519,Low Risk,Manual Review,771
0,0.06917038827064452,Very Low Risk,Approve,812
1,0.4865207204955232,Very High Risk,Reject,582
0,0.05896485893920056,Very Low Risk,Approve,818
0,0.11063037970123311,Low Risk,Manual Review,789
0,0.15238824365917664,Medium Risk,Manual Review,766
1,0.1618140865626645,Medium Risk,Manual Review,761
0,0.20857414862798832,Medium Risk,Manual Review,735
0,0.20868946689036585,Medium Risk,Manual Review,735
0,0.24451496150893323,High Risk,Manual Review,716
0,0.06620643051658308,Very Low Risk,Approve,814
0,0.08005079303648342,Very Low Risk,Approve,806
1,0.24138356937873892,High Risk,Manual Review,717
0,0.05804269374251081,Very Low Risk,Approve,818
0,0.17202533944811887,Medium Risk,Manual Review,755
0,0.20045788701981637,Medium Risk,Manual Review,740
0,0.24456815544201668,High Risk,Manual Review,715
0,0.2534457216072765,High Risk,Reject,711
0,0.04694060227777239,Very Low Risk,Approve,824
1,0.24542134153285844,High Risk,Manual Review,715
0,0.15472768506248272,Medium Risk,Manual Review,765
0,0.07578478299886565,Very Low Risk,Approve,808
0,0.10181397207335978,Low Risk,Manual Review,794
0,0.3402272546061215,Very High Risk,Reject,663
0,0.18377004787780257,Medium Risk,Manual Review,749
1,0.19333454753315799,Medium Risk,Manual Review,744
0,0.041029509380482755,Very Low Risk,Approve,827
0,0.26372270792530694,High Risk,Reject,705
0,0.07576525662801685,Very Low Risk,Approve,808
0,0.03581119242078876,Very Low Risk,Approve,830
1,0.0808278498211195,Very Low Risk,Approve,806
0,0.42606834022441237,Very High Risk,Reject,616
0,0.09959959391424045,Low Risk,Approve,795
0,0.11563697083935624,Low Risk,Manual Review,786
0,0.2922847793414349,High Risk,Reject,689
0,0.13931951641510978,Low Risk,Manual Review,773
1,0.22040971862770153,High Risk,Manual Review,729
0,0.10259553911631258,Low Risk,Manual Review,794
0,0.13455565455193916,Low Risk,Manual Review,776
0,0.06012451387119579,Very Low Risk,Approve,817
0,0.23536651453937033,High Risk,Manual Review,721
1,0.21569385722671647,High Risk,Manual Review,731
0,0.10296896573441115,Low Risk,Manual Review,793
1,0.5746305601627931,Very High Risk,Reject,534
0,0.038846684554159495,Very Low Risk,Approve,829
0,0.09274093122388315,Low Risk,Approve,799
1,0.30425098050958255,High Risk,Reject,683
0,0.08808484810520134,Low Risk,Approve,802
0,0.11629183485754366,Low Risk,Manual Review,786
0,0.12286770947721225,Low Risk,Manual Review,782
0,0.34004317427002834,Very High Risk,Reject,663
1,0.3318794948062125,Very High Risk,Reject,667
0,0.5483993110901031,Very High Risk,Reject,548
0,0.39582105270953366,Very High Risk,Reject,632
0,0.18527777600742584,Medium Risk,Manual Review,748
0,0.11703325211095714,Low Risk,Manual Review,786
0,0.16176932265747423,Medium Risk,Manual Review,761
0,0.3438403394103241,Very High Risk,Reject,661
0,0.4470183267412176,Very High Risk,Reject,604
0,0.08701259389840864,Very Low Risk,Approve,802
0,0.20243411985895352,Medium Risk,Manual Review,739
0,0.470201762847679,Very High Risk,Reject,591
0,0.12186896692146808,Low Risk,Manual Review,783
0,0.08558109390021097,Very Low Risk,Approve,803
0,0.38936880341292013,Very High Risk,Reject,636
0,0.3466901655964122,Very High Risk,Reject,659
0,0.3991488752113158,Very High Risk,Reject,630
1,0.35844619664877764,Very High Risk,Reject,653
0,0.04963836686622469,Very Low Risk,Approve,823
0,0.24674860114646702,High Risk,Manual Review,714
0,0.07039629717909263,Very Low Risk,Approve,811
1,0.18215255445226014,Medium Risk,Manual Review,750
0,0.09318081349819898,Low Risk,Approve,799
1,0.4240682754817132,Very High Risk,Reject,617
0,0.06955521432156904,Very Low Risk,Approve,812
0,0.09209189112161782,Low Risk,Approve,799
0,0.11380385357323818,Low Risk,Manual Review,787
0,0.12831381964449662,Low Risk,Manual Review,779
1,0.11889125720905327,Low Risk,Manual Review,785
0,0.19862478555763335,Medium Risk,Manual Review,741
0,0.18160078299140808,Medium Risk,Manual Review,750
0,0.07002821012200575,Very Low Risk,Approve,811
0,0.22082340292476188,High Risk,Manual Review,729
0,0.3309858685028082,Very High Risk,Reject,668
0,0.1487815120887979,Medium Risk,Manual Review,768
0,0.08246282761273188,Very Low Risk,Approve,805
0,0.19429217261539317,Medium Risk,Manual Review,743
0,0.2663344950447667,High Risk,Reject,704
0,0.17302886314908766,Medium Risk,Manual Review,755
0,0.2278888551685453,High Risk,Manual Review,725
0,0.11896838700691323,Low Risk,Manual Review,785
0,0.12949166840509993,Low Risk,Manual Review,779
0,0.27053472259148,High Risk,Reject,701
0,0.1784628486688417,Medium Risk,Manual Review,752
0,0.1881400213041462,Medium Risk,Manual Review,747
0,0.05907094865490542,Very Low Risk,Approve,818
1,0.31137125975261093,High Risk,Reject,679
0,0.26684313853908254,High Risk,Reject,703
1,0.2138918686966447,High Risk,Manual Review,732
0,0.13340679262316013,Low Risk,Manual Review,777
0,0.25282503867510486,High Risk,Reject,711
1,0.42607191051432475,Very High Risk,Reject,616
0,0.17709777411529912,Medium Risk,Manual Review,753
1,0.21543644819304264,High Risk,Manual Review,732
0,0.393898251207382,Very High Risk,Reject,633
0,0.07744396762713966,Very Low Risk,Approve,807
1,0.23227619534418498,High Risk,Manual Review,722
1,0.15958836247651936,Medium Risk,Manual Review,762
0,0.20573837684364557,Medium Risk,Manual Review,737
0,0.1794563691528533,Medium Risk,Manual Review,751
0,0.13961111165816556,Low Risk,Manual Review,773
1,0.34145253885906696,Very High Risk,Reject,662
0,0.3079379107401543,High Risk,Reject,681
0,0.31447250407878213,Very High Risk,Reject,677
0,0.01815386042567801,Very Low Risk,Approve,840
0,0.1424332482598439,Low Risk,Manual Review,772
0,0.19425770488428068,Medium Risk,Manual Review,743
0,0.058608260125125045,Very Low Risk,Approve,818
1,0.25276720208868564,High Risk,Reject,711
0,0.27727003021788993,High Risk,Reject,698
0,0.17760798357741475,Medium Risk,Manual Review,752
0,0.023500911088441708,Very Low Risk,Approve,837
0,0.1664598934341443,Medium Risk,Manual Review,758
1,0.08225094115013362,Very Low Risk,Approve,805
0,0.1543792024834898,Medium Risk,Manual Review,765
0,0.09920280328228724,Low Risk,Approve,795
1,0.1737634999644659,Medium Risk,Manual Review,754
0,0.07811918435151763,Very Low Risk,Approve,807
0,0.2695983063965291,High Risk,Reject,702
0,0.039663687775936665,Very Low Risk,Approve,828
1,0.20262405368228395,Medium Risk,Manual Review,739
0,0.054185035707885104,Very Low Risk,Approve,820
1,0.36952537726038887,Very High Risk,Reject,647
0,0.6478797387631884,Very High Risk,Reject,494
0,0.12246706666014791,Low Risk,Manual Review,783
1,0.19708809020026094,Medium Risk,Manual Review,742
0,0.1426158215051217,Low Risk,Manual Review,772
1,0.3015031525691804,High Risk,Reject,684
0,0.18815595299838883,Medium Risk,Manual Review,747
1,0.1042157020920067,Low Risk,Manual Review,793
0,0.10180933733156504,Low Risk,Manual Review,794
0,0.19479290562784038,Medium Risk,Manual Review,743
0,0.40707283158483043,Very High Risk,Reject,626
1,0.6203584926556155,Very High Risk,Reject,509
1,0.4679025549423736,Very High Risk,Reject,593
0,0.1629521585977513,Medium Risk,Manual Review,760
0,0.35183999607261673,Very High Risk,Reject,656
0,0.033284729863904204,Very Low Risk,Approve,832
0,0.12588320480199125,Low Risk,Manual Review,781
1,0.29982922012935365,High Risk,Reject,685
0,0.21389821891367375,High Risk,Manual Review,732
1,0.198165424892981,Medium Risk,Manual Review,741
0,0.23647351231928967,High Risk,Manual Review,720
0,0.3089651146697533,High Risk,Reject,680
0,0.05623184105613251,Very Low Risk,Approve,819
1,0.13374292341179067,Low Risk,Manual Review,776
0,0.06291234739966693,Very Low Risk,Approve,815
0,0.11582525102586459,Low Risk,Manual Review,786
0,0.08227020023522794,Very Low Risk,Approve,805
1,0.428504690601108,Very High Risk,Reject,614
1,0.277783414715859,High Risk,Reject,697
1,0.2970845250636712,High Risk,Reject,687
0,0.38564168721978825,Very High Risk,Reject,638
1,0.5057245055565222,Very High Risk,Reject,572
0,0.22953404546946563,High Risk,Manual Review,724
0,0.06912527252999767,Very Low Risk,Approve,812
0,0.0422151128169036,Very Low Risk,Approve,827
0,0.3242825116539352,Very High Risk,Reject,672
0,0.19328006155557834,Medium Risk,Manual Review,744
1,0.3662348909373777,Very High Risk,Reject,649
0,0.07464903808079677,Very Low Risk,Approve,809
0,0.17890658447610602,Medium Risk,Manual Review,752
0,0.1786859794997483,Medium Risk,Manual Review,752
0,0.5262177525211055,Very High Risk,Reject,561
0,0.1492575172930166,Medium Risk,Manual Review,768
0,0.35270420953318893,Very High Risk,Reject,656
0,0.09337933016881532,Low Risk,Approve,799
0,0.12380370841054324,Low Risk,Manual Review,782
0,0.2408907087151105,High Risk,Manual Review,718
0,0.2666507554843301,High Risk,Reject,703
0,0.09943633434676091,Low Risk,Approve,795
0,0.17607244839541727,Medium Risk,Manual Review,753
0,0.3740359131773196,Very High Risk,Reject,644
0,0.18128375133466793,Medium Risk,Manual Review,750
1,0.31753209011155714,Very High Risk,Reject,675
0,0.17691291911870916,Medium Risk,Manual Review,753
0,0.23375824452783597,High Risk,Manual Review,721
0,0.3339077911271079,Very High Risk,Reject,666
0,0.19992737372872077,Medium Risk,Manual Review,740
0,0.09806385065774077,Low Risk,Approve,796
0,0.06770530705979268,Very Low Risk,Approve,813
0,0.1259816967692377,Low Risk,Manual Review,781
0,0.0744550790291311,Very Low Risk,Approve,809
0,0.21663394111063328,High Risk,Manual Review,731
0,0.04448133220160505,Very Low Risk,Approve,826
0,0.11002689823931217,Low Risk,Manual Review,789
0,0.3903977813854914,Very High Risk,Reject,635
0,0.3751749280063302,Very High Risk,Reject,644
0,0.06745652358295612,Very Low Risk,Approve,813
1,0.34898928437971843,Very High Risk,Reject,658
0,0.12028415415413381,Low Risk,Manual Review,784
0,0.149076081802927,Medium Risk,Manual Review,768
1,0.43764407812848966,Very High Risk,Reject,609
0,0.5633813328187817,Very High Risk,Reject,540
1,0.2531472746924867,High Risk,Reject,711
0,0.2570691720196114,High Risk,Reject,709
0,0.49855071833496467,Very High Risk,Reject,576
1,0.11408060528587884,Low Risk,Manual Review,787
0,0.2075296063204693,Medium Risk,Manual Review,736
0,0.07542634768611507,Very Low Risk,Approve,809
1,0.07615671285043334,Very Low Risk,Approve,808
0,0.1408749569250901,Low Risk,Manual Review,773
0,0.2570894498782703,High Risk,Reject,709
0,0.10390268392346727,Low Risk,Manual Review,793
0,0.058268067644163826,Very Low Risk,Approve,818
0,0.5945217138884736,Very High Risk,Reject,523
0,0.10549912463427477,Low Risk,Manual Review,792
0,0.0813400794027474,Very Low Risk,Approve,805
0,0.3121970788606296,Very High Risk,Reject,678
0,0.10240142792363272,Low Risk,Manual Review,794
0,0.17130723326359357,Medium Risk,Manual Review,756
0,0.3455799088305978,Very High Risk,Reject,660
0,0.04090644860163319,Very Low Risk,Approve,828
0,0.3144203175471915,Very High Risk,Reject,677
1,0.2976323990589125,High Risk,Reject,686
0,0.2397135877661677,High Risk,Manual Review,718
0,0.07503745676774069,Very Low Risk,Approve,809
1,0.4737142154526791,Very High Risk,Reject,589
1,0.5331788479342993,Very High Risk,Reject,557
0,0.1758643985401575,Medium Risk,Manual Review,753
0,0.03778813525644534,Very Low Risk,Approve,829
1,0.19549702646216807,Medium Risk,Manual Review,742
0,0.25199349679691624,High Risk,Reject,711
1,0.16216067497842707,Medium Risk,Manual Review,761
1,0.3233348000629697,Very High Risk,Reject,672
0,0.2646137078220001,High Risk,Reject,704
0,0.17048876422847667,Medium Risk,Manual Review,756
0,0.20452516071451182,Medium Risk,Manual Review,738
0,0.15003247496509953,Medium Risk,Manual Review,767
1,0.10120375136750534,Low Risk,Manual Review,794
1,0.23054913025148238,High Risk,Manual Review,723
0,0.5140721947790076,Very High Risk,Reject,567
0,0.039583113661630594,Very Low Risk,Approve,828
0,0.2120291427335122,Medium Risk,Manual Review,733
0,0.13242238004095455,Low Risk,Manual Review,777
0,0.19841718746640924,Medium Risk,Manual Review,741
0,0.039727570409738934,Very Low Risk,Approve,828
1,0.19952109170050286,Medium Risk,Manual Review,740
1,0.36975693546621363,Very High Risk,Reject,647
0,0.09433861268849734,Low Risk,Approve,798
0,0.18850352882590868,Medium Risk,Manual Review,746
0,0.11834238073316918,Low Risk,Manual Review,785
0,0.15240886201063678,Medium Risk,Manual Review,766
0,0.25925176927105004,High Risk,Reject,707
0,0.2657802764241898,High Risk,Reject,704
1,0.2207081537389352,High Risk,Manual Review,729
0,0.09439688072616272,Low Risk,Approve,798
1,0.5223649236634721,Very High Risk,Reject,563
0,0.36188635703862265,Very High Risk,Reject,651
0,0.49193261761386153,Very High Risk,Reject,579
0,0.12048029604157878,Low Risk,Manual Review,784
0,0.22998970935674176,High Risk,Manual Review,724
0,0.17182322601531022,Medium Risk,Manual Review,755
0,0.048926377972351574,Very Low Risk,Approve,823
0,0.07930867089065781,Very Low Risk,Approve,806
1,0.28479540256758173,High Risk,Reject,693
1,0.42432750169042693,Very High Risk,Reject,617
1,0.5331598617844311,Very High Risk,Reject,557
1,0.30619959606841546,High Risk,Reject,682
0,0.3128996663719521,Very High Risk,Reject,678
0,0.41206080705414305,Very High Risk,Reject,623
0,0.367576440152834,Very High Risk,Reject,648
0,0.08851890737770755,Low Risk,Approve,801
0,0.06503400507404898,Very Low Risk,Approve,814
1,0.22241140382630825,High Risk,Manual Review,728
0,0.07228945586206786,Very Low Risk,Approve,810
1,0.3610490195598276,Very High Risk,Reject,651
1,0.1651937175769788,Medium Risk,Manual Review,759
0,0.24886023399967197,High Risk,Manual Review,713
0,0.24333655846175628,High Risk,Manual Review,716
0,0.24038343867518316,High Risk,Manual Review,718
1,0.45010661628955656,Very High Risk,Reject,602
0,0.08204952265549155,Very Low Risk,Approve,805
0,0.11984377158781143,Low Risk,Manual Review,784
0,0.1538242561794703,Medium Risk,Manual Review,765
0,0.22719309510426827,High Risk,Manual Review,725
0,0.25583427490245875,High Risk,Reject,709
0,0.0816765402425873,Very Low Risk,Approve,805
1,0.380771689157831,Very High Risk,Reject,641
1,0.4455669446066349,Very High Risk,Reject,605
1,0.4053242951440222,Very High Risk,Reject,627
0,0.20841378882912112,Medium Risk,Manual Review,735
0,0.08172084341071546,Very Low Risk,Approve,805
0,0.08227354694242078,Very Low Risk,Approve,805
0,0.3993514433041413,Very High Risk,Reject,630
1,0.36550897143344774,Very High Risk,Reject,649
0,0.32801298969916826,Very High Risk,Reject,670
0,0.06203277194911407,Very Low Risk,Approve,816
0,0.23071283576761917,High Risk,Manual Review,723
0,0.1308230465970711,Low Risk,Manual Review,778
1,0.2548476503328664,High Risk,Reject,710
0,0.1414590343391384,Low Risk,Manual Review,772
0,0.35579920143516164,Very High Risk,Reject,654
0,0.39605646230230096,Very High Risk,Reject,632
0,0.28919037579509155,High Risk,Reject,691
0,0.3824412857120074,Very High Risk,Reject,640
0,0.09296279285720277,Low Risk,Approve,799
0,0.08916491323402123,Low Risk,Approve,801
0,0.07816948706718484,Very Low Risk,Approve,807
0,0.04791873471948991,Very Low Risk,Approve,824
0,0.09293959703706157,Low Risk,Approve,799
0,0.1265377991363276,Low Risk,Manual Review,780
1,0.5447242573162602,Very High Risk,Reject,550
1,0.10812581662103289,Low Risk,Manual Review,791
0,0.2505461905030433,High Risk,Reject,712
0,0.15498302839826705,Medium Risk,Manual Review,765
1,0.5267099185156487,Very High Risk,Reject,560
1,0.2740477788549804,High Risk,Reject,699
0,0.13762708458379555,Low Risk,Manual Review,774
0,0.4793322140254966,Very High Risk,Reject,586
0,0.04214455442446463,Very Low Risk,Approve,827
0,0.16041650313762418,Medium Risk,Manual Review,762
0,0.09489294137773553,Low Risk,Approve,798
0,0.23404017632512408,High Risk,Manual Review,721
1,0.5904519054468385,Very High Risk,Reject,525
0,0.24156833615936005,High Risk,Manual Review,717
0,0.13646496173319841,Low Risk,Manual Review,775
1,0.26908872578635223,High Risk,Reject,702
0,0.09190932315264745,Low Risk,Approve,799
0,0.15879111558590653,Medium Risk,Manual Review,763
1,0.34133799273904775,Very High Risk,Reject,662
1,0.21269129367395215,Medium Risk,Manual Review,733
0,0.06374781925087782,Very Low Risk,Approve,815
0,0.2186381214089586,High Risk,Manual Review,730
0,0.06061496166354384,Very Low Risk,Approve,817
1,0.12032444599862605,Low Risk,Manual Review,784
0,0.23278447916787992,High Risk,Manual Review,722
0,0.23729483215070676,High Risk,Manual Review,719
0,0.20127423259027727,Medium Risk,Manual Review,739
0,0.13261624017265464,Low Risk,Manual Review,777
1,0.3683414348694917,Very High Risk,Reject,647
0,0.08859048212892585,Low Risk,Approve,801
0,0.278998751650415,High Risk,Reject,697
0,0.07512291171805162,Very Low Risk,Approve,809
0,0.2382362278459895,High Risk,Manual Review,719
0,0.18297667558333938,Medium Risk,Manual Review,749
0,0.04871919729883421,Very Low Risk,Approve,823
0,0.45475786495228526,Very High Risk,Reject,600
0,0.08413358009212864,Very Low Risk,Approve,804
0,0.1316668496141127,Low Risk,Manual Review,778
0,0.1127680516563718,Low Risk,Manual Review,788
0,0.14161838997042916,Low Risk,Manual Review,772
1,0.4178249982277455,Very High Risk,Reject,620
0,0.07215069352245375,Very Low Risk,Approve,810
0,0.2533518722206224,High Risk,Reject,711
0,0.2038182858599614,Medium Risk,Manual Review,738
0,0.2216291190817716,High Risk,Manual Review,728
0,0.08019723161859896,Very Low Risk,Approve,806
0,0.0747145711049022,Very Low Risk,Approve,809
0,0.23294358182199146,High Risk,Manual Review,722
1,0.46931357120248207,Very High Risk,Reject,592
1,0.39206774727398824,Very High Risk,Reject,634
0,0.24999883460054334,High Risk,Manual Review,713
0,0.12293029855331027,Low Risk,Manual Review,782
0,0.21441802439382482,High Risk,Manual Review,732
0,0.09528364161047458,Low Risk,Approve,798
0,0.12230249632944629,Low Risk,Manual Review,783
0,0.14521131665195788,Low Risk,Manual Review,770
1,0.0958504503830797,Low Risk,Approve,797
0,0.5146113096399426,Very High Risk,Reject,567
0,0.10343698924579571,Low Risk,Manual Review,793
0,0.2914063716512131,High Risk,Reject,690
0,0.08476572780640068,Very Low Risk,Approve,803
0,0.24910334866926076,High Risk,Manual Review,713
0,0.18539479566604328,Medium Risk,Manual Review,748
0,0.35137708949158364,Very High Risk,Reject,657
0,0.39755674395653934,Very High Risk,Reject,631
0,0.11318755553507344,Low Risk,Manual Review,788
0,0.043969519746005846,Very Low Risk,Approve,826
0,0.06411520810291955,Very Low Risk,Approve,815
0,0.11855839321979791,Low Risk,Manual Review,785
0,0.17206296523222417,Medium Risk,Manual Review,755
0,0.3020863312744055,High Risk,Reject,684
0,0.26739885174185063,High Risk,Reject,703
1,0.2600158081297875,High Risk,Reject,707
1,0.3727109649430544,Very High Risk,Reject,645
1,0.2415192017662727,High Risk,Manual Review,717
1,0.06471492126900072,Very Low Risk,Approve,814
0,0.17646085442729803,Medium Risk,Manual Review,753
0,0.029487884501087483,Very Low Risk,Approve,834
0,0.0922970153654388,Low Risk,Approve,799
0,0.10350424298064312,Low Risk,Manual Review,793
1,0.19987747201736025,Medium Risk,Manual Review,740
0,0.12504147149018519,Low Risk,Manual Review,781
0,0.4640187495255511,Very High Risk,Reject,595
1,0.23293530684667121,High Risk,Manual Review,722
1,0.41850819634469194,Very High Risk,Reject,620
0,0.18923076203314002,Medium Risk,Manual Review,746
1,0.3136973149565739,Very High Risk,Reject,677
0,0.19625709682796455,Medium Risk,Manual Review,742
1,0.14722067174430054,Medium Risk,Manual Review,769
1,0.08762023564895734,Low Risk,Approve,802
0,0.050618316026884484,Very Low Risk,Approve,822
0,0.13811764163069726,Low Risk,Manual Review,774
0,0.3862138611599685,Very High Risk,Reject,638
0,0.10302161635650788,Low Risk,Manual Review,793
0,0.13573922401491542,Low Risk,Manual Review,775
0,0.23688470763749872,High Risk,Manual Review,720
0,0.22448338736974094,High Risk,Manual Review,727
0,0.11030884737758062,Low Risk,Manual Review,789
1,0.37761759248713733,Very High Risk,Reject,642
0,0.019373808817241194,Very Low Risk,Approve,839
0,0.29131838536245014,High Risk,Reject,690
1,0.41459595999665105,Very High Risk,Reject,622
1,0.17246030331100384,Medium Risk,Manual Review,755
0,0.06892202620654629,Very Low Risk,Approve,812
0,0.21065754799200612,Medium Risk,Manual Review,734
0,0.038090556743581645,Very Low Risk,Approve,829
0,0.04948089240896451,Very Low Risk,Approve,823
0,0.19152934926793302,Medium Risk,Manual Review,745
0,0.14450226141924646,Low Risk,Manual Review,771
0,0.09070715185411252,Low Risk,Approve,800
0,0.1911041237627399,Medium Risk,Manual Review,745
0,0.42362854242658365,Very High Risk,Reject,617
1,0.10938056548906981,Low Risk,Manual Review,790
1,0.20539343911244207,Medium Risk,Manual Review,737
0,0.25586526438541635,High Risk,Reject,709
0,0.2826763006009102,High Risk,Reject,695
0,0.11978756994500653,Low Risk,Manual Review,784
0,0.1455944552669057,Low Risk,Manual Review,770
0,0.18705357406358122,Medium Risk,Manual Review,747
1,0.09758570573657104,Low Risk,Approve,796
0,0.2789125426937049,High Risk,Reject,697
0,0.11630877656767852,Low Risk,Manual Review,786
0,0.07313571518211706,Very Low Risk,Approve,810
0,0.07733219589675093,Very Low Risk,Approve,807
0,0.042004222461923306,Very Low Risk,Approve,827
0,0.2746459316871218,High Risk,Reject,699
1,0.24562026573491463,High Risk,Manual Review,715
0,0.15741532709091535,Medium Risk,Manual Review,763
1,0.4644389533808177,Very High Risk,Reject,595
0,0.14891520413817103,Medium Risk,Manual Review,768
1,0.5268921819391598,Very High Risk,Reject,560
0,0.3333518279019689,Very High Risk,Reject,667
1,0.5390772995130338,Very High Risk,Reject,554
1,0.14979823604824752,Medium Risk,Manual Review,768
0,0.2815501927303313,High Risk,Reject,695
0,0.15853154415500542,Medium Risk,Manual Review,763
0,0.2233398220648844,High Risk,Manual Review,727
0,0.12453834900834974,Low Risk,Manual Review,782
0,0.2163934604519536,High Risk,Manual Review,731
0,0.23566615178284642,High Risk,Manual Review,720
0,0.33117801684010717,Very High Risk,Reject,668
0,0.053147109471738924,Very Low Risk,Approve,821
0,0.2229330971754017,High Risk,Manual Review,727
0,0.3015502330055194,High Risk,Reject,684
1,0.46226968077947234,Very High Risk,Reject,596
0,0.2206324638516103,High Risk,Manual Review,729
0,0.18097522041621544,Medium Risk,Manual Review,750
0,0.10070777672208905,Low Risk,Manual Review,795
0,0.07260036267075266,Very Low Risk,Approve,810
0,0.18850577032035412,Medium Risk,Manual Review,746
0,0.06653727476253567,Very Low Risk,Approve,813
1,0.6474590392809911,Very High Risk,Reject,494
0,0.08895058415052812,Low Risk,Approve,801
0,0.07347039319175051,Very Low Risk,Approve,810
0,0.41046129108755336,Very High Risk,Reject,624
0,0.0715690986458504,Very Low Risk,Approve,811
0,0.14106606953025766,Low Risk,Manual Review,772
0,0.20675526383256515,Medium Risk,Manual Review,736
0,0.03947715657869328,Very Low Risk,Approve,828
1,0.1692564461838653,Medium Risk,Manual Review,757
1,0.41439317709064616,Very High Risk,Reject,622
0,0.13689447789000275,Low Risk,Manual Review,775
0,0.1374959061089765,Low Risk,Manual Review,774
0,0.04438523929741842,Very Low Risk,Approve,826
0,0.04620772305531153,Very Low Risk,Approve,825
0,0.0678548929564363,Very Low Risk,Approve,813
0,0.07340517642851699,Very Low Risk,Approve,810
0,0.26161298336873445,High Risk,Reject,706
0,0.0392861103814381,Very Low Risk,Approve,828
0,0.14615878261256335,Medium Risk,Manual Review,770
0,0.14714467729745342,Medium Risk,Manual Review,769
0,0.08254479446882053,Very Low Risk,Approve,805
1,0.19776390559027043,Medium Risk,Manual Review,741
0,0.2694186758352089,High Risk,Reject,702
0,0.1611257659783206,Medium Risk,Manual Review,761
1,0.18808455337815772,Medium Risk,Manual Review,747
0,0.24096799188681664,High Risk,Manual Review,717
1,0.24676430927952978,High Risk,Manual Review,714
0,0.06001784073331665,Very Low Risk,Approve,817
0,0.2077779761300529,Medium Risk,Manual Review,736
1,0.4622914090081708,Very High Risk,Reject,596
0,0.0858962538693846,Very Low Risk,Approve,803
0,0.28933622312867724,High Risk,Reject,691
1,0.21128645781921315,Medium Risk,Manual Review,734
0,0.15664678915502078,Medium Risk,Manual Review,764
1,0.03936294431813176,Very Low Risk,Approve,828
0,0.04114794991297087,Very Low Risk,Approve,827
0,0.12727585736768032,Low Risk,Manual Review,780
0,0.16594697975444508,Medium Risk,Manual Review,759
0,0.08607548693646343,Very Low Risk,Approve,803
0,0.11933645847273328,Low Risk,Manual Review,784
0,0.2212438879601807,High Risk,Manual Review,728
1,0.43270262230875867,Very High Risk,Reject,612
0,0.10629514965207659,Low Risk,Manual Review,792
0,0.16639905168794003,Medium Risk,Manual Review,758
0,0.25679149620828706,High Risk,Reject,709
0,0.2274399796850402,High Risk,Manual Review,725
0,0.34235333646528954,Very High Risk,Reject,662
0,0.10533352254224347,Low Risk,Manual Review,792
1,0.3509057133219678,Very High Risk,Reject,657
0,0.19846058384722473,Medium Risk,Manual Review,741
0,0.3321952876218638,Very High Risk,Reject,667
0,0.11495317077647582,Low Risk,Manual Review,787
0,0.2037459377203629,Medium Risk,Manual Review,738
0,0.23128242066951726,High Risk,Manual Review,723
0,0.029796228961745237,Very Low Risk,Approve,834
0,0.05197370542469237,Very Low Risk,Approve,821
0,0.40071044052004995,Very High Risk,Reject,630
0,0.05215140038421724,Very Low Risk,Approve,821
0,0.49711438055403656,Very High Risk,Reject,577
0,0.04780528502944092,Very Low Risk,Approve,824
0,0.10102511376921877,Low Risk,Manual Review,794
0,0.10806529702083052,Low Risk,Manual Review,791
1,0.29757462404113133,High Risk,Reject,686
0,0.048009222631553994,Very Low Risk,Approve,824
0,0.14558372508529271,Low Risk,Manual Review,770
0,0.18638970780605257,Medium Risk,Manual Review,747
0,0.07565808920304318,Very Low Risk,Approve,808
0,0.11822819662728187,Low Risk,Manual Review,785
0,0.024660914103074555,Very Low Risk,Approve,836
0,0.24465237401852963,High Risk,Manual Review,715
0,0.3769321588928764,Very High Risk,Reject,643
0,0.34747093117667227,Very High Risk,Reject,659
0,0.08425614583096742,Very Low Risk,Approve,804
0,0.1616752272907421,Medium Risk,Manual Review,761
0,0.05139578196602497,Very Low Risk,Approve,822
1,0.15036253561918753,Medium Risk,Manual Review,767
0,0.1645968711434522,Medium Risk,Manual Review,759
0,0.2816393754572185,High Risk,Reject,695
0,0.20572602589913688,Medium Risk,Manual Review,737
0,0.5198841074183218,Very High Risk,Reject,564
0,0.22975894407975508,High Risk,Manual Review,724
0,0.17823232776141992,Medium Risk,Manual Review,752
0,0.041242285366556185,Very Low Risk,Approve,827
0,0.46543468935430404,Very High Risk,Reject,594
0,0.11762564038835639,Low Risk,Manual Review,785
0,0.1247624629008018,Low Risk,Manual Review,781
0,0.3451119887850785,Very High Risk,Reject,660
0,0.07751857462442803,Very Low Risk,Approve,807
0,0.26223483508788,High Risk,Reject,706
0,0.1702999198838993,Medium Risk,Manual Review,756
0,0.45500103213165466,Very High Risk,Reject,600
1,0.2607988995922867,High Risk,Reject,707
0,0.12457306648576601,Low Risk,Manual Review,781
1,0.43776375165097214,Very High Risk,Reject,609
0,0.1770936613342624,Medium Risk,Manual Review,753
0,0.21699576059255193,High Risk,Manual Review,731
0,0.33840137561147277,Very High Risk,Reject,664
0,0.10286995929255455,Low Risk,Manual Review,793
0,0.11982782310762448,Low Risk,Manual Review,784
0,0.12698467534911762,Low Risk,Manual Review,780
1,0.2873433296934058,High Risk,Reject,692
0,0.13533774342844723,Low Risk,Manual Review,776
0,0.1355058749397427,Low Risk,Manual Review,775
0,0.18019723083391104,Medium Risk,Manual Review,751
1,0.18724583160252725,Medium Risk,Manual Review,747
1,0.15125212916300035,Medium Risk,Manual Review,767
1,0.2522502907765456,High Risk,Reject,711
1,0.2519725832128888,High Risk,Reject,711
1,0.20977332955500966,Medium Risk,Manual Review,735
0,0.5300971224784876,Very High Risk,Reject,558
0,0.07661923582140047,Very Low Risk,Approve,808
0,0.04479960344566762,Very Low Risk,Approve,825
0,0.11103561043963545,Low Risk,Manual Review,789
0,0.0858441720087922,Very Low Risk,Approve,803
0,0.13165216577678457,Low Risk,Manual Review,778
0,0.21210361536627953,Medium Risk,Manual Review,733
0,0.24965304874911926,High Risk,Manual Review,713
0,0.23155136955439407,High Risk,Manual Review,723
0,0.1234818990507962,Low Risk,Manual Review,782
0,0.24830878228436323,High Risk,Manual Review,713
0,0.05483218330751799,Very Low Risk,Approve,820
0,0.10532312535933515,Low Risk,Manual Review,792
0,0.052294267441850416,Very Low Risk,Approve,821
0,0.1610528176420625,Medium Risk,Manual Review,761
0,0.1119468599118836,Low Risk,Manual Review,788
0,0.10482290300314935,Low Risk,Manual Review,792
0,0.0924932405840134,Low Risk,Approve,799
0,0.2123522409641095,Medium Risk,Manual Review,733
1,0.1286087933112121,Low Risk,Manual Review,779
0,0.026527437955023957,Very Low Risk,Approve,835
0,0.33434087536143825,Very High Risk,Reject,666
0,0.1083702844446067,Low Risk,Manual Review,790
0,0.3740968919129309,Very High Risk,Reject,644
0,0.24638139951619445,High Risk,Manual Review,714
0,0.12324205357599803,Low Risk,Manual Review,782
0,0.10026073552079369,Low Risk,Manual Review,795
1,0.24138869122376508,High Risk,Manual Review,717
0,0.35139537378122754,Very High Risk,Reject,657
1,0.28625481754643756,High Risk,Reject,693
0,0.15886266953827738,Medium Risk,Manual Review,763
0,0.22136200829846245,High Risk,Manual Review,728
0,0.20240985337904882,Medium Risk,Manual Review,739
0,0.22420820996289217,High Risk,Manual Review,727
1,0.44544771323197113,Very High Risk,Reject,605
1,0.38669197575656367,Very High Risk,Reject,637
0,0.34080776509478533,Very High Risk,Reject,663
0,0.1310172395197602,Low Risk,Manual Review,778
1,0.22718038823995937,High Risk,Manual Review,725
0,0.09822594828962053,Low Risk,Approve,796
1,0.27586853764245395,High Risk,Reject,698
1,0.10082561323130589,Low Risk,Manual Review,795
0,0.15375559271233616,Medium Risk,Manual Review,765
0,0.11826670086562839,Low Risk,Manual Review,785
0,0.0938095894354586,Low Risk,Approve,798
0,0.27003407561706605,High Risk,Reject,701
0,0.2715297210307919,High Risk,Reject,701
0,0.10942462020831992,Low Risk,Manual Review,790
1,0.1334331691702294,Low Risk,Manual Review,777
0,0.38752367027316426,Very High Risk,Reject,637
0,0.0967302782829216,Low Risk,Approve,797
0,0.07861373408419306,Very Low Risk,Approve,807
0,0.230206817559923,High Risk,Manual Review,723
0,0.38732662465121775,Very High Risk,Reject,637
0,0.15194652510709258,Medium Risk,Manual Review,766
0,0.41339827336260204,Very High Risk,Reject,623
1,0.14276160504860133,Low Risk,Manual Review,771
0,0.1996606189313368,Medium Risk,Manual Review,740
0,0.15624022302349505,Medium Risk,Manual Review,764
1,0.17765705006369634,Medium Risk,Manual Review,752
0,0.29774302947162096,High Risk,Reject,686
0,0.11138046340649245,Low Risk,Manual Review,789
1,0.4298844722701144,Very High Risk,Reject,614
0,0.173008329118662,Medium Risk,Manual Review,755
0,0.37393809540833123,Very High Risk,Reject,644
1,0.3458427875519107,Very High Risk,Reject,660
1,0.3596383194980221,Very High Risk,Reject,652
0,0.2199129225831717,High Risk,Manual Review,729
0,0.030557265750425933,Very Low Risk,Approve,833
0,0.18466249716188388,Medium Risk,Manual Review,748
0,0.3429769156141137,Very High Risk,Reject,661
0,0.1119575335844336,Low Risk,Manual Review,788
0,0.08253595214139699,Very Low Risk,Approve,805
0,0.17607473258126427,Medium Risk,Manual Review,753
0,0.4006931515552877,Very High Risk,Reject,630
0,0.33926977901993577,Very High Risk,Reject,663
0,0.025165104101250616,Very Low Risk,Approve,836
0,0.43747993739470825,Very High Risk,Reject,609
0,0.0939481702930874,Low Risk,Approve,798
0,0.28702738043668574,High Risk,Reject,692
0,0.16916491000748332,Medium Risk,Manual Review,757
0,0.44303755279451373,Very High Risk,Reject,606
0,0.18518536636813748,Medium Risk,Manual Review,748
0,0.10824835404935061,Low Risk,Manual Review,790
0,0.5759514600743588,Very High Risk,Reject,533
0,0.03619462398672817,Very Low Risk,Approve,830
0,0.17824776516272137,Medium Risk,Manual Review,752
0,0.08456451069978671,Very Low Risk,Approve,803
0,0.12218330707132262,Low Risk,Manual Review,783
1,0.3450243852441491,Very High Risk,Reject,660
0,0.21233836985484228,Medium Risk,Manual Review,733
0,0.2817917645562355,High Risk,Reject,695
1,0.3933022461138219,Very High Risk,Reject,634
0,0.175769215624492,Medium Risk,Manual Review,753
0,0.04212649604098617,Very Low Risk,Approve,827
0,0.11328821920580932,Low Risk,Manual Review,788
1,0.08479661700460646,Very Low Risk,Approve,803
1,0.173297393508259,Medium Risk,Manual Review,755
0,0.3796656183875475,Very High Risk,Reject,641
0,0.24358891568679422,High Risk,Manual Review,716
0,0.24457016989601363,High Risk,Manual Review,715
0,0.478135929359165,Very High Risk,Reject,587
0,0.0742286280053157,Very Low Risk,Approve,809
0,0.16610783130261333,Medium Risk,Manual Review,759
0,0.0832023391829978,Very Low Risk,Approve,804
0,0.11809836092926596,Low Risk,Manual Review,785
0,0.06834275099821908,Very Low Risk,Approve,812
0,0.14558870714057867,Low Risk,Manual Review,770
0,0.10284804057086436,Low Risk,Manual Review,793
0,0.17463281304061,Medium Risk,Manual Review,754
0,0.5014792765392606,Very High Risk,Reject,574
0,0.19172889513422978,Medium Risk,Manual Review,745
0,0.1889739191146392,Medium Risk,Manual Review,746
0,0.05457831630938111,Very Low Risk,Approve,820
0,0.09510723861467978,Low Risk,Approve,798
0,0.10847787894983152,Low Risk,Manual Review,790
1,0.4743516308315133,Very High Risk,Reject,589
1,0.35896715757348296,Very High Risk,Reject,653
1,0.18064003260461936,Medium Risk,Manual Review,751
0,0.10050023178183731,Low Risk,Manual Review,795
0,0.20614034487130534,Medium Risk,Manual Review,737
0,0.09064891683435615,Low Risk,Approve,800
0,0.17557792499882455,Medium Risk,Manual Review,753
0,0.13347373201882842,Low Risk,Manual Review,777
0,0.18579849915232077,Medium Risk,Manual Review,748
0,0.05903620087533766,Very Low Risk,Approve,818
0,0.2340130735961267,High Risk,Manual Review,721
0,0.28567108740716735,High Risk,Reject,693
1,0.33884849400519074,Very High Risk,Reject,664
1,0.44716069100499173,Very High Risk,Reject,604
0,0.24152975023246442,High Risk,Manual Review,717
0,0.17265942049137462,Medium Risk,Manual Review,755
0,0.3917931035350496,Very High Risk,Reject,635
0,0.3026536628680807,High Risk,Reject,684
0,0.07210442499022464,Very Low Risk,Approve,810
0,0.031029281315788398,Very Low Risk,Approve,833
0,0.1222544330453281,Low Risk,Manual Review,783
1,0.5733777780164931,Very High Risk,Reject,535
1,0.4312259928668504,Very High Risk,Reject,613
0,0.1930139097773569,Medium Risk,Manual Review,744
0,0.2683916175366073,High Risk,Reject,702
0,0.2490932080202575,High Risk,Manual Review,713
0,0.03441754085274215,Very Low Risk,Approve,831
0,0.10658696425600757,Low Risk,Manual Review,791
0,0.026203465143216375,Very Low Risk,Approve,836
0,0.059918739769032586,Very Low Risk,Approve,817
0,0.0559459651737932,Very Low Risk,Approve,819
1,0.4225165106680371,Very High Risk,Reject,618
0,0.053903804680501426,Very Low Risk,Approve,820
0,0.23727546390946685,High Risk,Manual Review,719
0,0.09820574350490345,Low Risk,Approve,796
0,0.02804801154680828,Very Low Risk,Approve,835
0,0.19015384708775274,Medium Risk,Manual Review,745
0,0.06179922934271611,Very Low Risk,Approve,816
0,0.07489822648240428,Very Low Risk,Approve,809
0,0.07001521928972554,Very Low Risk,Approve,811
0,0.10588211090501741,Low Risk,Manual Review,792
0,0.2143040709150881,High Risk,Manual Review,732
0,0.14698208634757115,Medium Risk,Manual Review,769
0,0.42663805996458537,Very High Risk,Reject,615
0,0.1421768894096307,Low Risk,Manual Review,772
0,0.1737936514829289,Medium Risk,Manual Review,754
0,0.38753605442619177,Very High Risk,Reject,637
0,0.03840554355604529,Very Low Risk,Approve,829
1,0.4061259020157768,Very High Risk,Reject,627
1,0.05630903753082015,Very Low Risk,Approve,819
0,0.21917993663018698,High Risk,Manual Review,729
0,0.26634026310840714,High Risk,Reject,704
0,0.14827768248984535,Medium Risk,Manual Review,768
0,0.4530524333767755,Very High Risk,Reject,601
1,0.41875849244622537,Very High Risk,Reject,620
1,0.3980813971923435,Very High Risk,Reject,631
0,0.3259684559612238,Very High Risk,Reject,671
1,0.25909261420599605,High Risk,Reject,707
1,0.11234882022416526,Low Risk,Manual Review,788
0,0.0313394977424834,Very Low Risk,Approve,833
1,0.28782901023153556,High Risk,Reject,692
0,0.09287284550828251,Low Risk,Approve,799
0,0.06347504272002084,Very Low Risk,Approve,815
0,0.12215624270595558,Low Risk,Manual Review,783
0,0.04538897385117415,Very Low Risk,Approve,825
0,0.09672449633557512,Low Risk,Approve,797
0,0.063869699089034,Very Low Risk,Approve,815
0,0.16642924074090798,Medium Risk,Manual Review,758
0,0.3421479544388406,Very High Risk,Reject,662
0,0.30814482579237923,High Risk,Reject,681
0,0.20185278167407053,Medium Risk,Manual Review,739
0,0.42003820070760745,Very High Risk,Reject,619
0,0.3491546806082424,Very High Risk,Reject,658
1,0.23891326158038692,High Risk,Manual Review,719
0,0.04946316397218536,Very Low Risk,Approve,823
1,0.46839638133513994,Very High Risk,Reject,592
0,0.07396882172850545,Very Low Risk,Approve,809
0,0.6135774135977029,Very High Risk,Reject,513
0,0.15483750680799582,Medium Risk,Manual Review,765
1,0.2820131622765943,High Risk,Reject,695
0,0.10407731374895376,Low Risk,Manual Review,793
0,0.05803457621742828,Very Low Risk,Approve,818
0,0.309866041942569,High Risk,Reject,680
1,0.2873036960917122,High Risk,Reject,692
0,0.18414491466855706,Medium Risk,Manual Review,749
1,0.20631814208029037,Medium Risk,Manual Review,737
1,0.564100445881196,Very High Risk,Reject,540
0,0.23618786696830515,High Risk,Manual Review,720
1,0.1436816351599087,Low Risk,Manual Review,771
0,0.18233111483546577,Medium Risk,Manual Review,750
0,0.14676078706070203,Medium Risk,Manual Review,769
0,0.2275527079289753,High Risk,Manual Review,725
0,0.08915298515435188,Low Risk,Approve,801
1,0.35097568374500676,Very High Risk,Reject,657
1,0.07812767502570278,Very Low Risk,Approve,807
1,0.31044778870637807,High Risk,Reject,679
0,0.07386959818549349,Very Low Risk,Approve,809
0,0.38630457581345296,Very High Risk,Reject,638
1,0.1887236678943338,Medium Risk,Manual Review,746
0,0.14203893271842352,Low Risk,Manual Review,772
0,0.14096565428743296,Low Risk,Manual Review,772
0,0.17418646073086463,Medium Risk,Manual Review,754
0,0.09862126243840519,Low Risk,Approve,796
1,0.18964490042367702,Medium Risk,Manual Review,746
0,0.16911895521577255,Medium Risk,Manual Review,757
0,0.11533483459990886,Low Risk,Manual Review,787
1,0.4975744542086628,Very High Risk,Reject,576
0,0.23971232674534002,High Risk,Manual Review,718
0,0.04994984720771861,Very Low Risk,Approve,823
0,0.08518503963959428,Very Low Risk,Approve,803
0,0.11788874912650454,Low Risk,Manual Review,785
0,0.09041642304753725,Low Risk,Approve,800
1,0.04401857325747099,Very Low Risk,Approve,826
0,0.21739675302051156,High Risk,Manual Review,730
1,0.46816797676372907,Very High Risk,Reject,593
0,0.34538413682789587,Very High Risk,Reject,660
0,0.19308715831188347,Medium Risk,Manual Review,744
0,0.0942349571696436,Low Risk,Approve,798
0,0.1392076424822125,Low Risk,Manual Review,773
0,0.08926314603755721,Low Risk,Approve,801
1,0.5149261390944563,Very High Risk,Reject,567
0,0.101076110805616,Low Risk,Manual Review,794
0,0.10424683596780918,Low Risk,Manual Review,793
1,0.19421615441677795,Medium Risk,Manual Review,743
0,0.12833137765088554,Low Risk,Manual Review,779
0,0.1188357138193458,Low Risk,Manual Review,785
1,0.24548110207415266,High Risk,Manual Review,715
0,0.13565061307695175,Low Risk,Manual Review,775
0,0.36601031034501275,Very High Risk,Reject,649
0,0.2611164268708936,High Risk,Reject,706
0,0.20255191308861079,Medium Risk,Manual Review,739
0,0.11357803197946144,Low Risk,Manual Review,788
1,0.08203379646660205,Very Low Risk,Approve,805
0,0.21273744984654433,Medium Risk,Manual Review,733
0,0.28978466709869116,High Risk,Reject,691
0,0.09364371979369278,Low Risk,Approve,798
0,0.10449832015160176,Low Risk,Manual Review,793
0,0.1177673242587626,Low Risk,Manual Review,785
0,0.2547558041714136,High Risk,Reject,710
0,0.1764875894153146,Medium Risk,Manual Review,753
0,0.29011331295832743,High Risk,Reject,690
1,0.22120199399903615,High Risk,Manual Review,728
0,0.04049100712912821,Very Low Risk,Approve,828
0,0.21187535132852403,Medium Risk,Manual Review,733
0,0.36848164467171424,Very High Risk,Reject,647
0,0.16510889381522167,Medium Risk,Manual Review,759
0,0.056818888038134896,Very Low Risk,Approve,819
0,0.033091595658144755,Very Low Risk,Approve,832
0,0.22236886870275896,High Risk,Manual Review,728
0,0.11671924135451915,Low Risk,Manual Review,786
0,0.4412905396330432,Very High Risk,Reject,607
0,0.0836505434934463,Very Low Risk,Approve,804
0,0.09966618346131795,Low Risk,Approve,795
0,0.10142110196804256,Low Risk,Manual Review,794
0,0.08700598179367056,Very Low Risk,Approve,802
0,0.24392642676795828,High Risk,Manual Review,716
0,0.19697763176629274,Medium Risk,Manual Review,742
0,0.07907098631898181,Very Low Risk,Approve,807
0,0.1256228767632744,Low Risk,Manual Review,781
0,0.0975784391626235,Low Risk,Approve,796
0,0.05298385715249684,Very Low Risk,Approve,821
1,0.40784012801453823,Very High Risk,Reject,626
0,0.2961936156619249,High Risk,Reject,687
0,0.08926683399685527,Low Risk,Approve,801
0,0.2732976183878955,High Risk,Reject,700
0,0.1764168770693362,Medium Risk,Manual Review,753
0,0.2709538441287875,High Risk,Reject,701
0,0.15737444444082427,Medium Risk,Manual Review,763
0,0.08721112872915088,Low Risk,Approve,802
0,0.39293456928964404,Very High Risk,Reject,634
0,0.03958350998423704,Very Low Risk,Approve,828
0,0.09515116965231528,Low Risk,Approve,798
1,0.166035222780951,Medium Risk,Manual Review,759
0,0.26228608049754726,High Risk,Reject,706
0,0.058901496293447195,Very Low Risk,Approve,818
1,0.37100476358373446,Very High Risk,Reject,646
0,0.14332858189517272,Low Risk,Manual Review,771
0,0.2127954622585354,Medium Risk,Manual Review,733
0,0.1403234221335595,Low Risk,Manual Review,773
1,0.17500739826902603,Medium Risk,Manual Review,754
0,0.05011285267714294,Very Low Risk,Approve,822
0,0.06575876347572061,Very Low Risk,Approve,814
0,0.16510567960163275,Medium Risk,Manual Review,759
0,0.351497307529244,Very High Risk,Reject,657
0,0.04008591861016382,Very Low Risk,Approve,828
0,0.12895604030884242,Low Risk,Manual Review,779
0,0.3810188815034301,Very High Risk,Reject,640
1,0.20866228620256802,Medium Risk,Manual Review,735
0,0.2455688974885401,High Risk,Manual Review,715
0,0.18807258945110655,Medium Risk,Manual Review,747
0,0.16302651622967212,Medium Risk,Manual Review,760
0,0.2544453343050755,High Risk,Reject,710
1,0.08510488960283046,Very Low Risk,Approve,803
1,0.09808590896361474,Low Risk,Approve,796
0,0.09401769012960337,Low Risk,Approve,798
0,0.11245195443026147,Low Risk,Manual Review,788
0,0.2415860131187863,High Risk,Manual Review,717
0,0.35252915262216866,Very High Risk,Reject,656
0,0.1732878393465786,Medium Risk,Manual Review,755
0,0.506002878982922,Very High Risk,Reject,572
0,0.06145598240688229,Very Low Risk,Approve,816
0,0.1891341417960406,Medium Risk,Manual Review,746
0,0.3954056251354038,Very High Risk,Reject,633
0,0.20324557162570492,Medium Risk,Manual Review,738
0,0.2311135967129332,High Risk,Manual Review,723
1,0.384851693660608,Very High Risk,Reject,638
0,0.02203684410876963,Very Low Risk,Approve,838
0,0.09230602401941088,Low Risk,Approve,799
0,0.1700634788702434,Medium Risk,Manual Review,756
0,0.11892678954599711,Low Risk,Manual Review,785
0,0.07376067071705368,Very Low Risk,Approve,809
1,0.2378784612866143,High Risk,Manual Review,719
0,0.04370219594101529,Very Low Risk,Approve,826
0,0.19941908362368818,Medium Risk,Manual Review,740
0,0.12635238132711502,Low Risk,Manual Review,781
0,0.19997742787110992,Medium Risk,Manual Review,740
0,0.12545757360873014,Low Risk,Manual Review,781
0,0.1990994759473364,Medium Risk,Manual Review,740
1,0.04792572724471931,Very Low Risk,Approve,824
0,0.06280487699397973,Very Low Risk,Approve,815
0,0.22323047003943203,High Risk,Manual Review,727
0,0.19524530955825772,Medium Risk,Manual Review,743
0,0.1787332558213156,Medium Risk,Manual Review,752
0,0.05341085685517081,Very Low Risk,Approve,821
0,0.05066101569822908,Very Low Risk,Approve,822
0,0.09396039362227696,Low Risk,Approve,798
1,0.2292137355052452,High Risk,Manual Review,724
0,0.04006017630516027,Very Low Risk,Approve,828
0,0.09259120932512852,Low Risk,Approve,799
0,0.0627998779813035,Very Low Risk,Approve,815
0,0.3183391239967447,Very High Risk,Reject,675
1,0.3616002437457922,Very High Risk,Reject,651
0,0.113638037545236,Low Risk,Manual Review,787
0,0.14230641250688975,Low Risk,Manual Review,772
0,0.10291509713200102,Low Risk,Manual Review,793
0,0.12885965861916435,Low Risk,Manual Review,779
0,0.4950007248772516,Very High Risk,Reject,578
0,0.049291453245673404,Very Low Risk,Approve,823
0,0.2630368112243275,High Risk,Reject,705
1,0.14242732119582088,Low Risk,Manual Review,772
0,0.07234194729729747,Very Low Risk,Approve,810
0,0.5556998074548678,Very High Risk,Reject,544
0,0.3897787170568075,Very High Risk,Reject,636
0,0.08673675973526347,Very Low Risk,Approve,802
0,0.08395471149415584,Very Low Risk,Approve,804
0,0.38016494043950133,Very High Risk,Reject,641
0,0.0969541850365114,Low Risk,Approve,797
0,0.27690430779698455,High Risk,Reject,698
0,0.12718832727877824,Low Risk,Manual Review,780
1,0.14023536288945634,Low Risk,Manual Review,773
0,0.3036430865928972,High Risk,Reject,683
0,0.16588414064856596,Medium Risk,Manual Review,759
0,0.1658120340374218,Medium Risk,Manual Review,759
0,0.08292532193346856,Very Low Risk,Approve,804
0,0.2196683419033142,High Risk,Manual Review,729
0,0.3693879208074164,Very High Risk,Reject,647
0,0.14032454978155007,Low Risk,Manual Review,773
0,0.3882724490846577,Very High Risk,Reject,636
0,0.22888604853962652,High Risk,Manual Review,724
0,0.21059795636305,Medium Risk,Manual Review,734
0,0.19261965513202253,Medium Risk,Manual Review,744
0,0.10852024312726077,Low Risk,Manual Review,790
0,0.34758113098808446,Very High Risk,Reject,659
0,0.09523166382078113,Low Risk,Approve,798
0,0.05741378262190037,Very Low Risk,Approve,818
0,0.33618699176098343,Very High Risk,Reject,665
1,0.4142969459784698,Very High Risk,Reject,622
0,0.06786244886241352,Very Low Risk,Approve,813
0,0.059082500946681125,Very Low Risk,Approve,818
1,0.15249877706336643,Medium Risk,Manual Review,766
0,0.2729846721482463,High Risk,Reject,700
0,0.2364783234185326,High Risk,Manual Review,720
0,0.08198741377935777,Very Low Risk,Approve,805
0,0.09661434279250983,Low Risk,Approve,797
0,0.13780934616217966,Low Risk,Manual Review,774
0,0.2618863461599736,High Risk,Reject,706
0,0.22792447563866788,High Risk,Manual Review,725
0,0.16784555612003763,Medium Risk,Manual Review,758
1,0.2981856402614511,High Risk,Reject,686
0,0.2537654390674028,High Risk,Reject,710
0,0.15301936768581648,Medium Risk,Manual Review,766
0,0.10372895051890592,Low Risk,Manual Review,793
0,0.2279464369430057,High Risk,Manual Review,725
0,0.09005578823388045,Low Risk,Approve,800
0,0.15497632237246864,Medium Risk,Manual Review,765
0,0.15210820055671298,Medium Risk,Manual Review,766
1,0.4368240143934376,Very High Risk,Reject,610
0,0.26741399675179317,High Risk,Reject,703
0,0.4251080725786485,Very High Risk,Reject,616
0,0.26818229271415145,High Risk,Reject,702
0,0.15812828321084155,Medium Risk,Manual Review,763
0,0.22566285309792616,High Risk,Manual Review,726
0,0.09469280454579229,Low Risk,Approve,798
0,0.2367188519816151,High Risk,Manual Review,720
0,0.1423986876320899,Low Risk,Manual Review,772
0,0.13637235088343863,Low Risk,Manual Review,775
0,0.22037686038499277,High Risk,Manual Review,729
1,0.3587842959267166,Very High Risk,Reject,653
0,0.3702621838713051,Very High Risk,Reject,646
1,0.09357987013399198,Low Risk,Approve,799
1,0.25342283112646297,High Risk,Reject,711
0,0.08342045661242757,Very Low Risk,Approve,804
0,0.04513586773379062,Very Low Risk,Approve,825
0,0.07187043125808641,Very Low Risk,Approve,810
0,0.0902655614751598,Low Risk,Approve,800
0,0.14696063087150457,Medium Risk,Manual Review,769
0,0.23775038095445405,High Risk,Manual Review,719
0,0.2420625658324382,High Risk,Manual Review,717
0,0.20570606554350482,Medium Risk,Manual Review,737
0,0.26298780170883096,High Risk,Reject,705
1,0.07841996824221198,Very Low Risk,Approve,807
0,0.18384567559379542,Medium Risk,Manual Review,749
0,0.12083039410581886,Low Risk,Manual Review,784
0,0.07972458705263467,Very Low Risk,Approve,806
0,0.19551767268555362,Medium Risk,Manual Review,742
0,0.18635346850739465,Medium Risk,Manual Review,748
0,0.05693078243168301,Very Low Risk,Approve,819
0,0.1466658446897113,Medium Risk,Manual Review,769
0,0.21608063460928625,High Risk,Manual Review,731
0,0.16844713933649635,Medium Risk,Manual Review,757
1,0.29315765280477163,High Risk,Reject,689
1,0.5217967318671166,Very High Risk,Reject,563
0,0.21556090346898532,High Risk,Manual Review,731
1,0.12865012800930337,Low Risk,Manual Review,779
0,0.04015339129289657,Very Low Risk,Approve,828
0,0.06137092013537139,Very Low Risk,Approve,816
1,0.7248439092216318,Very High Risk,Reject,451
0,0.09068992634855311,Low Risk,Approve,800
0,0.0970886860186505,Low Risk,Approve,797
0,0.08878740484560266,Low Risk,Approve,801
0,0.1549792652315435,Medium Risk,Manual Review,765
0,0.4400581432038222,Very High Risk,Reject,608
1,0.19505643380568816,Medium Risk,Manual Review,743
0,0.08328626746629059,Very Low Risk,Approve,804
0,0.1964064692863512,Medium Risk,Manual Review,742
1,0.10797541523513017,Low Risk,Manual Review,791
0,0.05136811068880126,Very Low Risk,Approve,822
0,0.05958836651537958,Very Low Risk,Approve,817
0,0.12430332166667898,Low Risk,Manual Review,782
1,0.15298486497567182,Medium Risk,Manual Review,766
1,0.1701128106883933,Medium Risk,Manual Review,756
0,0.32700453935973295,Very High Risk,Reject,670
0,0.24106079528802937,High Risk,Manual Review,717
0,0.3076883837723882,High Risk,Reject,681
0,0.09953477127248507,Low Risk,Approve,795
0,0.2230196952896976,High Risk,Manual Review,727
1,0.33020622148136924,Very High Risk,Reject,668
0,0.18236782606743093,Medium Risk,Manual Review,750
0,0.10434272421880897,Low Risk,Manual Review,793
1,0.029153392258987457,Very Low Risk,Approve,834
0,0.10678909862696408,Low Risk,Manual Review,791
0,0.2365477390636574,High Risk,Manual Review,720
0,0.3005190096178459,High Risk,Reject,685
0,0.3030714816971924,High Risk,Reject,683
0,0.063653028016591,Very Low Risk,Approve,815
0,0.031119814898115328,Very Low Risk,Approve,833
0,0.1812666821339678,Medium Risk,Manual Review,750
0,0.12723643686798003,Low Risk,Manual Review,780
0,0.03355820680491635,Very Low Risk,Approve,832
1,0.2022966939282693,Medium Risk,Manual Review,739
0,0.3083660793795852,High Risk,Reject,680
0,0.1623198686538468,Medium Risk,Manual Review,761
0,0.33916170526841977,Very High Risk,Reject,663
0,0.2819937636384022,High Risk,Reject,695
0,0.13574892674536387,Low Risk,Manual Review,775
0,0.07253168412978021,Very Low Risk,Approve,810
0,0.07086063975382921,Very Low Risk,Approve,811
0,0.39540588568924573,Very High Risk,Reject,633
0,0.15951449522492459,Medium Risk,Manual Review,762
0,0.2524831899010679,High Risk,Reject,711
1,0.3680476897736109,Very High Risk,Reject,648
1,0.37309827604828416,Very High Risk,Reject,645
0,0.0999246891768809,Low Risk,Approve,795
0,0.06799061002446657,Very Low Risk,Approve,813
0,0.1791803489559227,Medium Risk,Manual Review,751
0,0.39751178805476794,Very High Risk,Reject,631
0,0.1720585141617254,Medium Risk,Manual Review,755
0,0.056887249568827854,Very Low Risk,Approve,819
0,0.21514191295295948,High Risk,Manual Review,732
0,0.20711656679335153,Medium Risk,Manual Review,736
0,0.16111135927622072,Medium Risk,Manual Review,761
0,0.03802408067926656,Very Low Risk,Approve,829
1,0.24631396443829198,High Risk,Manual Review,715
0,0.09195075987407707,Low Risk,Approve,799
1,0.24111214539356382,High Risk,Manual Review,717
0,0.3357421393061231,Very High Risk,Reject,665
0,0.16929776095800722,Medium Risk,Manual Review,757
1,0.020686467286336975,Very Low Risk,Approve,839
0,0.04221885506534821,Very Low Risk,Approve,827
0,0.10516841304383616,Low Risk,Manual Review,792
0,0.17898705500379058,Medium Risk,Manual Review,752
0,0.08082839529180497,Very Low Risk,Approve,806
1,0.35036298147136047,Very High Risk,Reject,657
0,0.1353039001710909,Low Risk,Manual Review,776
0,0.18331091541580743,Medium Risk,Manual Review,749
0,0.07574212776047763,Very Low Risk,Approve,808
0,0.06756063296909103,Very Low Risk,Approve,813
0,0.11829230107972623,Low Risk,Manual Review,785
0,0.15977883704234794,Medium Risk,Manual Review,762
0,0.046098463296874656,Very Low Risk,Approve,825
0,0.08747972315044408,Low Risk,Approve,802
0,0.31973629705428314,Very High Risk,Reject,674
0,0.24517172233869386,High Risk,Manual Review,715
1,0.21221735036448286,Medium Risk,Manual Review,733
0,0.1720753971971702,Medium Risk,Manual Review,755
1,0.21868163800587032,High Risk,Manual Review,730
1,0.18169032450114525,Medium Risk,Manual Review,750
0,0.14982433237627063,Medium Risk,Manual Review,768
0,0.2701787097702818,High Risk,Reject,701
1,0.47689386749184787,Very High Risk,Reject,588
0,0.04066121748146718,Very Low Risk,Approve,828
0,0.026347748970544944,Very Low Risk,Approve,836
0,0.21050827882022155,Medium Risk,Manual Review,734
0,0.388481585703142,Very High Risk,Reject,636
1,0.30000069312533634,High Risk,Reject,685
1,0.22154240719805382,High Risk,Manual Review,728
0,0.12500087734339996,Low Risk,Manual Review,781
1,0.16866573602260593,Medium Risk,Manual Review,757
1,0.08882263608925163,Low Risk,Approve,801
0,0.07623107746954018,Very Low Risk,Approve,808
0,0.04058298021522676,Very Low Risk,Approve,828
1,0.359540476283379,Very High Risk,Reject,652
0,0.10367869395345909,Low Risk,Manual Review,793
0,0.07549145044341456,Very Low Risk,Approve,808
1,0.20939838941982478,Medium Risk,Manual Review,735
0,0.17442073886929768,Medium Risk,Manual Review,754
0,0.2239972678570336,High Risk,Manual Review,727
0,0.14266852235901095,Low Risk,Manual Review,772
0,0.04621553514236062,Very Low Risk,Approve,825
0,0.14688182445484735,Medium Risk,Manual Review,769
0,0.2314799954420441,High Risk,Manual Review,723
0,0.10225855730382834,Low Risk,Manual Review,794
0,0.3333952048885176,Very High Risk,Reject,667
0,0.1724815500010904,Medium Risk,Manual Review,755
0,0.14582081539211725,Low Risk,Manual Review,770
0,0.17265249612537076,Medium Risk,Manual Review,755
0,0.04637291096025238,Very Low Risk,Approve,824
0,0.1070203052125389,Low Risk,Manual Review,791
0,0.038977155966575396,Very Low Risk,Approve,829
0,0.17641928623977535,Medium Risk,Manual Review,753
1,0.19810894251928915,Medium Risk,Manual Review,741
0,0.12850285480120674,Low Risk,Manual Review,779
0,0.07450185973440876,Very Low Risk,Approve,809
0,0.22421286063293014,High Risk,Manual Review,727
0,0.18290462720410716,Medium Risk,Manual Review,749
0,0.22973633610143981,High Risk,Manual Review,724
0,0.2752402285152124,High Risk,Reject,699
1,0.15099920988940738,Medium Risk,Manual Review,767
0,0.12702540894291306,Low Risk,Manual Review,780
0,0.32400336344956404,Very High Risk,Reject,672
0,0.06335479428915265,Very Low Risk,Approve,815
0,0.20255782348572748,Medium Risk,Manual Review,739
0,0.07290068148390917,Very Low Risk,Approve,810
1,0.2620507588893352,High Risk,Reject,706
0,0.5846561425483463,Very High Risk,Reject,528
0,0.26912395350710455,High Risk,Reject,702
0,0.14461347858392334,Low Risk,Manual Review,770
0,0.3110449940376044,High Risk,Reject,679
0,0.24295777984484915,High Risk,Manual Review,716
1,0.24382488039762482,High Risk,Manual Review,716
1,0.3660616261180467,Very High Risk,Reject,649
0,0.3643752533004029,Very High Risk,Reject,650
0,0.4134386080639393,Very High Risk,Reject,623
0,0.0860242537567881,Very Low Risk,Approve,803
1,0.5367813922953734,Very High Risk,Reject,555
0,0.19752037991293028,Medium Risk,Manual Review,741
0,0.2998390319643418,High Risk,Reject,685
1,0.5107370948086684,Very High Risk,Reject,569
0,0.19174423115099123,Medium Risk,Manual Review,745
0,0.026679431701217244,Very Low Risk,Approve,835
0,0.1265798919581634,Low Risk,Manual Review,780
0,0.3776729221643816,Very High Risk,Reject,642
0,0.10684200558757823,Low Risk,Manual Review,791
0,0.10662409991248135,Low Risk,Manual Review,791
1,0.12815965788183437,Low Risk,Manual Review,780
0,0.10956812322866728,Low Risk,Manual Review,790
0,0.25616690172818574,High Risk,Reject,709
0,0.33772093273123954,Very High Risk,Reject,664
0,0.07896486169748711,Very Low Risk,Approve,807
1,0.27960187819345217,High Risk,Reject,696
0,0.19299207237046317,Medium Risk,Manual Review,744
1,0.19615671140821186,Medium Risk,Manual Review,742
0,0.25440724547694543,High Risk,Reject,710
0,0.08518201190115175,Very Low Risk,Approve,803
1,0.2809651366445874,High Risk,Reject,695
0,0.05499485115577703,Very Low Risk,Approve,820
0,0.5051869829074582,Very High Risk,Reject,572
0,0.03448741193265657,Very Low Risk,Approve,831
0,0.23257257298986922,High Risk,Manual Review,722
0,0.12596463912232178,Low Risk,Manual Review,781
0,0.24951591429734873,High Risk,Manual Review,713
0,0.24452046357471371,High Risk,Manual Review,716
0,0.05095367409946174,Very Low Risk,Approve,822
1,0.371787370764671,Very High Risk,Reject,646
0,0.08704916979653403,Very Low Risk,Approve,802
0,0.22047604864142226,High Risk,Manual Review,729
0,0.2955377665361748,High Risk,Reject,687
0,0.07514045599084737,Very Low Risk,Approve,809
0,0.2240085405814126,High Risk,Manual Review,727
0,0.07122031621367188,Very Low Risk,Approve,811
0,0.03838722899207486,Very Low Risk,Approve,829
0,0.259613943811449,High Risk,Reject,707
0,0.48103785043533226,Very High Risk,Reject,585
0,0.2626587828119366,High Risk,Reject,706
1,0.217557116875486,High Risk,Manual Review,730
0,0.07282139279773292,Very Low Risk,Approve,810
0,0.4403785448308462,Very High Risk,Reject,608
0,0.10932478493860028,Low Risk,Manual Review,790
0,0.07390331477015867,Very Low Risk,Approve,809
0,0.4897770584601954,Very High Risk,Reject,581
0,0.4797079157237232,Very High Risk,Reject,586
0,0.16065758851678852,Medium Risk,Manual Review,762
1,0.3786911447834859,Very High Risk,Reject,642
0,0.36200966509905674,Very High Risk,Reject,651
0,0.053202167274302034,Very Low Risk,Approve,821
0,0.06631904173579782,Very Low Risk,Approve,814
0,0.05963586005022035,Very Low Risk,Approve,817
1,0.4092655863695898,Very High Risk,Reject,625
0,0.07480938376675952,Very Low Risk,Approve,809
1,0.3225420966744509,Very High Risk,Reject,673
0,0.1541496381774114,Medium Risk,Manual Review,765
0,0.2221597728604996,High Risk,Manual Review,728
1,0.46891373605411146,Very High Risk,Reject,592
0,0.2075339947023299,Medium Risk,Manual Review,736
0,0.1230888600510703,Low Risk,Manual Review,782
1,0.252276054208355,High Risk,Reject,711
1,0.42082720100937326,Very High Risk,Reject,619
0,0.14353130597429367,Low Risk,Manual Review,771
0,0.2735784938908276,High Risk,Reject,700
0,0.3150420650049986,Very High Risk,Reject,677
0,0.10192371558590535,Low Risk,Manual Review,794
0,0.14613404062650637,Medium Risk,Manual Review,770
0,0.06908483172455658,Very Low Risk,Approve,812
0,0.2722072569589649,High Risk,Reject,700
0,0.2262078040920759,High Risk,Manual Review,726
0,0.31456658548791494,Very High Risk,Reject,677
0,0.2002087902867563,Medium Risk,Manual Review,740
0,0.3391910926703211,Very High Risk,Reject,663
0,0.05563655602775588,Very Low Risk,Approve,819
0,0.30773205967772665,High Risk,Reject,681
1,0.43736957852839625,Very High Risk,Reject,609
1,0.3904907392761279,Very High Risk,Reject,635
0,0.17360578446207356,Medium Risk,Manual Review,755
0,0.07803389968186639,Very Low Risk,Approve,807
0,0.02444490055869297,Very Low Risk,Approve,837
0,0.24714014037830506,High Risk,Manual Review,714
1,0.06576349032984483,Very Low Risk,Approve,814
0,0.1212487075469507,Low Risk,Manual Review,783
0,0.08743761370979786,Low Risk,Approve,802
1,0.6451343772482194,Very High Risk,Reject,495
0,0.2509517328823207,High Risk,Reject,712
0,0.3821878587602776,Very High Risk,Reject,640
1,0.14864803673157445,Medium Risk,Manual Review,768
0,0.09168919362734866,Low Risk,Approve,800
0,0.2553499926483787,High Risk,Reject,710
1,0.057544583680309284,Very Low Risk,Approve,818
1,0.3026029642068174,High Risk,Reject,684
0,0.26839350751330726,High Risk,Reject,702
0,0.21405031200016938,High Risk,Manual Review,732
1,0.25746677628306297,High Risk,Reject,708
0,0.38515488727015,Very High Risk,Reject,638
0,0.2913539610753915,High Risk,Reject,690
0,0.20448707837203525,Medium Risk,Manual Review,738
1,0.3089442662620865,High Risk,Reject,680
0,0.1503062716521811,Medium Risk,Manual Review,767
1,0.33097940346848564,Very High Risk,Reject,668
1,0.2780329687415135,High Risk,Reject,697
0,0.08232130087926921,Very Low Risk,Approve,805
1,0.3420679520668241,Very High Risk,Reject,662
0,0.32085928511554945,Very High Risk,Reject,674
1,0.5305987761765308,Very High Risk,Reject,558
0,0.0932984140281635,Low Risk,Approve,799
0,0.05220686635447824,Very Low Risk,Approve,821
0,0.2607984120218413,High Risk,Reject,707
0,0.4005849209863971,Very High Risk,Reject,630
0,0.19165081873842488,Medium Risk,Manual Review,745
0,0.13558300998330383,Low Risk,Manual Review,775
0,0.2623336560031266,High Risk,Reject,706
0,0.5208790350345456,Very High Risk,Reject,564
0,0.16667774155410922,Medium Risk,Manual Review,758
0,0.16601476463401674,Medium Risk,Manual Review,759
0,0.23139080700747064,High Risk,Manual Review,723
0,0.1168891747525923,Low Risk,Manual Review,786
1,0.2620557255588673,High Risk,Reject,706
0,0.28946714468465956,High Risk,Reject,691
0,0.12894170299429442,Low Risk,Manual Review,779
1,0.287669809674888,High Risk,Reject,692
1,0.0783572980950906,Very Low Risk,Approve,807
0,0.1100493241169154,Low Risk,Manual Review,789
1,0.0716174238992013,Very Low Risk,Approve,811
0,0.1567801152231773,Medium Risk,Manual Review,764
0,0.49256583670911375,Very High Risk,Reject,579
1,0.39205077511104797,Very High Risk,Reject,634
0,0.22359266965550406,High Risk,Manual Review,727
0,0.1911314965326383,Medium Risk,Manual Review,745
1,0.15879720588473445,Medium Risk,Manual Review,763
0,0.054656260801478014,Very Low Risk,Approve,820
0,0.028336316495049526,Very Low Risk,Approve,834
0,0.22686666087648988,High Risk,Manual Review,725
0,0.2978721487480609,High Risk,Reject,686
1,0.1813760850160661,Medium Risk,Manual Review,750
0,0.16835129413148736,Medium Risk,Manual Review,757
0,0.3829995339891631,Very High Risk,Reject,639
0,0.23348649380378156,High Risk,Manual Review,722
0,0.2581638098279804,High Risk,Reject,708
1,0.2165850011688487,High Risk,Manual Review,731
0,0.16465091766080509,Medium Risk,Manual Review,759
0,0.05198630720279516,Very Low Risk,Approve,821
0,0.12535720811813947,Low Risk,Manual Review,781
0,0.09853867762843922,Low Risk,Approve,796
0,0.07454099332618104,Very Low Risk,Approve,809
0,0.11496115475683089,Low Risk,Manual Review,787
1,0.32541397560528135,Very High Risk,Reject,671
0,0.28071181853817867,High Risk,Reject,696
0,0.29974310111814506,High Risk,Reject,685
0,0.1678480134022646,Medium Risk,Manual Review,758
0,0.08694085122808176,Very Low Risk,Approve,802
0,0.26625261182762777,High Risk,Reject,704
0,0.04317897573240782,Very Low Risk,Approve,826
0,0.125020909586621,Low Risk,Manual Review,781
0,0.11056216176315681,Low Risk,Manual Review,789
0,0.30765271509944764,High Risk,Reject,681
0,0.2325101707523034,High Risk,Manual Review,722
0,0.08196672865785794,Very Low Risk,Approve,805
1,0.08918215503498157,Low Risk,Approve,801
0,0.0664337349113624,Very Low Risk,Approve,813
0,0.25196329628160535,High Risk,Reject,711
1,0.2551231246010225,High Risk,Reject,710
0,0.033328862676588036,Very Low Risk,Approve,832
1,0.27229103955387385,High Risk,Reject,700
0,0.05553627640137122,Very Low Risk,Approve,819
0,0.1280598633370301,Low Risk,Manual Review,780
0,0.11240275028994909,Low Risk,Manual Review,788
1,0.36489287625704947,Very High Risk,Reject,649
0,0.053652572910883684,Very Low Risk,Approve,820
0,0.42912653188474503,Very High Risk,Reject,614
0,0.13073190336606158,Low Risk,Manual Review,778
0,0.23678317560660586,High Risk,Manual Review,720
1,0.2738685555917907,High Risk,Reject,699
0,0.3125322896999445,Very High Risk,Reject,678
0,0.20238888922234433,Medium Risk,Manual Review,739
1,0.25835215071958234,High Risk,Reject,708
0,0.2527259505793501,High Risk,Reject,711
0,0.18475764692076568,Medium Risk,Manual Review,748
0,0.1286913851448779,Low Risk,Manual Review,779
0,0.6307899666575055,Very High Risk,Reject,503
0,0.3085666442369213,High Risk,Reject,680
1,0.09852998401527467,Low Risk,Approve,796
1,0.4408737351375465,Very High Risk,Reject,608
0,0.28899042426333604,High Risk,Reject,691
0,0.2492364848974012,High Risk,Manual Review,713
0,0.10388777256282167,Low Risk,Manual Review,793
0,0.26469872306131,High Risk,Reject,704
0,0.15177342991760004,Medium Risk,Manual Review,767
1,0.1613550215164621,Medium Risk,Manual Review,761
0,0.3650429557191475,Very High Risk,Reject,649
0,0.2510845941796437,High Risk,Reject,712
0,0.45366149869855504,Very High Risk,Reject,600
0,0.13008555697366778,Low Risk,Manual Review,778
0,0.1873613336563364,Medium Risk,Manual Review,747
0,0.04961088385629436,Very Low Risk,Approve,823
0,0.29987027494552476,High Risk,Reject,685
0,0.14941816297738297,Medium Risk,Manual Review,768
1,0.25032887821941174,High Risk,Reject,712
0,0.3448241201317799,Very High Risk,Reject,660
0,0.20792804590163447,Medium Risk,Manual Review,736
0,0.19664842826659373,Medium Risk,Manual Review,742
0,0.04861937455744013,Very Low Risk,Approve,823
0,0.11627299024060202,Low Risk,Manual Review,786
1,0.47692995867225885,Very High Risk,Reject,588
0,0.29675850394511405,High Risk,Reject,687
1,0.069855375396237,Very Low Risk,Approve,812
1,0.24418071678092437,High Risk,Manual Review,716
0,0.13303054752875038,Low Risk,Manual Review,777
0,0.21249911273017535,Medium Risk,Manual Review,733
1,0.3138662141388217,Very High Risk,Reject,677
1,0.20728560343272276,Medium Risk,Manual Review,736
0,0.055778018523953525,Very Low Risk,Approve,819
0,0.11595157233980657,Low Risk,Manual Review,786
0,0.04629304656665676,Very Low Risk,Approve,825
0,0.4240040930399457,Very High Risk,Reject,617
0,0.3379122298588256,Very High Risk,Reject,664
1,0.485519079919215,Very High Risk,Reject,583
1,0.08322042326514902,Very Low Risk,Approve,804
0,0.06600459978563343,Very Low Risk,Approve,814
0,0.29618389176618265,High Risk,Reject,687
1,0.3660720011629013,Very High Risk,Reject,649
0,0.2697887068339036,High Risk,Reject,702
0,0.18013773423835105,Medium Risk,Manual Review,751
1,0.04038733752223977,Very Low Risk,Approve,828
0,0.14203714375111678,Low Risk,Manual Review,772
0,0.0691765777010638,Very Low Risk,Approve,812
0,0.2718883060821893,High Risk,Reject,700
0,0.13033710850036961,Low Risk,Manual Review,778
0,0.15695293783181427,Medium Risk,Manual Review,764
1,0.37688572015227995,Very High Risk,Reject,643
0,0.07476519508991687,Very Low Risk,Approve,809
0,0.08872667606833033,Low Risk,Approve,801
0,0.16698325307579517,Medium Risk,Manual Review,758
0,0.20850305563703267,Medium Risk,Manual Review,735
0,0.15341336411361958,Medium Risk,Manual Review,766
0,0.5659854234025207,Very High Risk,Reject,539
0,0.242329487579654,High Risk,Manual Review,717
0,0.07548303254711926,Very Low Risk,Approve,808
0,0.43415511186647593,Very High Risk,Reject,611
0,0.1882534540928607,Medium Risk,Manual Review,746
1,0.42495662496411546,Very High Risk,Reject,616
0,0.13632454668747696,Low Risk,Manual Review,775
1,0.39663494447180775,Very High Risk,Reject,632
0,0.07367308667615463,Very Low Risk,Approve,809
1,0.33436365897400605,Very High Risk,Reject,666
0,0.08082820490048184,Very Low Risk,Approve,806
0,0.2818312669712047,High Risk,Reject,695
0,0.3246383923400393,Very High Risk,Reject,671
0,0.1568794571102039,Medium Risk,Manual Review,764
0,0.04416469233728956,Very Low Risk,Approve,826
0,0.335053198917535,Very High Risk,Reject,666
0,0.3919516780760297,Very High Risk,Reject,634
0,0.10315001312740321,Low Risk,Manual Review,793
0,0.12714852275626826,Low Risk,Manual Review,780
0,0.1796651741795823,Medium Risk,Manual Review,751
1,0.36307503393326035,Very High Risk,Reject,650
0,0.1814154260831594,Medium Risk,Manual Review,750
0,0.08660415295288092,Very Low Risk,Approve,802
0,0.4109484833502977,Very High Risk,Reject,624
0,0.17912977486445306,Medium Risk,Manual Review,751
0,0.20898862039385582,Medium Risk,Manual Review,735
0,0.16900042113715377,Medium Risk,Manual Review,757
0,0.2886879324582508,High Risk,Reject,691
1,0.3242597992788595,Very High Risk,Reject,672
0,0.27508601139004,High Risk,Reject,699
0,0.06377864803139105,Very Low Risk,Approve,815
0,0.5866529959880916,Very High Risk,Reject,527
0,0.18056591009156273,Medium Risk,Manual Review,751
1,0.187152602060361,Medium Risk,Manual Review,747
1,0.4570237766417184,Very High Risk,Reject,599
0,0.08027352472851201,Very Low Risk,Approve,806
0,0.09896985575854435,Low Risk,Approve,796
0,0.21349069135923698,High Risk,Manual Review,733
0,0.04502008480948044,Very Low Risk,Approve,825
0,0.1482737244870986,Medium Risk,Manual Review,768
0,0.0482409436397438,Very Low Risk,Approve,823
0,0.05943051413810181,Very Low Risk,Approve,817
1,0.1691099656185084,Medium Risk,Manual Review,757
0,0.42490993175082054,Very High Risk,Reject,616
0,0.15252364706622515,Medium Risk,Manual Review,766
1,0.43632314708362047,Very High Risk,Reject,610
0,0.5528491829197502,Very High Risk,Reject,546
0,0.1567117056660089,Medium Risk,Manual Review,764
0,0.1834042764435451,Medium Risk,Manual Review,749
0,0.3331994354172516,Very High Risk,Reject,667
0,0.3861622801914579,Very High Risk,Reject,638
0,0.06713151084554694,Very Low Risk,Approve,813
0,0.09000393141154707,Low Risk,Approve,800
1,0.6808154180075477,Very High Risk,Reject,476
0,0.04259942228722344,Very Low Risk,Approve,827
0,0.15909708145726745,Medium Risk,Manual Review,762
0,0.23363745502547545,High Risk,Manual Review,721
0,0.10979309713521537,Low Risk,Manual Review,790
0,0.19423099539201238,Medium Risk,Manual Review,743
0,0.14282304188552034,Low Risk,Manual Review,771
0,0.24890547358791015,High Risk,Manual Review,713
0,0.08606253339233964,Very Low Risk,Approve,803
0,0.12526282455240048,Low Risk,Manual Review,781
0,0.3475485165067818,Very High Risk,Reject,659
1,0.2650112401786361,High Risk,Reject,704
0,0.24559476272905595,High Risk,Manual Review,715
0,0.23798259970540192,High Risk,Manual Review,719
1,0.08597295126471335,Very Low Risk,Approve,803
0,0.3328986269162917,Very High Risk,Reject,667
0,0.0658269358335665,Very Low Risk,Approve,814
0,0.03574537588351811,Very Low Risk,Approve,830
1,0.3051373990820487,High Risk,Reject,682
0,0.06687274959307389,Very Low Risk,Approve,813
0,0.07397064935483852,Very Low Risk,Approve,809
1,0.2829240199306709,High Risk,Reject,694
0,0.0620706554749309,Very Low Risk,Approve,816
0,0.21234177145371327,Medium Risk,Manual Review,733
0,0.14281581521190298,Low Risk,Manual Review,771
1,0.19971342167575074,Medium Risk,Manual Review,740
1,0.09392704688215309,Low Risk,Approve,798
0,0.14954293003091634,Medium Risk,Manual Review,768
0,0.11886055988914764,Low Risk,Manual Review,785
1,0.05590869768336672,Very Low Risk,Approve,819
0,0.2840866202952202,High Risk,Reject,694
0,0.08623524190641312,Very Low Risk,Approve,803
0,0.12575066276032368,Low Risk,Manual Review,781
1,0.1536690621002709,Medium Risk,Manual Review,765
0,0.06863790139946722,Very Low Risk,Approve,812
0,0.45946174429685505,Very High Risk,Reject,597
0,0.12993558745056247,Low Risk,Manual Review,779
0,0.209589296048854,Medium Risk,Manual Review,735
0,0.14369719153439311,Low Risk,Manual Review,771
1,0.36559682912150854,Very High Risk,Reject,649
0,0.09404149128070605,Low Risk,Approve,798
0,0.2915346635748096,High Risk,Reject,690
0,0.19076316997545978,Medium Risk,Manual Review,745
0,0.17185796669977677,Medium Risk,Manual Review,755
0,0.07453018231002546,Very Low Risk,Approve,809
0,0.06554419845359123,Very Low Risk,Approve,814
1,0.1838624451064992,Medium Risk,Manual Review,749
1,0.17877823712373675,Medium Risk,Manual Review,752
1,0.4454075553910165,Very High Risk,Reject,605
1,0.23813981260001324,High Risk,Manual Review,719
0,0.12375710729547398,Low Risk,Manual Review,782
1,0.6385501592022499,Very High Risk,Reject,499
0,0.45645845602876106,Very High Risk,Reject,599
0,0.10196211457982676,Low Risk,Manual Review,794
0,0.20069033451582022,Medium Risk,Manual Review,740
0,0.02526465292796141,Very Low Risk,Approve,836
0,0.19735072884051041,Medium Risk,Manual Review,741
0,0.3755279286238388,Very High Risk,Reject,643
0,0.13515779044069406,Low Risk,Manual Review,776
0,0.19482425107271795,Medium Risk,Manual Review,743
0,0.21163585196673557,Medium Risk,Manual Review,734
0,0.15693578301022196,Medium Risk,Manual Review,764
0,0.06019812571706582,Very Low Risk,Approve,817
1,0.3075752373469027,High Risk,Reject,681
0,0.11680380721179472,Low Risk,Manual Review,786
1,0.24550577280798005,High Risk,Manual Review,715
0,0.10032622876345074,Low Risk,Manual Review,795
0,0.08260005244095875,Very Low Risk,Approve,805
1,0.332381788124054,Very High Risk,Reject,667
1,0.4505180471450921,Very High Risk,Reject,602
0,0.09222485072904392,Low Risk,Approve,799
1,0.21645016399606098,High Risk,Manual Review,731
1,0.13534111148178274,Low Risk,Manual Review,776
0,0.6310280956679352,Very High Risk,Reject,503
1,0.17078687108504334,Medium Risk,Manual Review,756
1,0.22346710694366154,High Risk,Manual Review,727
1,0.05620116898170246,Very Low Risk,Approve,819
0,0.0991202693199891,Low Risk,Approve,795
0,0.14317533512147732,Low Risk,Manual Review,771
0,0.16977654026477315,Medium Risk,Manual Review,757
0,0.021448648162137953,Very Low Risk,Approve,838
0,0.2037101822217501,Medium Risk,Manual Review,738
0,0.08023481122602998,Very Low Risk,Approve,806
0,0.0733509681105226,Very Low Risk,Approve,810
0,0.05159392850467017,Very Low Risk,Approve,822
1,0.4267185544271293,Very High Risk,Reject,615
0,0.31224951890339675,Very High Risk,Reject,678
0,0.5414515853543881,Very High Risk,Reject,552
1,0.19977381449837858,Medium Risk,Manual Review,740
0,0.10557756131334661,Low Risk,Manual Review,792
0,0.12725955824583476,Low Risk,Manual Review,780
0,0.032718030428819364,Very Low Risk,Approve,832
0,0.06864354313300691,Very Low Risk,Approve,812
1,0.32366010900393705,Very High Risk,Reject,672
0,0.2771612610213705,High Risk,Reject,698
0,0.13182415247588763,Low Risk,Manual Review,777
1,0.4228899790499008,Very High Risk,Reject,617
0,0.1449445929154973,Low Risk,Manual Review,770
0,0.33620215624059047,Very High Risk,Reject,665
0,0.14107939883496348,Low Risk,Manual Review,772
0,0.08207264227392366,Very Low Risk,Approve,805
0,0.03634507893155265,Very Low Risk,Approve,830
1,0.4584117323486604,Very High Risk,Reject,598
1,0.47158856988105785,Very High Risk,Reject,591
0,0.09804407206733994,Low Risk,Approve,796
0,0.03055464085209883,Very Low Risk,Approve,833
0,0.1381520305516416,Low Risk,Manual Review,774
0,0.04007624825977626,Very Low Risk,Approve,828
0,0.08526281457201743,Very Low Risk,Approve,803
0,0.23462334939248516,High Risk,Manual Review,721
1,0.31235896697809123,Very High Risk,Reject,678
1,0.40569173802179853,Very High Risk,Reject,627
0,0.2568898621379464,High Risk,Reject,709
0,0.06361858427983305,Very Low Risk,Approve,815
1,0.09331263660710483,Low Risk,Approve,799
0,0.39712327652837986,Very High Risk,Reject,632
0,0.06547508603725698,Very Low Risk,Approve,814
1,0.11395488718946511,Low Risk,Manual Review,787
0,0.093777021327576,Low Risk,Approve,798
0,0.13744129904526586,Low Risk,Manual Review,774
0,0.03853856667632666,Very Low Risk,Approve,829
0,0.21992047064900688,High Risk,Manual Review,729
0,0.13642473250618303,Low Risk,Manual Review,775
0,0.38172118041087766,Very High Risk,Reject,640
1,0.15517744188709123,Medium Risk,Manual Review,765
0,0.3303906040202917,Very High Risk,Reject,668
0,0.09377052774182419,Low Risk,Approve,798
0,0.24192610491444347,High Risk,Manual Review,717
1,0.31209747742544364,Very High Risk,Reject,678
0,0.12555980307182377,Low Risk,Manual Review,781
1,0.14757444508199072,Medium Risk,Manual Review,769
1,0.26859377650219746,High Risk,Reject,702
0,0.2537866368938669,High Risk,Reject,710
0,0.19929452344893253,Medium Risk,Manual Review,740
0,0.25061096102422653,High Risk,Reject,712
0,0.12496941767651921,Low Risk,Manual Review,781
0,0.2846617322523665,High Risk,Reject,693
0,0.109406024056915,Low Risk,Manual Review,790
0,0.04239735919983538,Very Low Risk,Approve,827
0,0.17883911354521914,Medium Risk,Manual Review,752
0,0.12237968020015495,Low Risk,Manual Review,783
0,0.07767820824243066,Very Low Risk,Approve,807
0,0.11127829740384193,Low Risk,Manual Review,789
0,0.13273177871779876,Low Risk,Manual Review,777
0,0.09779051837466249,Low Risk,Approve,796
0,0.12295606314148841,Low Risk,Manual Review,782
0,0.11772034121660187,Low Risk,Manual Review,785
1,0.588584325036817,Very High Risk,Reject,526
1,0.16495810910090977,Medium Risk,Manual Review,759
0,0.19348451953450319,Medium Risk,Manual Review,744
0,0.2849999348471902,High Risk,Reject,693
0,0.11361590992632455,Low Risk,Manual Review,788
0,0.13781144430406042,Low Risk,Manual Review,774
0,0.36944338071470023,Very High Risk,Reject,647
0,0.3164284846834749,Very High Risk,Reject,676
0,0.1979220334932658,Medium Risk,Manual Review,741
0,0.12499761322969237,Low Risk,Manual Review,781
0,0.4187425426794869,Very High Risk,Reject,620
0,0.4732086036448866,Very High Risk,Reject,590
1,0.06978970735104652,Very Low Risk,Approve,812
0,0.36353178935400854,Very High Risk,Reject,650
0,0.21973529768675004,High Risk,Manual Review,729
0,0.12381266082734627,Low Risk,Manual Review,782
0,0.12110939015269143,Low Risk,Manual Review,783
0,0.24994993705512772,High Risk,Manual Review,713
0,0.18266063499298418,Medium Risk,Manual Review,750
0,0.1179827719963805,Low Risk,Manual Review,785
1,0.2679178730077153,High Risk,Reject,703
0,0.2292513328929568,High Risk,Manual Review,724
0,0.18825962967099305,Medium Risk,Manual Review,746
0,0.08561904914345798,Very Low Risk,Approve,803
1,0.5069202450695387,Very High Risk,Reject,571
1,0.43283101621828146,Very High Risk,Reject,612
0,0.28017209122752235,High Risk,Reject,696
1,0.1693223362998602,Medium Risk,Manual Review,757
0,0.11861452622300941,Low Risk,Manual Review,785
0,0.07599939789446471,Very Low Risk,Approve,808
0,0.10077199082968559,Low Risk,Manual Review,795
0,0.09827475102158431,Low Risk,Approve,796
0,0.3160666916546475,Very High Risk,Reject,676
0,0.0980864017797235,Low Risk,Approve,796
0,0.3483080845193763,Very High Risk,Reject,658
0,0.1010104980571193,Low Risk,Manual Review,794
1,0.09572339866408089,Low Risk,Approve,797
1,0.179656216380875,Medium Risk,Manual Review,751
1,0.4125952512063001,Very High Risk,Reject,623
0,0.32353965920355,Very High Risk,Reject,672
0,0.2222365940615271,High Risk,Manual Review,728
0,0.11433135153610051,Low Risk,Manual Review,787
0,0.22619141647622792,High Risk,Manual Review,726
0,0.13200467535703495,Low Risk,Manual Review,777
1,0.10718331918317356,Low Risk,Manual Review,791
0,0.04486065720593006,Very Low Risk,Approve,825
1,0.46153088584380136,Very High Risk,Reject,596
0,0.05395564958553326,Very Low Risk,Approve,820
0,0.30805298027357286,High Risk,Reject,681
1,0.47020362104607394,Very High Risk,Reject,591
0,0.07364367383400966,Very Low Risk,Approve,809
1,0.32531656565639333,Very High Risk,Reject,671
0,0.25111351164582824,High Risk,Reject,712
0,0.28864845513058923,High Risk,Reject,691
0,0.16834068206319294,Medium Risk,Manual Review,757
0,0.3633887552745509,Very High Risk,Reject,650
0,0.04826348709135484,Very Low Risk,Approve,823
0,0.06321987035434179,Very Low Risk,Approve,815
0,0.14054377707848234,Low Risk,Manual Review,773
0,0.2927729160054904,High Risk,Reject,689
0,0.27303513854053074,High Risk,Reject,700
0,0.1291484423044302,Low Risk,Manual Review,779
0,0.18697886480069187,Medium Risk,Manual Review,747
1,0.42976425055482864,Very High Risk,Reject,614
0,0.08381283803091981,Very Low Risk,Approve,804
1,0.13447606925604536,Low Risk,Manual Review,776
0,0.06278013976138365,Very Low Risk,Approve,815
0,0.3323292313156959,Very High Risk,Reject,667
0,0.10391513839094178,Low Risk,Manual Review,793
0,0.07923633979336928,Very Low Risk,Approve,806
0,0.13612596714963424,Low Risk,Manual Review,775
0,0.24837973687305137,High Risk,Manual Review,713
0,0.0902542206407238,Low Risk,Approve,800
0,0.2464257814545733,High Risk,Manual Review,714
0,0.2774502127260573,High Risk,Reject,697
0,0.05865389433122997,Very Low Risk,Approve,818
0,0.10946908003827358,Low Risk,Manual Review,790
1,0.16890013840018614,Medium Risk,Manual Review,757
0,0.11864089983049741,Low Risk,Manual Review,785
1,0.34395967098881075,Very High Risk,Reject,661
0,0.1369569989582659,Low Risk,Manual Review,775
1,0.17590796655949553,Medium Risk,Manual Review,753
0,0.2849545926536285,High Risk,Reject,693
0,0.09520943208942624,Low Risk,Approve,798
0,0.05343555355175455,Very Low Risk,Approve,821
0,0.2704446068919071,High Risk,Reject,701
0,0.1688018904356771,Medium Risk,Manual Review,757
0,0.08512273199225706,Very Low Risk,Approve,803
0,0.41445296594147657,Very High Risk,Reject,622
0,0.4559808430571883,Very High Risk,Reject,599
1,0.390256852077107,Very High Risk,Reject,635
0,0.30661754445778844,High Risk,Reject,681
0,0.22160381148384764,High Risk,Manual Review,728
0,0.21328963439261273,Medium Risk,Manual Review,733
0,0.09709207113421839,Low Risk,Approve,797
0,0.384786387621513,Very High Risk,Reject,638
0,0.08253779592114124,Very Low Risk,Approve,805
1,0.6273171855385578,Very High Risk,Reject,505
1,0.10785884933317008,Low Risk,Manual Review,791
0,0.32486464563444506,Very High Risk,Reject,671
1,0.29939410948073514,High Risk,Reject,685
1,0.1274952370644927,Low Risk,Manual Review,780
0,0.20867956105861915,Medium Risk,Manual Review,735
1,0.2520759579992723,High Risk,Reject,711
0,0.08924579188559768,Low Risk,Approve,801
0,0.3940699513109693,Very High Risk,Reject,633
0,0.12537277946553554,Low Risk,Manual Review,781
0,0.29971094031463785,High Risk,Reject,685
1,0.26273235278666474,High Risk,Reject,705
0,0.0784889353912453,Very Low Risk,Approve,807
0,0.09585148673836451,Low Risk,Approve,797
0,0.19999260725493756,Medium Risk,Manual Review,740
0,0.3832650077330087,Very High Risk,Reject,639
0,0.14046957428575055,Low Risk,Manual Review,773
1,0.3123416435377841,Very High Risk,Reject,678
0,0.10832743332023462,Low Risk,Manual Review,790
0,0.38027801477596,Very High Risk,Reject,641
1,0.11801799944313296,Low Risk,Manual Review,785
0,0.14409998908076038,Low Risk,Manual Review,771
0,0.05242759580384445,Very Low Risk,Approve,821
0,0.055667408724380675,Very Low Risk,Approve,819
0,0.35770895700389177,Very High Risk,Reject,653
0,0.050603979943470094,Very Low Risk,Approve,822
0,0.2637369351629706,High Risk,Reject,705
0,0.29618167045328014,High Risk,Reject,687
0,0.18276612512056015,Medium Risk,Manual Review,749
1,0.24904075100299244,High Risk,Manual Review,713
1,0.32107306866581997,Very High Risk,Reject,673
1,0.6339675236544561,Very High Risk,Reject,501
1,0.25375774657274824,High Risk,Reject,710
0,0.05597471796348244,Very Low Risk,Approve,819
0,0.31657018651582963,Very High Risk,Reject,676
1,0.41645505363163415,Very High Risk,Reject,621
0,0.201329504380321,Medium Risk,Manual Review,739
1,0.329869533475721,Very High Risk,Reject,669
0,0.03670223130087376,Very Low Risk,Approve,830
1,0.09534371002976329,Low Risk,Approve,798
0,0.037720193502335415,Very Low Risk,Approve,829
0,0.29657937322688877,High Risk,Reject,687
0,0.09408457424689969,Low Risk,Approve,798
1,0.20106994828960562,Medium Risk,Manual Review,739
0,0.06764219762872502,Very Low Risk,Approve,813
0,0.18857186426154884,Medium Risk,Manual Review,746
0,0.15608781203899114,Medium Risk,Manual Review,764
0,0.17548454236238445,Medium Risk,Manual Review,753
0,0.4206110503449929,Very High Risk,Reject,619
1,0.3663215228202077,Very High Risk,Reject,649
0,0.04236751012719479,Very Low Risk,Approve,827
1,0.1898923306252262,Medium Risk,Manual Review,746
0,0.0746988620766743,Very Low Risk,Approve,809
0,0.2678516232186672,High Risk,Reject,703
0,0.3915972978854285,Very High Risk,Reject,635
0,0.24116254244028096,High Risk,Manual Review,717
1,0.34696204718915785,Very High Risk,Reject,659
0,0.2003380656823243,Medium Risk,Manual Review,740
0,0.04797155808843493,Very Low Risk,Approve,824
0,0.23851366299203555,High Risk,Manual Review,719
0,0.175757064097529,Medium Risk,Manual Review,753
1,0.4704174100372947,Very High Risk,Reject,591
0,0.08236809689844556,Very Low Risk,Approve,805
0,0.11372471241283379,Low Risk,Manual Review,787
0,0.4238885067602009,Very High Risk,Reject,617
0,0.05900258879249388,Very Low Risk,Approve,818
0,0.03920831302919873,Very Low Risk,Approve,828
0,0.05741057976990239,Very Low Risk,Approve,818
0,0.34708054100649705,Very High Risk,Reject,659
0,0.10059254108075892,Low Risk,Manual Review,795
0,0.3279350335794711,Very High Risk,Reject,670
0,0.14696987181758558,Medium Risk,Manual Review,769
1,0.34378432280308596,Very High Risk,Reject,661
0,0.4317857410562231,Very High Risk,Reject,613
0,0.44042756504343367,Very High Risk,Reject,608
0,0.18909662388154738,Medium Risk,Manual Review,746
0,0.2643093948316206,High Risk,Reject,705
0,0.04027550853925613,Very Low Risk,Approve,828
0,0.11194746800935432,Low Risk,Manual Review,788
1,0.11667481303868452,Low Risk,Manual Review,786
0,0.5957125967951626,Very High Risk,Reject,522
0,0.263151451071641,High Risk,Reject,705
0,0.07303198383342616,Very Low Risk,Approve,810
0,0.16388722659978716,Medium Risk,Manual Review,760
0,0.11818343539279741,Low Risk,Manual Review,785
0,0.4457235805971407,Very High Risk,Reject,605
0,0.08856347193463365,Low Risk,Approve,801
0,0.33853603822769796,Very High Risk,Reject,664
1,0.33243285516220894,Very High Risk,Reject,667
0,0.1018693275796952,Low Risk,Manual Review,794
0,0.04025362500401418,Very Low Risk,Approve,828
1,0.3943109418515067,Very High Risk,Reject,633
0,0.05253228034012189,Very Low Risk,Approve,821
0,0.23034609109106036,High Risk,Manual Review,723
0,0.12488164132804698,Low Risk,Manual Review,781
1,0.4947244948393536,Very High Risk,Reject,578
0,0.07695601210506564,Very Low Risk,Approve,808
0,0.03529523964574988,Very Low Risk,Approve,831
0,0.07858069130106052,Very Low Risk,Approve,807
0,0.16551448620943252,Medium Risk,Manual Review,759
0,0.3111227487531747,High Risk,Reject,679
0,0.04465434466455924,Very Low Risk,Approve,825
0,0.19482663309562104,Medium Risk,Manual Review,743
0,0.3378303784976641,Very High Risk,Reject,664
0,0.16073028598170244,Medium Risk,Manual Review,762
0,0.1312553880968808,Low Risk,Manual Review,778
0,0.05057263390248507,Very Low Risk,Approve,822
0,0.2782476691046191,High Risk,Reject,697
0,0.1735034228913648,Medium Risk,Manual Review,755
0,0.441730280069916,Very High Risk,Reject,607
0,0.31395734097356276,Very High Risk,Reject,677
1,0.07618251423403047,Very Low Risk,Approve,808
0,0.045731004737591105,Very Low Risk,Approve,825
0,0.2396374190663457,High Risk,Manual Review,718
0,0.1773389184484095,Medium Risk,Manual Review,752
0,0.05851581083463993,Very Low Risk,Approve,818
1,0.12491358445934694,Low Risk,Manual Review,781
0,0.438890591846924,Very High Risk,Reject,609
1,0.12260611841170965,Low Risk,Manual Review,783
0,0.06511096735511451,Very Low Risk,Approve,814
0,0.0462014111244601,Very Low Risk,Approve,825
0,0.05453014385526093,Very Low Risk,Approve,820
0,0.39927202529812855,Very High Risk,Reject,630
1,0.465884948276809,Very High Risk,Reject,594
1,0.32442908783666996,Very High Risk,Reject,672
0,0.24295574555792196,High Risk,Manual Review,716
1,0.1100282024551294,Low Risk,Manual Review,789
0,0.15170944363209504,Medium Risk,Manual Review,767
0,0.4137760277859948,Very High Risk,Reject,622
1,0.32296622971803435,Very High Risk,Reject,672
0,0.19278710176760705,Medium Risk,Manual Review,744
0,0.2127219961239351,Medium Risk,Manual Review,733
1,0.025563568967777103,Very Low Risk,Approve,836
0,0.2671963082000245,High Risk,Reject,703
0,0.1449834982819954,Low Risk,Manual Review,770
0,0.07688206662885258,Very Low Risk,Approve,808
0,0.05680187572685581,Very Low Risk,Approve,819
0,0.15024016110355276,Medium Risk,Manual Review,767
1,0.3005673358911455,High Risk,Reject,685
0,0.22647023483991108,High Risk,Manual Review,725
0,0.1727047826663352,Medium Risk,Manual Review,755
0,0.06147121323461348,Very Low Risk,Approve,816
0,0.1934850644895725,Medium Risk,Manual Review,744
0,0.2555046695350511,High Risk,Reject,709
1,0.3038063714530193,High Risk,Reject,683
0,0.2980157977415306,High Risk,Reject,686
1,0.40665627227826673,Very High Risk,Reject,626
1,0.21751730052969814,High Risk,Manual Review,730
1,0.3211831253397351,Very High Risk,Reject,673
0,0.2274588414262988,High Risk,Manual Review,725
0,0.37512265111704907,Very High Risk,Reject,644
0,0.0838430782654313,Very Low Risk,Approve,804
0,0.1800041476364241,Medium Risk,Manual Review,751
0,0.22099394865449556,High Risk,Manual Review,728
1,0.31166453817438533,Very High Risk,Reject,679
1,0.2715326327135838,High Risk,Reject,701
0,0.07036373679836692,Very Low Risk,Approve,811
1,0.1925718454083807,Medium Risk,Manual Review,744
0,0.06525421955097047,Very Low Risk,Approve,814
0,0.25039941760833007,High Risk,Reject,712
0,0.20610494191850098,Medium Risk,Manual Review,737
0,0.12033451758665765,Low Risk,Manual Review,784
0,0.07128402247314587,Very Low Risk,Approve,811
0,0.3628037790402735,Very High Risk,Reject,650
0,0.08576451859136917,Very Low Risk,Approve,803
1,0.1812771193605147,Medium Risk,Manual Review,750
0,0.025303210871506242,Very Low Risk,Approve,836
0,0.17336633668986168,Medium Risk,Manual Review,755
1,0.35313704964922193,Very High Risk,Reject,656
1,0.20194824917079912,Medium Risk,Manual Review,739
1,0.10048631454954865,Low Risk,Manual Review,795
0,0.30958484516541873,High Risk,Reject,680
1,0.5021396811366724,Very High Risk,Reject,574
0,0.2556566392352411,High Risk,Reject,709
0,0.47122019407462756,Very High Risk,Reject,591
0,0.05438160159875679,Very Low Risk,Approve,820
1,0.3245034430850548,Very High Risk,Reject,672
0,0.21711485528910723,High Risk,Manual Review,731
0,0.21109840752606226,Medium Risk,Manual Review,734
0,0.049055498056150774,Very Low Risk,Approve,823
0,0.14725367901703384,Medium Risk,Manual Review,769
0,0.11163584847624602,Low Risk,Manual Review,789
0,0.04784902007771297,Very Low Risk,Approve,824
0,0.2668971777289923,High Risk,Reject,703
0,0.12798196539020795,Low Risk,Manual Review,780
0,0.13717377323473906,Low Risk,Manual Review,775
0,0.4005347783214807,Very High Risk,Reject,630
0,0.30078146073857775,High Risk,Reject,685
1,0.28926209686248294,High Risk,Reject,691
0,0.4393749909209087,Very High Risk,Reject,608
0,0.3690624423032003,Very High Risk,Reject,647
0,0.2673902201334766,High Risk,Reject,703
0,0.14277866457005803,Low Risk,Manual Review,771
0,0.3522254290790783,Very High Risk,Reject,656
0,0.5901695805723463,Very High Risk,Reject,525
0,0.12611265273028224,Low Risk,Manual Review,781
1,0.19268614912052026,Medium Risk,Manual Review,744
1,0.14219761274800555,Low Risk,Manual Review,772
0,0.04740320462759342,Very Low Risk,Approve,824
0,0.1581876323867881,Medium Risk,Manual Review,763
0,0.09140111668255044,Low Risk,Approve,800
0,0.13839645724934446,Low Risk,Manual Review,774
0,0.0781682566760619,Very Low Risk,Approve,807
0,0.19702726441556737,Medium Risk,Manual Review,742
0,0.5839270667269185,Very High Risk,Reject,529
0,0.5053852622405999,Very High Risk,Reject,572
0,0.20487603483118452,Medium Risk,Manual Review,737
0,0.25277565600430074,High Risk,Reject,711
1,0.1752920773954962,Medium Risk,Manual Review,754
0,0.09635699488164672,Low Risk,Approve,797
0,0.10545290853563645,Low Risk,Manual Review,792
0,0.12843479448851314,Low Risk,Manual Review,779
0,0.09094667144683265,Low Risk,Approve,800
0,0.11618559242970856,Low Risk,Manual Review,786
1,0.06194753373378751,Very Low Risk,Approve,816
0,0.3210200732349885,Very High Risk,Reject,673
0,0.14494807451889677,Low Risk,Manual Review,770
0,0.13577426000971343,Low Risk,Manual Review,775
0,0.2257169824707394,High Risk,Manual Review,726
0,0.2102297080510211,Medium Risk,Manual Review,734
0,0.061357157280583476,Very Low Risk,Approve,816
0,0.12749490266655628,Low Risk,Manual Review,780
1,0.14875273698095656,Medium Risk,Manual Review,768
1,0.28541752525653236,High Risk,Reject,693
0,0.2619519413382632,High Risk,Reject,706
0,0.17415409281160268,Medium Risk,Manual Review,754
1,0.188483056272922,Medium Risk,Manual Review,746
0,0.23645008795719688,High Risk,Manual Review,720
0,0.19517598868816904,Medium Risk,Manual Review,743
0,0.2864249681812936,High Risk,Reject,692
0,0.10284056666808437,Low Risk,Manual Review,793
0,0.35267264197299547,Very High Risk,Reject,656
0,0.1697004502092415,Medium Risk,Manual Review,757
1,0.21512494831573128,High Risk,Manual Review,732
0,0.2709966880997603,High Risk,Reject,701
0,0.02540439984566808,Very Low Risk,Approve,836
0,0.1953773088795884,Medium Risk,Manual Review,743
0,0.09240495323849524,Low Risk,Approve,799
0,0.23582116782273277,High Risk,Manual Review,720
0,0.1835243103246765,Medium Risk,Manual Review,749
0,0.4814550765919754,Very High Risk,Reject,585
0,0.1103752110678477,Low Risk,Manual Review,789
1,0.3084864675414377,High Risk,Reject,680
0,0.32416204572306306,Very High Risk,Reject,672
1,0.3634180538309288,Very High Risk,Reject,650
0,0.5002948790264582,Very High Risk,Reject,575
0,0.023171396653583996,Very Low Risk,Approve,837
0,0.08214949894512023,Very Low Risk,Approve,805
0,0.08837393850662367,Low Risk,Approve,801
0,0.17455698516633722,Medium Risk,Manual Review,754
0,0.07016728352814855,Very Low Risk,Approve,811
1,0.3784761512314583,Very High Risk,Reject,642
0,0.15910258316786016,Medium Risk,Manual Review,762
0,0.0906151704226297,Low Risk,Approve,800
0,0.5181405631797595,Very High Risk,Reject,565
0,0.14574380735013742,Low Risk,Manual Review,770
0,0.12449494000494618,Low Risk,Manual Review,782
0,0.05659917123481846,Very Low Risk,Approve,819
0,0.2489055946724575,High Risk,Manual Review,713
0,0.32848476317215103,Very High Risk,Reject,669
1,0.35383048166901865,Very High Risk,Reject,655
0,0.12223622567465225,Low Risk,Manual Review,783
0,0.11524053454584873,Low Risk,Manual Review,787
0,0.37918805755096513,Very High Risk,Reject,641
1,0.2650351243710329,High Risk,Reject,704
0,0.051152433430723634,Very Low Risk,Approve,822
0,0.13200673041529953,Low Risk,Manual Review,777
1,0.06084198120827341,Very Low Risk,Approve,817
0,0.2779101913845818,High Risk,Reject,697
0,0.20030585532992126,Medium Risk,Manual Review,740
0,0.5381904398877625,Very High Risk,Reject,554
0,0.36032352741394635,Very High Risk,Reject,652
0,0.0921870867011633,Low Risk,Approve,799
0,0.09452665337839264,Low Risk,Approve,798
0,0.26931515234803327,High Risk,Reject,702
0,0.2869266848261609,High Risk,Reject,692
0,0.1260264065438374,Low Risk,Manual Review,781
0,0.04686453971048821,Very Low Risk,Approve,824
1,0.0447548922917796,Very Low Risk,Approve,825
0,0.5793558607412587,Very High Risk,Reject,531
0,0.13950757222247145,Low Risk,Manual Review,773
0,0.057419258097463635,Very Low Risk,Approve,818
0,0.42296432747399304,Very High Risk,Reject,617
1,0.2555215703452658,High Risk,Reject,709
0,0.046373402076382526,Very Low Risk,Approve,824
0,0.0782893908515517,Very Low Risk,Approve,807
0,0.2957041469769957,High Risk,Reject,687
0,0.27078057397692523,High Risk,Reject,701
0,0.23968810689003445,High Risk,Manual Review,718
0,0.5786684014425556,Very High Risk,Reject,532
1,0.3792773286033852,Very High Risk,Reject,641
0,0.18951293220050242,Medium Risk,Manual Review,746
0,0.21629653925906034,High Risk,Manual Review,731
0,0.19398215220812207,Medium Risk,Manual Review,743
0,0.36315994457083456,Very High Risk,Reject,650
0,0.09296012310116511,Low Risk,Approve,799
0,0.11120145291785005,Low Risk,Manual Review,789
0,0.034557872902754805,Very Low Risk,Approve,831
1,0.14477611662839945,Low Risk,Manual Review,770
0,0.038106488426631474,Very Low Risk,Approve,829
1,0.21838365325510306,High Risk,Manual Review,730
0,0.02258116474606903,Very Low Risk,Approve,838
0,0.2775803352145366,High Risk,Reject,697
0,0.24901220273529093,High Risk,Manual Review,713
0,0.2300967429460893,High Risk,Manual Review,723
0,0.26602333007912543,High Risk,Reject,704
0,0.08306702524856274,Very Low Risk,Approve,804
1,0.46730473018436397,Very High Risk,Reject,593
0,0.11693774553801663,Low Risk,Manual Review,786
0,0.10402764570558103,Low Risk,Manual Review,793
0,0.16262925273813308,Medium Risk,Manual Review,761
0,0.1676225275812359,Medium Risk,Manual Review,758
1,0.3881699521175106,Very High Risk,Reject,637
0,0.08715200986753681,Low Risk,Approve,802
0,0.13403725600357283,Low Risk,Manual Review,776
0,0.25866243644305675,High Risk,Reject,708
0,0.25052005458442,High Risk,Reject,712
0,0.44056864908783366,Very High Risk,Reject,608
0,0.25982160572964014,High Risk,Reject,707
0,0.14073430573279536,Low Risk,Manual Review,773
1,0.10981293518110666,Low Risk,Manual Review,790
1,0.1518554481243653,Medium Risk,Manual Review,766
0,0.02569474807042774,Very Low Risk,Approve,836
1,0.4294387342427685,Very High Risk,Reject,614
1,0.07650723606994995,Very Low Risk,Approve,808
0,0.09146192598026592,Low Risk,Approve,800
0,0.17950658201279476,Medium Risk,Manual Review,751
0,0.29527312966606517,High Risk,Reject,688
0,0.5052716896574571,Very High Risk,Reject,572
1,0.12507292015287852,Low Risk,Manual Review,781
0,0.039890129810988925,Very Low Risk,Approve,828
0,0.09254020839621344,Low Risk,Approve,799
0,0.062482000037394514,Very Low Risk,Approve,816
1,0.1487888549819685,Medium Risk,Manual Review,768
0,0.4134589380724913,Very High Risk,Reject,623
1,0.5014871213903345,Very High Risk,Reject,574
0,0.07019269666318113,Very Low Risk,Approve,811
0,0.19753438255216743,Medium Risk,Manual Review,741
0,0.4151558887642796,Very High Risk,Reject,622
0,0.3242809786822266,Very High Risk,Reject,672
0,0.05620925839284541,Very Low Risk,Approve,819
0,0.19909385032816349,Medium Risk,Manual Review,740
0,0.36806638665055663,Very High Risk,Reject,648
0,0.21895143849352475,High Risk,Manual Review,730
0,0.2421600196267823,High Risk,Manual Review,717
0,0.10592506361678981,Low Risk,Manual Review,792
0,0.2587699161405694,High Risk,Reject,708
0,0.5101312111651669,Very High Risk,Reject,569
0,0.3573915293132507,Very High Risk,Reject,653
0,0.0995348420348701,Low Risk,Approve,795
1,0.06953765827661444,Very Low Risk,Approve,812
0,0.20059800490616292,Medium Risk,Manual Review,740
0,0.11837235853049985,Low Risk,Manual Review,785
1,0.3567558703839606,Very High Risk,Reject,654
0,0.03824418405243443,Very Low Risk,Approve,829
0,0.11333414133466733,Low Risk,Manual Review,788
0,0.09754491190478021,Low Risk,Approve,796
0,0.10124677264388407,Low Risk,Manual Review,794
0,0.33478819434848295,Very High Risk,Reject,666
1,0.19759207291140735,Medium Risk,Manual Review,741
0,0.33639500037235653,Very High Risk,Reject,665
0,0.08338386621428878,Very Low Risk,Approve,804
0,0.3240881237911562,Very High Risk,Reject,672
0,0.5722897088478318,Very High Risk,Reject,535
0,0.05370872427232624,Very Low Risk,Approve,820
1,0.5575415339393109,Very High Risk,Reject,543
0,0.2047185336275758,Medium Risk,Manual Review,737
0,0.18859586053150518,Medium Risk,Manual Review,746
0,0.07866086310263293,Very Low Risk,Approve,807
0,0.03215293553670943,Very Low Risk,Approve,832
0,0.17473580536461897,Medium Risk,Manual Review,754
0,0.03533433298595882,Very Low Risk,Approve,831
0,0.15647574424552807,Medium Risk,Manual Review,764
0,0.22409134967928443,High Risk,Manual Review,727
0,0.07298789954050687,Very Low Risk,Approve,810
0,0.233538209030866,High Risk,Manual Review,722
0,0.2173928238656298,High Risk,Manual Review,730
0,0.1769538090209049,Medium Risk,Manual Review,753
0,0.23350181617730767,High Risk,Manual Review,722
0,0.18067174052012475,Medium Risk,Manual Review,751
0,0.2119299378680339,Medium Risk,Manual Review,733
0,0.1323547748968188,Low Risk,Manual Review,777
0,0.09185560282109213,Low Risk,Approve,799
0,0.15186392156070522,Medium Risk,Manual Review,766
1,0.3435351080212282,Very High Risk,Reject,661
0,0.22164408668911773,High Risk,Manual Review,728
0,0.18793254347847788,Medium Risk,Manual Review,747
0,0.2594548470717229,High Risk,Reject,707
0,0.0726881953749177,Very Low Risk,Approve,810
0,0.33674194602893737,Very High Risk,Reject,665
1,0.25179408038375695,High Risk,Reject,712
0,0.05540650525387816,Very Low Risk,Approve,820
0,0.1939885197973628,Medium Risk,Manual Review,743
0,0.20544731933800622,Medium Risk,Manual Review,737
0,0.1399932607538121,Low Risk,Manual Review,773
1,0.5175110224667888,Very High Risk,Reject,565
1,0.3579404539310706,Very High Risk,Reject,653
1,0.20459340940577608,Medium Risk,Manual Review,737
0,0.12951807208237723,Low Risk,Manual Review,779
0,0.45922583765865027,Very High Risk,Reject,597
0,0.16760187276604857,Medium Risk,Manual Review,758
0,0.037793443470473115,Very Low Risk,Approve,829
0,0.24685823743904198,High Risk,Manual Review,714
0,0.13014754724050664,Low Risk,Manual Review,778
0,0.1475188961597568,Medium Risk,Manual Review,769
0,0.06429370016584686,Very Low Risk,Approve,815
0,0.34689739241780876,Very High Risk,Reject,659
1,0.37497168331082303,Very High Risk,Reject,644
1,0.16295447823915535,Medium Risk,Manual Review,760
0,0.03462553194884203,Very Low Risk,Approve,831
0,0.33792986196657676,Very High Risk,Reject,664
0,0.3959727084123028,Very High Risk,Reject,632
0,0.592378200675577,Very High Risk,Reject,524
0,0.08089544184185658,Very Low Risk,Approve,806
0,0.10327019042352324,Low Risk,Manual Review,793
0,0.5755238571204383,Very High Risk,Reject,533
0,0.1376065863180792,Low Risk,Manual Review,774
1,0.1594964280408178,Medium Risk,Manual Review,762
0,0.13159512705179924,Low Risk,Manual Review,778
0,0.17422419896621055,Medium Risk,Manual Review,754
0,0.47284166916732123,Very High Risk,Reject,590
0,0.19821580054709498,Medium Risk,Manual Review,741
0,0.36314235800134365,Very High Risk,Reject,650
1,0.2696244206816478,High Risk,Reject,702
0,0.23282621411027044,High Risk,Manual Review,722
0,0.306253251731257,High Risk,Reject,682
1,0.15909764833214382,Medium Risk,Manual Review,762
0,0.048478705982104964,Very Low Risk,Approve,823
1,0.4544908500324764,Very High Risk,Reject,600
1,0.08949467344625178,Low Risk,Approve,801
0,0.1419761535270158,Low Risk,Manual Review,772
0,0.08859194425476882,Low Risk,Approve,801
0,0.03668691553834926,Very Low Risk,Approve,830
0,0.14892461195200576,Medium Risk,Manual Review,768
0,0.2529231276380462,High Risk,Reject,711
0,0.07300497058099602,Very Low Risk,Approve,810
0,0.12182103499565312,Low Risk,Manual Review,783
0,0.13658671738867734,Low Risk,Manual Review,775
0,0.07077813924869826,Very Low Risk,Approve,811
0,0.33304209227333986,Very High Risk,Reject,667
0,0.1892396715650525,Medium Risk,Manual Review,746
0,0.1817424952127887,Medium Risk,Manual Review,750
0,0.3749435620577746,Very High Risk,Reject,644
0,0.19933655132887437,Medium Risk,Manual Review,740
0,0.32135795702320696,Very High Risk,Reject,673
0,0.05178982698915909,Very Low Risk,Approve,822
1,0.49567524421655207,Very High Risk,Reject,577
0,0.07777752079120892,Very Low Risk,Approve,807
0,0.0924233083998986,Low Risk,Approve,799
0,0.1892798061127563,Medium Risk,Manual Review,746
0,0.13287846416749435,Low Risk,Manual Review,777
0,0.11244417539285471,Low Risk,Manual Review,788
0,0.47118913494359965,Very High Risk,Reject,591
0,0.045913373138858654,Very Low Risk,Approve,825
0,0.1733677459042871,Medium Risk,Manual Review,755
1,0.2978441450518653,High Risk,Reject,686
0,0.3400507673619552,Very High Risk,Reject,663
0,0.1535042021621028,Medium Risk,Manual Review,766
0,0.059929312532371444,Very Low Risk,Approve,817
0,0.20238023473360325,Medium Risk,Manual Review,739
1,0.14168893617017517,Low Risk,Manual Review,772
1,0.19779441545467158,Medium Risk,Manual Review,741
0,0.07056042485455234,Very Low Risk,Approve,811
0,0.26174494521341907,High Risk,Reject,706
1,0.40329190914532553,Very High Risk,Reject,628
0,0.276424901457422,High Risk,Reject,698
0,0.26972177766532274,High Risk,Reject,702
0,0.17705013564026897,Medium Risk,Manual Review,753
0,0.16167274609675383,Medium Risk,Manual Review,761
0,0.11544717122582347,Low Risk,Manual Review,787
0,0.31992959511680213,Very High Risk,Reject,674
1,0.36633346285174784,Very High Risk,Reject,649
0,0.0976125046300585,Low Risk,Approve,796
0,0.270150784175773,High Risk,Reject,701
0,0.2754014299935223,High Risk,Reject,699
0,0.4825824581873276,Very High Risk,Reject,585
0,0.08391048092975115,Very Low Risk,Approve,804
0,0.3407354519359863,Very High Risk,Reject,663
0,0.3027169729629114,High Risk,Reject,684
1,0.36279965350014065,Very High Risk,Reject,650
0,0.039642248031118994,Very Low Risk,Approve,828
0,0.1029650665809406,Low Risk,Manual Review,793
0,0.13200400022983097,Low Risk,Manual Review,777
0,0.2219974033283331,High Risk,Manual Review,728
1,0.4364565875909685,Very High Risk,Reject,610
1,0.49446975404472004,Very High Risk,Reject,578
0,0.10440945149105499,Low Risk,Manual Review,793
0,0.09759913102959909,Low Risk,Approve,796
0,0.08640563852182387,Very Low Risk,Approve,802
0,0.13138076149647654,Low Risk,Manual Review,778
0,0.06584230152906138,Very Low Risk,Approve,814
0,0.2343421600890868,High Risk,Manual Review,721
0,0.046871745977270673,Very Low Risk,Approve,824
0,0.33994504902392625,Very High Risk,Reject,663
0,0.11956607191794821,Low Risk,Manual Review,784
1,0.39003528244486124,Very High Risk,Reject,635
0,0.16403869863710516,Medium Risk,Manual Review,760
0,0.21431860845239228,High Risk,Manual Review,732
1,0.32225594868061963,Very High Risk,Reject,673
1,0.16836954962480144,Medium Risk,Manual Review,757
0,0.19836246230860355,Medium Risk,Manual Review,741
0,0.048859828484230046,Very Low Risk,Approve,823
0,0.200704087431348,Medium Risk,Manual Review,740
0,0.24367390187460394,High Risk,Manual Review,716
0,0.381292548516972,Very High Risk,Reject,640
0,0.030789722093456404,Very Low Risk,Approve,833
0,0.05961378799112045,Very Low Risk,Approve,817
0,0.1945029223252442,Medium Risk,Manual Review,743
1,0.1253238729191451,Low Risk,Manual Review,781
1,0.13568160892277645,Low Risk,Manual Review,775
0,0.10738979335117416,Low Risk,Manual Review,791
0,0.04159866554564003,Very Low Risk,Approve,827
0,0.07458325592568328,Very Low Risk,Approve,809
0,0.247600248387795,High Risk,Manual Review,714
0,0.18909908276962387,Medium Risk,Manual Review,746
0,0.10079364220659365,Low Risk,Manual Review,795
0,0.18533505046104107,Medium Risk,Manual Review,748
0,0.4288141945593385,Very High Risk,Reject,614
0,0.20249142334386297,Medium Risk,Manual Review,739
0,0.1310451778747375,Low Risk,Manual Review,778
1,0.1625372546135178,Medium Risk,Manual Review,761
1,0.16110040977782955,Medium Risk,Manual Review,761
1,0.5097360437161835,Very High Risk,Reject,570
1,0.04100203851779663,Very Low Risk,Approve,827
0,0.04393155862968973,Very Low Risk,Approve,826
0,0.3714338270603641,Very High Risk,Reject,646
0,0.04467678186343808,Very Low Risk,Approve,825
0,0.02890668979255487,Very Low Risk,Approve,834
1,0.2233035943038664,High Risk,Manual Review,727
0,0.12386975567654988,Low Risk,Manual Review,782
0,0.11495098587195866,Low Risk,Manual Review,787
0,0.21365787724872679,High Risk,Manual Review,732
0,0.024377114908534923,Very Low Risk,Approve,837
0,0.3576628243782243,Very High Risk,Reject,653
0,0.044585745300401484,Very Low Risk,Approve,825
0,0.2003545509075223,Medium Risk,Manual Review,740
0,0.3025210697896594,High Risk,Reject,684
0,0.10633123080347234,Low Risk,Manual Review,792
0,0.06714829306583289,Very Low Risk,Approve,813
0,0.11306276192017434,Low Risk,Manual Review,788
0,0.17132134540034016,Medium Risk,Manual Review,756
0,0.1089310131307824,Low Risk,Manual Review,790
0,0.6319831128511033,Very High Risk,Reject,502
1,0.4644322552103673,Very High Risk,Reject,595
0,0.2596315336884124,High Risk,Reject,707
1,0.24262527131675032,High Risk,Manual Review,717
0,0.5185388119421562,Very High Risk,Reject,565
0,0.4024565119330029,Very High Risk,Reject,629
0,0.4147632645390843,Very High Risk,Reject,622
0,0.05777817755844297,Very Low Risk,Approve,818
0,0.1824179917286797,Medium Risk,Manual Review,750
0,0.09236696749326621,Low Risk,Approve,799
0,0.033995933273485796,Very Low Risk,Approve,831
0,0.44032969137271677,Very High Risk,Reject,608
1,0.04131369541676379,Very Low Risk,Approve,827
0,0.07047037966269769,Very Low Risk,Approve,811
0,0.13782619280816685,Low Risk,Manual Review,774
0,0.07924887729925527,Very Low Risk,Approve,806
0,0.322451674008106,Very High Risk,Reject,673
0,0.16976046586328072,Medium Risk,Manual Review,757
0,0.07822196891084741,Very Low Risk,Approve,807
0,0.29118370645086855,High Risk,Reject,690
1,0.1967919913618767,Medium Risk,Manual Review,742
0,0.08985871843311351,Low Risk,Approve,801
1,0.453728662139401,Very High Risk,Reject,600
0,0.3290182857974617,Very High Risk,Reject,669
0,0.20911737503088548,Medium Risk,Manual Review,735
1,0.10003257762191303,Low Risk,Manual Review,795
0,0.32962621462810027,Very High Risk,Reject,669
0,0.09994941813519227,Low Risk,Approve,795
0,0.22096341550736734,High Risk,Manual Review,728
0,0.662510151698618,Very High Risk,Reject,486
1,0.06508284075452804,Very Low Risk,Approve,814
1,0.30866411783307884,High Risk,Reject,680
1,0.06064779942376495,Very Low Risk,Approve,817
0,0.0703555943716633,Very Low Risk,Approve,811
0,0.054596336134732436,Very Low Risk,Approve,820
0,0.16141097982520128,Medium Risk,Manual Review,761
0,0.03802076559059417,Very Low Risk,Approve,829
1,0.161750489975369,Medium Risk,Manual Review,761
0,0.04600126154536055,Very Low Risk,Approve,825
1,0.25305295105386366,High Risk,Reject,711
1,0.5141595141700034,Very High Risk,Reject,567
0,0.1408690175932134,Low Risk,Manual Review,773
0,0.024745869248981693,Very Low Risk,Approve,836
0,0.20809387739988308,Medium Risk,Manual Review,736
0,0.20776764492569075,Medium Risk,Manual Review,736
0,0.1969391933112801,Medium Risk,Manual Review,742
1,0.3942000787882361,Very High Risk,Reject,633
0,0.17890834123810007,Medium Risk,Manual Review,752
0,0.09144289389722614,Low Risk,Approve,800
1,0.25391580940541564,High Risk,Reject,710
0,0.05404347093711047,Very Low Risk,Approve,820
0,0.41005117830380833,Very High Risk,Reject,624
0,0.564679585798745,Very High Risk,Reject,539
0,0.21069105283681502,Medium Risk,Manual Review,734
0,0.12197646573458412,Low Risk,Manual Review,783
0,0.08605466292542627,Very Low Risk,Approve,803
1,0.2221044311807136,High Risk,Manual Review,728
0,0.38929569624310195,Very High Risk,Reject,636
1,0.37768512511815,Very High Risk,Reject,642
1,0.20802896008527894,Medium Risk,Manual Review,736
1,0.16027716623185898,Medium Risk,Manual Review,762
1,0.045046376678320704,Very Low Risk,Approve,825
0,0.043939967547569694,Very Low Risk,Approve,826
1,0.14131734811769736,Low Risk,Manual Review,772
0,0.31029889176131825,High Risk,Reject,679
0,0.11510680954971643,Low Risk,Manual Review,787
1,0.07612463467288495,Very Low Risk,Approve,808
0,0.25375168283230787,High Risk,Reject,710
0,0.13877907419833385,Low Risk,Manual Review,774
0,0.4091179840460184,Very High Risk,Reject,625
0,0.2271549617307248,High Risk,Manual Review,725
0,0.2766836301108726,High Risk,Reject,698
0,0.37813583873519757,Very High Risk,Reject,642
0,0.33286260005816387,Very High Risk,Reject,667
0,0.394293021295204,Very High Risk,Reject,633
0,0.040840293210458435,Very Low Risk,Approve,828
0,0.1349404118031908,Low Risk,Manual Review,776
0,0.07196860392898421,Very Low Risk,Approve,810
0,0.20644758267257723,Medium Risk,Manual Review,736
0,0.11519727805197796,Low Risk,Manual Review,787
0,0.0864638222487458,Very Low Risk,Approve,802
0,0.23836543223530493,High Risk,Manual Review,719
0,0.1486847070891711,Medium Risk,Manual Review,768
1,0.18664214058300246,Medium Risk,Manual Review,747
0,0.0652362501522417,Very Low Risk,Approve,814
0,0.058095334431185176,Very Low Risk,Approve,818
0,0.3129579448025561,Very High Risk,Reject,678
0,0.08534371667775172,Very Low Risk,Approve,803
0,0.05644067901172159,Very Low Risk,Approve,819
0,0.4636172469796839,Very High Risk,Reject,595
0,0.12156492854646338,Low Risk,Manual Review,783
0,0.03155224060874776,Very Low Risk,Approve,833
0,0.10630138191005341,Low Risk,Manual Review,792
0,0.3014091642599479,High Risk,Reject,684
0,0.12569185158940516,Low Risk,Manual Review,781
0,0.29184007229082304,High Risk,Reject,689
1,0.24193856551121656,High Risk,Manual Review,717
0,0.13724997535724245,Low Risk,Manual Review,775
0,0.24355176519615074,High Risk,Manual Review,716
0,0.028281429214685426,Very Low Risk,Approve,834
0,0.047021422415004864,Very Low Risk,Approve,824
0,0.266216139135258,High Risk,Reject,704
0,0.0688107716972066,Very Low Risk,Approve,812
0,0.21209771924061185,Medium Risk,Manual Review,733
0,0.27884970699602335,High Risk,Reject,697
1,0.5514411622403986,Very High Risk,Reject,547
0,0.23244871809174605,High Risk,Manual Review,722
0,0.1514818522410475,Medium Risk,Manual Review,767
0,0.060347073417429765,Very Low Risk,Approve,817
0,0.15936595557599645,Medium Risk,Manual Review,762
0,0.1194506241817583,Low Risk,Manual Review,784
0,0.07147692657590478,Very Low Risk,Approve,811
0,0.05804366366165189,Very Low Risk,Approve,818
0,0.49018883559432375,Very High Risk,Reject,580
1,0.23396601296902386,High Risk,Manual Review,721
1,0.06620725461585343,Very Low Risk,Approve,814
1,0.09564521674860486,Low Risk,Approve,797
0,0.3626098622795277,Very High Risk,Reject,651
0,0.10553922929811448,Low Risk,Manual Review,792
0,0.3963560277352504,Very High Risk,Reject,632
0,0.22682934112814349,High Risk,Manual Review,725
0,0.028954980819734206,Very Low Risk,Approve,834
1,0.23056627809182698,High Risk,Manual Review,723
1,0.14758218700161807,Medium Risk,Manual Review,769
0,0.34274197470787954,Very High Risk,Reject,661
0,0.15325013596272474,Medium Risk,Manual Review,766
1,0.4885720088280093,Very High Risk,Reject,581
0,0.22020120472303464,High Risk,Manual Review,729
1,0.3324337688037802,Very High Risk,Reject,667
0,0.06496253546595274,Very Low Risk,Approve,814
0,0.052548519157740274,Very Low Risk,Approve,821
1,0.1978281496973125,Medium Risk,Manual Review,741
1,0.22082327480412933,High Risk,Manual Review,729
0,0.031662587781557554,Very Low Risk,Approve,833
1,0.2115190501351931,Medium Risk,Manual Review,734
0,0.09928227244257501,Low Risk,Approve,795
0,0.10812512983595715,Low Risk,Manual Review,791
0,0.522129871944376,Very High Risk,Reject,563
0,0.2630251840703074,High Risk,Reject,705
0,0.177749422364059,Medium Risk,Manual Review,752
0,0.04024021127685467,Very Low Risk,Approve,828
0,0.04964138619249951,Very Low Risk,Approve,823
1,0.2685836838556215,High Risk,Reject,702
0,0.20700404272328762,Medium Risk,Manual Review,736
0,0.03136329453882257,Very Low Risk,Approve,833
1,0.3221902042549786,Very High Risk,Reject,673
0,0.1571605737473644,Medium Risk,Manual Review,764
0,0.11810235293050503,Low Risk,Manual Review,785
0,0.1168554380479274,Low Risk,Manual Review,786
0,0.2202534905704641,High Risk,Manual Review,729
1,0.2144501849938195,High Risk,Manual Review,732
0,0.3735257769753842,Very High Risk,Reject,645
0,0.20361743555592884,Medium Risk,Manual Review,738
0,0.5008041968763257,Very High Risk,Reject,575
0,0.11443512991109471,Low Risk,Manual Review,787
0,0.09962431754945145,Low Risk,Approve,795
0,0.17367849064076102,Medium Risk,Manual Review,754
0,0.08046695746545854,Very Low Risk,Approve,806
0,0.1498307593381049,Medium Risk,Manual Review,768
0,0.44400570985213733,Very High Risk,Reject,606
0,0.05934524872939087,Very Low Risk,Approve,817
0,0.12832199665779956,Low Risk,Manual Review,779
0,0.026707955540475083,Very Low Risk,Approve,835
0,0.1133234062935324,Low Risk,Manual Review,788
1,0.1398525495166112,Low Risk,Manual Review,773
1,0.2298657781559728,High Risk,Manual Review,724
0,0.12209388046924143,Low Risk,Manual Review,783
0,0.11660033843351156,Low Risk,Manual Review,786
0,0.34846385199184293,Very High Risk,Reject,658
0,0.032909549355790664,Very Low Risk,Approve,832
0,0.09356086529801538,Low Risk,Approve,799
0,0.11421807783322473,Low Risk,Manual Review,787
0,0.24581211640895914,High Risk,Manual Review,715
0,0.2302630717062357,High Risk,Manual Review,723
1,0.13358334570052363,Low Risk,Manual Review,777
0,0.1779620390396613,Medium Risk,Manual Review,752
0,0.13463985374670023,Low Risk,Manual Review,776
0,0.04775519954284239,Very Low Risk,Approve,824
0,0.18359867229925722,Medium Risk,Manual Review,749
1,0.5089247837939662,Very High Risk,Reject,570
0,0.2698147588190101,High Risk,Reject,702
0,0.224570471488924,High Risk,Manual Review,726
0,0.10577911629081155,Low Risk,Manual Review,792
0,0.10848573885372895,Low Risk,Manual Review,790
0,0.4596101744222985,Very High Risk,Reject,597
1,0.25977896220268865,High Risk,Reject,707
0,0.13840361746484287,Low Risk,Manual Review,774
0,0.20310056602273374,Medium Risk,Manual Review,738
0,0.049066237048131005,Very Low Risk,Approve,823
0,0.322191783953867,Very High Risk,Reject,673
0,0.10987498794093006,Low Risk,Manual Review,790
0,0.19360994759132627,Medium Risk,Manual Review,744
0,0.041039874007860674,Very Low Risk,Approve,827
0,0.21972721159671116,High Risk,Manual Review,729
0,0.2606083296943167,High Risk,Reject,707
0,0.3293389079578185,Very High Risk,Reject,669
0,0.04781074151922378,Very Low Risk,Approve,824
0,0.4131294209494228,Very High Risk,Reject,623
0,0.3207154805182569,Very High Risk,Reject,674
0,0.05832050766276738,Very Low Risk,Approve,818
0,0.13475900767617405,Low Risk,Manual Review,776
0,0.3326934857596245,Very High Risk,Reject,667
1,0.2402850249461756,High Risk,Manual Review,718
0,0.1621033397487158,Medium Risk,Manual Review,761
0,0.1253286745439434,Low Risk,Manual Review,781
0,0.048238046203995334,Very Low Risk,Approve,823
0,0.1683052264272753,Medium Risk,Manual Review,757
0,0.21492709613141295,High Risk,Manual Review,732
0,0.3774538065608143,Very High Risk,Reject,642
0,0.28075621841444065,High Risk,Reject,696
0,0.15446367315468393,Medium Risk,Manual Review,765
0,0.04891452560086467,Very Low Risk,Approve,823
0,0.029374616144117415,Very Low Risk,Approve,834
0,0.16474393595834416,Medium Risk,Manual Review,759
0,0.43664616274931756,Very High Risk,Reject,610
0,0.22970213257452352,High Risk,Manual Review,724
0,0.18020078381819538,Medium Risk,Manual Review,751
0,0.24774837185236237,High Risk,Manual Review,714
1,0.24735354432150577,High Risk,Manual Review,714
1,0.49978927009907564,Very High Risk,Reject,575
1,0.23102049753471413,High Risk,Manual Review,723
0,0.15731785836789267,Medium Risk,Manual Review,763
0,0.2662635310997868,High Risk,Reject,704
0,0.3190960690940029,Very High Risk,Reject,674
0,0.25049652739861994,High Risk,Reject,712
0,0.4353944614742777,Very High Risk,Reject,611
1,0.3718154411762241,Very High Risk,Reject,646
0,0.09783993339660317,Low Risk,Approve,796
0,0.09358202752840596,Low Risk,Approve,799
0,0.31788056382451585,Very High Risk,Reject,675
0,0.09293981055202197,Low Risk,Approve,799
0,0.18642090985943952,Medium Risk,Manual Review,747
0,0.17095465781489408,Medium Risk,Manual Review,756
1,0.2366372622963995,High Risk,Manual Review,720
1,0.3563107224283814,Very High Risk,Reject,654
0,0.0977648847782703,Low Risk,Approve,796
0,0.15260271497282657,Medium Risk,Manual Review,766
1,0.26978643554790094,High Risk,Reject,702
0,0.23542782116417885,High Risk,Manual Review,721
0,0.2657182761888163,High Risk,Reject,704
0,0.09875274592112018,Low Risk,Approve,796
0,0.16444245743003794,Medium Risk,Manual Review,760
0,0.12500338185624202,Low Risk,Manual Review,781
0,0.12102120885080828,Low Risk,Manual Review,783
0,0.10454483747390216,Low Risk,Manual Review,793
0,0.0695134511787868,Very Low Risk,Approve,812
1,0.0709675820123055,Very Low Risk,Approve,811
0,0.41962413028968437,Very High Risk,Reject,619
0,0.3039048207808848,High Risk,Reject,683
0,0.24180278478251516,High Risk,Manual Review,717
0,0.08575072627774319,Very Low Risk,Approve,803
0,0.3171470437422264,Very High Risk,Reject,676
0,0.16269437629604824,Medium Risk,Manual Review,761
1,0.33162819664811016,Very High Risk,Reject,668
0,0.16502823517445292,Medium Risk,Manual Review,759
0,0.4004423812607853,Very High Risk,Reject,630
0,0.18154713492153987,Medium Risk,Manual Review,750
1,0.4032379451790129,Very High Risk,Reject,628
0,0.07115884515382187,Very Low Risk,Approve,811
1,0.1961381748376074,Medium Risk,Manual Review,742
0,0.27935259628270215,High Risk,Reject,696
0,0.2104687323054037,Medium Risk,Manual Review,734
0,0.22577464388532656,High Risk,Manual Review,726
0,0.34827337312900936,Very High Risk,Reject,658
0,0.07543677912336186,Very Low Risk,Approve,809
0,0.06243979214865726,Very Low Risk,Approve,816
0,0.12549741014945937,Low Risk,Manual Review,781
1,0.11119295284560488,Low Risk,Manual Review,789
0,0.04552396141214315,Very Low Risk,Approve,825
0,0.060162080292189245,Very Low Risk,Approve,817
0,0.0480068154939478,Very Low Risk,Approve,824
1,0.38721711307379464,Very High Risk,Reject,637
0,0.16594052834142203,Medium Risk,Manual Review,759
0,0.3190475636981752,Very High Risk,Reject,675
0,0.24957128003818865,High Risk,Manual Review,713
1,0.3042234475649164,High Risk,Reject,683
0,0.05221540186624282,Very Low Risk,Approve,821
0,0.24093784046272504,High Risk,Manual Review,717
0,0.23529056500520165,High Risk,Manual Review,721
0,0.12467156158678881,Low Risk,Manual Review,781
0,0.12354895481219073,Low Risk,Manual Review,782
0,0.21828698296040097,High Risk,Manual Review,730
0,0.2244418786070704,High Risk,Manual Review,727
0,0.0975868819026884,Low Risk,Approve,796
0,0.17397106281670105,Medium Risk,Manual Review,754
1,0.14121885192329117,Low Risk,Manual Review,772
0,0.3585357799171527,Very High Risk,Reject,653
1,0.14680912262682766,Medium Risk,Manual Review,769
0,0.47425239881651243,Very High Risk,Reject,589
0,0.18042547123370448,Medium Risk,Manual Review,751
1,0.37434448791144115,Very High Risk,Reject,644
0,0.2881286954844889,High Risk,Reject,692
0,0.26719553120884104,High Risk,Reject,703
0,0.08463203616248678,Very Low Risk,Approve,803
0,0.09317332586455324,Low Risk,Approve,799
0,0.1309278015024939,Low Risk,Manual Review,778
0,0.2675429798577653,High Risk,Reject,703
1,0.3586416559837251,Very High Risk,Reject,653
1,0.17664083021084973,Medium Risk,Manual Review,753
0,0.24328005930269123,High Risk,Manual Review,716
0,0.27447294662193583,High Risk,Reject,699
0,0.24962529468449718,High Risk,Manual Review,713
0,0.3078613236499956,High Risk,Reject,681
0,0.18562195608913024,Medium Risk,Manual Review,748
1,0.2675491093522999,High Risk,Reject,703
0,0.14498288711314294,Low Risk,Manual Review,770
0,0.23245300260229454,High Risk,Manual Review,722
0,0.056936691013083136,Very Low Risk,Approve,819
0,0.15315483043755077,Medium Risk,Manual Review,766
1,0.37560189721902487,Very High Risk,Reject,643
0,0.1905902813863229,Medium Risk,Manual Review,745
0,0.3727863705242736,Very High Risk,Reject,645
1,0.21853895420010244,High Risk,Manual Review,730
1,0.5545169508922537,Very High Risk,Reject,545
0,0.4379782544239525,Very High Risk,Reject,609
0,0.06446878690228226,Very Low Risk,Approve,815
0,0.07852356133817204,Very Low Risk,Approve,807
0,0.10281522035575727,Low Risk,Manual Review,793
0,0.0459863155946014,Very Low Risk,Approve,825
0,0.497244240303394,Very High Risk,Reject,577
0,0.04434375459062227,Very Low Risk,Approve,826
1,0.3611266481312017,Very High Risk,Reject,651
1,0.23818850933592378,High Risk,Manual Review,719
0,0.13276197167474643,Low Risk,Manual Review,777
0,0.6185437631256888,Very High Risk,Reject,510
0,0.30377839534593404,High Risk,Reject,683
0,0.06653401320312974,Very Low Risk,Approve,813
0,0.26210177284334013,High Risk,Reject,706
0,0.29349515355680045,High Risk,Reject,689
0,0.07372461808653602,Very Low Risk,Approve,809
0,0.37235182793681754,Very High Risk,Reject,645
0,0.27243141035297613,High Risk,Reject,700
0,0.18492461516394756,Medium Risk,Manual Review,748
0,0.08773543015628484,Low Risk,Approve,802
0,0.24018252978668647,High Risk,Manual Review,718
0,0.05712142647350366,Very Low Risk,Approve,819
0,0.36852778381070683,Very High Risk,Reject,647
0,0.13742332592231946,Low Risk,Manual Review,774
1,0.15655847243763832,Medium Risk,Manual Review,764
0,0.15991108263814785,Medium Risk,Manual Review,762
0,0.08301747594550027,Very Low Risk,Approve,804
0,0.11821290937913481,Low Risk,Manual Review,785
0,0.15544209586942898,Medium Risk,Manual Review,765
0,0.04907209978183105,Very Low Risk,Approve,823
1,0.36949243921827896,Very High Risk,Reject,647
0,0.36284735106895394,Very High Risk,Reject,650
1,0.21001070564859717,Medium Risk,Manual Review,734
1,0.3764535232138534,Very High Risk,Reject,643
0,0.2079797443090055,Medium Risk,Manual Review,736
0,0.29865028702936475,High Risk,Reject,686
0,0.5032211379759182,Very High Risk,Reject,573
0,0.28174263650880077,High Risk,Reject,695
0,0.1257715734872901,Low Risk,Manual Review,781
0,0.09172013544131129,Low Risk,Approve,800
0,0.29379711624415084,High Risk,Reject,688
0,0.21059777442065503,Medium Risk,Manual Review,734
0,0.16942671956500785,Medium Risk,Manual Review,757
0,0.09875409483164271,Low Risk,Approve,796
0,0.3184557940594909,Very High Risk,Reject,675
0,0.32897053671588966,Very High Risk,Reject,669
1,0.32639328189145056,Very High Risk,Reject,670
1,0.23224448354241484,High Risk,Manual Review,722
0,0.0494169647745082,Very Low Risk,Approve,823
1,0.1473585724703425,Medium Risk,Manual Review,769
1,0.527109342377044,Very High Risk,Reject,560
0,0.035850150338515414,Very Low Risk,Approve,830
0,0.4008175927692686,Very High Risk,Reject,630
0,0.26036668453485967,High Risk,Reject,707
1,0.43867933301787915,Very High Risk,Reject,609
0,0.05292998757928765,Very Low Risk,Approve,821
0,0.2200831541681816,High Risk,Manual Review,729
0,0.48376163378572246,Very High Risk,Reject,584
0,0.5286226176701894,Very High Risk,Reject,559
0,0.03547045023728605,Very Low Risk,Approve,830
0,0.1493836540376516,Medium Risk,Manual Review,768
0,0.29533502634234327,High Risk,Reject,688
1,0.5421962674324898,Very High Risk,Reject,552
0,0.18202289290931817,Medium Risk,Manual Review,750
0,0.15792892683653642,Medium Risk,Manual Review,763
0,0.051507891663240976,Very Low Risk,Approve,822
1,0.37538944786215067,Very High Risk,Reject,644
0,0.036984732346279456,Very Low Risk,Approve,830
0,0.14825451702044398,Medium Risk,Manual Review,768
0,0.10266507970059666,Low Risk,Manual Review,794
0,0.0751997622642622,Very Low Risk,Approve,809
0,0.4715356160983014,Very High Risk,Reject,591
0,0.13506998179899013,Low Risk,Manual Review,776
0,0.1247152414065057,Low Risk,Manual Review,781
0,0.0592707767592529,Very Low Risk,Approve,817
0,0.27806836917824124,High Risk,Reject,697
0,0.2801514171375959,High Risk,Reject,696
0,0.0430150647747294,Very Low Risk,Approve,826
0,0.17732672239891345,Medium Risk,Manual Review,752
0,0.12591429200388246,Low Risk,Manual Review,781
0,0.10685740042880068,Low Risk,Manual Review,791
0,0.146458428866209,Medium Risk,Manual Review,769
1,0.284767039056222,High Risk,Reject,693
1,0.3341875097748132,Very High Risk,Reject,666
1,0.39663742980822475,Very High Risk,Reject,632
0,0.05063619344466814,Very Low Risk,Approve,822
0,0.17045623735509902,Medium Risk,Manual Review,756
0,0.02546451034119445,Very Low Risk,Approve,836
0,0.19468900201554615,Medium Risk,Manual Review,743
0,0.10052809765342116,Low Risk,Manual Review,795
0,0.14042497064595683,Low Risk,Manual Review,773
0,0.3192511858705358,Very High Risk,Reject,674
0,0.11383405857246544,Low Risk,Manual Review,787
0,0.28177822396981106,High Risk,Reject,695
1,0.17665711079468402,Medium Risk,Manual Review,753
1,0.4229489502600952,Very High Risk,Reject,617
0,0.1711361300762279,Medium Risk,Manual Review,756
1,0.23833760559357586,High Risk,Manual Review,719
0,0.07486769078290174,Very Low Risk,Approve,809
0,0.24482755651191504,High Risk,Manual Review,715
0,0.2538758583037553,High Risk,Reject,710
1,0.34153565458153845,Very High Risk,Reject,662
0,0.3382135970191743,Very High Risk,Reject,664
1,0.2644514881667604,High Risk,Reject,705
0,0.3350206852625206,Very High Risk,Reject,666
1,0.2916756593719835,High Risk,Reject,690
0,0.38975061309287445,Very High Risk,Reject,636
1,0.0875419087995274,Low Risk,Approve,802
0,0.5531572932553678,Very High Risk,Reject,546
0,0.15817185494348007,Medium Risk,Manual Review,763
0,0.22060919192593875,High Risk,Manual Review,729
0,0.3253260227028632,Very High Risk,Reject,671
0,0.19993319357445918,Medium Risk,Manual Review,740
0,0.44767754095494505,Very High Risk,Reject,604
0,0.21148275142736989,Medium Risk,Manual Review,734
0,0.16507837241729553,Medium Risk,Manual Review,759
0,0.10102119378391221,Low Risk,Manual Review,794
0,0.11902215726831673,Low Risk,Manual Review,785
0,0.11778117017086429,Low Risk,Manual Review,785
0,0.2430004819635203,High Risk,Manual Review,716
0,0.07583386912021578,Very Low Risk,Approve,808
0,0.27832944899152734,High Risk,Reject,697
0,0.3942914510787716,Very High Risk,Reject,633
1,0.3518769060123556,Very High Risk,Reject,656
0,0.39492177002252987,Very High Risk,Reject,633
0,0.3329462209125365,Very High Risk,Reject,667
0,0.2606622765741486,High Risk,Reject,707
1,0.19549015420026933,Medium Risk,Manual Review,742
1,0.13758266938768687,Low Risk,Manual Review,774
0,0.4349611082593806,Very High Risk,Reject,611
0,0.06011438779526666,Very Low Risk,Approve,817
1,0.27492833545708195,High Risk,Reject,699
1,0.07624704977685444,Very Low Risk,Approve,808
0,0.05523049375989634,Very Low Risk,Approve,820
0,0.3074429551937812,High Risk,Reject,681
1,0.19506136613980984,Medium Risk,Manual Review,743
0,0.12875033677883788,Low Risk,Manual Review,779
0,0.12893194992808524,Low Risk,Manual Review,779
0,0.2221712264397589,High Risk,Manual Review,728
0,0.2232713188985271,High Risk,Manual Review,727
0,0.16478541552893555,Medium Risk,Manual Review,759
0,0.14253817559287033,Low Risk,Manual Review,772
0,0.5117862226640727,Very High Risk,Reject,569
0,0.05724182487729054,Very Low Risk,Approve,819
0,0.03860495384981589,Very Low Risk,Approve,829
0,0.20199254829255642,Medium Risk,Manual Review,739
0,0.1976908588025196,Medium Risk,Manual Review,741
0,0.19804555096038834,Medium Risk,Manual Review,741
0,0.22481487854718082,High Risk,Manual Review,726
0,0.1066774055616518,Low Risk,Manual Review,791
0,0.035157936469129125,Very Low Risk,Approve,831
0,0.537983961416511,Very High Risk,Reject,554
0,0.20511229622893126,Medium Risk,Manual Review,737
0,0.36904546951593103,Very High Risk,Reject,647
1,0.16704390083878273,Medium Risk,Manual Review,758
0,0.09516499021975813,Low Risk,Approve,798
0,0.08344664565475306,Very Low Risk,Approve,804
0,0.13576563908786057,Low Risk,Manual Review,775
0,0.03744101033046087,Very Low Risk,Approve,829
0,0.2262050423007953,High Risk,Manual Review,726
0,0.37378549392455196,Very High Risk,Reject,644
0,0.04378651123581225,Very Low Risk,Approve,826
1,0.24280068409233563,High Risk,Manual Review,716
1,0.13011764738745307,Low Risk,Manual Review,778
1,0.38964947677269507,Very High Risk,Reject,636
1,0.11213829104623635,Low Risk,Manual Review,788
0,0.31445106578449683,Very High Risk,Reject,677
0,0.23814899609027387,High Risk,Manual Review,719
0,0.25466283974381165,High Risk,Reject,710
1,0.512261714101388,Very High Risk,Reject,568
0,0.06689880553102051,Very Low Risk,Approve,813
0,0.38070660395959455,Very High Risk,Reject,641
1,0.3109380182933424,High Risk,Reject,679
0,0.10919405644508581,Low Risk,Manual Review,790
1,0.0999007881276349,Low Risk,Approve,795
0,0.12633022683678743,Low Risk,Manual Review,781
0,0.23766618937309972,High Risk,Manual Review,719
1,0.09579644074259004,Low Risk,Approve,797
0,0.052840817038369445,Very Low Risk,Approve,821
0,0.13619982934566005,Low Risk,Manual Review,775
0,0.03653655973618701,Very Low Risk,Approve,830
0,0.2050816604171587,Medium Risk,Manual Review,737
1,0.3377932638886195,Very High Risk,Reject,664
0,0.17330865087929917,Medium Risk,Manual Review,755
0,0.14388834596270497,Low Risk,Manual Review,771
0,0.3423029940408318,Very High Risk,Reject,662
0,0.27260510144536815,High Risk,Reject,700
0,0.2104581821422911,Medium Risk,Manual Review,734
0,0.04266797858084597,Very Low Risk,Approve,827
0,0.0405397804325644,Very Low Risk,Approve,828
1,0.0641844082231504,Very Low Risk,Approve,815
0,0.13554219640312953,Low Risk,Manual Review,775
0,0.29408725457353846,High Risk,Reject,688
0,0.3463856605073244,Very High Risk,Reject,659
0,0.15390483156502757,Medium Risk,Manual Review,765
1,0.18866081710838936,Medium Risk,Manual Review,746
0,0.46747662407574647,Very High Risk,Reject,593
0,0.09792735042643143,Low Risk,Approve,796
0,0.30798955355546415,High Risk,Reject,681
1,0.14267653979968326,Low Risk,Manual Review,772
0,0.1037455396825594,Low Risk,Manual Review,793
1,0.32044916215939506,Very High Risk,Reject,674
1,0.20571336647387797,Medium Risk,Manual Review,737
0,0.1448800569229001,Low Risk,Manual Review,770
0,0.35675519442768605,Very High Risk,Reject,654
1,0.09647155530618741,Low Risk,Approve,797
0,0.05131102596732804,Very Low Risk,Approve,822
0,0.08678502176922623,Very Low Risk,Approve,802
0,0.043644032690534906,Very Low Risk,Approve,826
1,0.2580629352334049,High Risk,Reject,708
0,0.11339303886707809,Low Risk,Manual Review,788
0,0.1068883932712274,Low Risk,Manual Review,791
0,0.24713954621976267,High Risk,Manual Review,714
0,0.08877398922298047,Low Risk,Approve,801
1,0.29467259600853973,High Risk,Reject,688
1,0.12819028837051702,Low Risk,Manual Review,779
0,0.12792144337622602,Low Risk,Manual Review,780
0,0.14945983786432224,Medium Risk,Manual Review,768
0,0.20385672697011306,Medium Risk,Manual Review,738
1,0.10396581200278246,Low Risk,Manual Review,793
0,0.2530180530531999,High Risk,Reject,711
0,0.2616447392080804,High Risk,Reject,706
0,0.08490282141648069,Very Low Risk,Approve,803
0,0.3091190932575542,High Risk,Reject,680
0,0.17004113493991752,Medium Risk,Manual Review,756
0,0.3278443503002032,Very High Risk,Reject,670
0,0.18935732198301933,Medium Risk,Manual Review,746
0,0.10570264147223586,Low Risk,Manual Review,792
0,0.09157672312880966,Low Risk,Approve,800
0,0.251166886387519,High Risk,Reject,712
0,0.08126447308489343,Very Low Risk,Approve,805
0,0.3540410192133376,Very High Risk,Reject,655
1,0.3490840091356528,Very High Risk,Reject,658
0,0.17924601915896976,Medium Risk,Manual Review,751
0,0.07862743335368647,Very Low Risk,Approve,807
0,0.2194239197578987,High Risk,Manual Review,729
0,0.19028153128599473,Medium Risk,Manual Review,745
0,0.09132612826918944,Low Risk,Approve,800
0,0.06003965158955479,Very Low Risk,Approve,817
0,0.20585708599906424,Medium Risk,Manual Review,737
0,0.20429371634839716,Medium Risk,Manual Review,738
1,0.5249724460333502,Very High Risk,Reject,561
1,0.12376395712614144,Low Risk,Manual Review,782
0,0.4311174472511203,Very High Risk,Reject,613
0,0.061322243185246976,Very Low Risk,Approve,816
1,0.4669054735596562,Very High Risk,Reject,593
0,0.13592872392422134,Low Risk,Manual Review,775
0,0.331253047777378,Very High Risk,Reject,668
0,0.31026597058126903,High Risk,Reject,679
0,0.34290231779263536,Very High Risk,Reject,661
0,0.24332149338879866,High Risk,Manual Review,716
0,0.0358600086805085,Very Low Risk,Approve,830
0,0.06691108668930461,Very Low Risk,Approve,813
1,0.24561040229840883,High Risk,Manual Review,715
0,0.10556750536893693,Low Risk,Manual Review,792
0,0.14992434910986233,Medium Risk,Manual Review,768
0,0.19538412287200344,Medium Risk,Manual Review,743
0,0.07530719443694915,Very Low Risk,Approve,809
1,0.43510013621862526,Very High Risk,Reject,611
0,0.21945407105564307,High Risk,Manual Review,729
0,0.3084492061606465,High Risk,Reject,680
0,0.18261127059156987,Medium Risk,Manual Review,750
0,0.4059049368035577,Very High Risk,Reject,627
0,0.13104901851676456,Low Risk,Manual Review,778
1,0.5429432334922992,Very High Risk,Reject,551
0,0.3151611535489773,Very High Risk,Reject,677
1,0.15817316101245754,Medium Risk,Manual Review,763
0,0.26387360762582235,High Risk,Reject,705
0,0.0681498054601144,Very Low Risk,Approve,813
0,0.3561375424403429,Very High Risk,Reject,654
0,0.1869173016081116,Medium Risk,Manual Review,747
0,0.29481736838463835,High Risk,Reject,688
0,0.08681016819397452,Very Low Risk,Approve,802
0,0.4304129519367499,Very High Risk,Reject,613
0,0.12341899090175855,Low Risk,Manual Review,782
0,0.09515232627327733,Low Risk,Approve,798
1,0.5421353845230126,Very High Risk,Reject,552
0,0.33353248919913353,Very High Risk,Reject,667
0,0.07966785816213806,Very Low Risk,Approve,806
0,0.1776620716155042,Medium Risk,Manual Review,752
0,0.3057941064236009,High Risk,Reject,682
0,0.13124743833264466,Low Risk,Manual Review,778
1,0.322191915798547,Very High Risk,Reject,673
0,0.04661960688990224,Very Low Risk,Approve,824
0,0.23227607513370835,High Risk,Manual Review,722
0,0.3068849803415129,High Risk,Reject,681
0,0.06264771240654664,Very Low Risk,Approve,816
0,0.04634727701594391,Very Low Risk,Approve,825
0,0.272956956829744,High Risk,Reject,700
0,0.19789616787221617,Medium Risk,Manual Review,741
0,0.15341782073242732,Medium Risk,Manual Review,766
0,0.10210445017687948,Low Risk,Manual Review,794
0,0.2936258275112664,High Risk,Reject,689
0,0.10796638193538703,Low Risk,Manual Review,791
0,0.1303536611919162,Low Risk,Manual Review,778
0,0.055060524651034275,Very Low Risk,Approve,820
0,0.222747676969895,High Risk,Manual Review,727
0,0.42184948910375425,Very High Risk,Reject,618
0,0.3892913546073824,Very High Risk,Reject,636
1,0.1619116696461018,Medium Risk,Manual Review,761
0,0.4708331292783841,Very High Risk,Reject,591
0,0.1262270231710107,Low Risk,Manual Review,781
0,0.034717840804612106,Very Low Risk,Approve,831
0,0.09942778452822268,Low Risk,Approve,795
0,0.08295486068848619,Very Low Risk,Approve,804
0,0.05421947664896721,Very Low Risk,Approve,820
0,0.08952035432653739,Low Risk,Approve,801
0,0.03282987918618767,Very Low Risk,Approve,832
0,0.09349914524729593,Low Risk,Approve,799
0,0.22895565300024343,High Risk,Manual Review,724
0,0.2591671604892418,High Risk,Reject,707
1,0.2981928534505714,High Risk,Reject,686
0,0.1324621604275945,Low Risk,Manual Review,777
0,0.11430105937857396,Low Risk,Manual Review,787
0,0.1715735610547066,Medium Risk,Manual Review,756
0,0.0937222653699024,Low Risk,Approve,798
0,0.16417897715276164,Medium Risk,Manual Review,760
0,0.23721214621776462,High Risk,Manual Review,720
0,0.03186700204134989,Very Low Risk,Approve,832
0,0.07147508702293799,Very Low Risk,Approve,811
0,0.22407408691675104,High Risk,Manual Review,727
0,0.24040997434936653,High Risk,Manual Review,718
1,0.6226650496577945,Very High Risk,Reject,508
0,0.03973958792761058,Very Low Risk,Approve,828
1,0.15809856110338086,Medium Risk,Manual Review,763
0,0.09235307236483453,Low Risk,Approve,799
1,0.5258317489415771,Very High Risk,Reject,561
0,0.43611858900260597,Very High Risk,Reject,610
0,0.14506779905622313,Low Risk,Manual Review,770
0,0.2272706617881024,High Risk,Manual Review,725
1,0.0523298722385576,Very Low Risk,Approve,821
0,0.1852149235178809,Medium Risk,Manual Review,748
0,0.48655570683301014,Very High Risk,Reject,582
0,0.0709731512040322,Very Low Risk,Approve,811
1,0.24714473980364238,High Risk,Manual Review,714
0,0.1553702750822283,Medium Risk,Manual Review,765
0,0.12760851967044623,Low Risk,Manual Review,780
1,0.22040798713251966,High Risk,Manual Review,729
0,0.0958976974315296,Low Risk,Approve,797
0,0.17561473749086454,Medium Risk,Manual Review,753
0,0.1551359680918695,Medium Risk,Manual Review,765
0,0.06546978206568903,Very Low Risk,Approve,814
0,0.4402900985857293,Very High Risk,Reject,608
0,0.1748536262892758,Medium Risk,Manual Review,754
0,0.19546572632589299,Medium Risk,Manual Review,742
1,0.29215517509026445,High Risk,Reject,689
0,0.09000866595364333,Low Risk,Approve,800
1,0.4326842239433863,Very High Risk,Reject,612
1,0.20005883279271355,Medium Risk,Manual Review,740
0,0.1878701828974853,Medium Risk,Manual Review,747
0,0.10228322777164298,Low Risk,Manual Review,794
0,0.16065709182408283,Medium Risk,Manual Review,762
0,0.06736477754346794,Very Low Risk,Approve,813
0,0.18037116442726278,Medium Risk,Manual Review,751
1,0.2969978074616502,High Risk,Reject,687
0,0.547967486288064,Very High Risk,Reject,549
0,0.04693279267720308,Very Low Risk,Approve,824
0,0.1517767365863468,Medium Risk,Manual Review,767
0,0.19306729308536388,Medium Risk,Manual Review,744
1,0.3232440354590165,Very High Risk,Reject,672
1,0.10106095827205652,Low Risk,Manual Review,794
0,0.05428255134298166,Very Low Risk,Approve,820
1,0.3539853224796168,Very High Risk,Reject,655
1,0.21137466540949823,Medium Risk,Manual Review,734
1,0.13660846537942253,Low Risk,Manual Review,775
0,0.20949069589796449,Medium Risk,Manual Review,735
0,0.2184057580822441,High Risk,Manual Review,730
1,0.09300368734216993,Low Risk,Approve,799
1,0.3503855220244503,Very High Risk,Reject,657
1,0.24311178923702462,High Risk,Manual Review,716
0,0.21977332301421,High Risk,Manual Review,729
0,0.07565826857076849,Very Low Risk,Approve,808
0,0.08058101139168991,Very Low Risk,Approve,806
1,0.3332061237875949,Very High Risk,Reject,667
0,0.2809818045271404,High Risk,Reject,695
0,0.07388770083009721,Very Low Risk,Approve,809
0,0.23055968558215026,High Risk,Manual Review,723
0,0.0721956224135668,Very Low Risk,Approve,810
1,0.445090210289668,Very High Risk,Reject,605
0,0.28503476305551273,High Risk,Reject,693
0,0.04882992075498217,Very Low Risk,Approve,823
1,0.4354286463526227,Very High Risk,Reject,611
0,0.20740467463565435,Medium Risk,Manual Review,736
0,0.28024945849779026,High Risk,Reject,696
0,0.15052980391899654,Medium Risk,Manual Review,767
1,0.14211204777276062,Low Risk,Manual Review,772
0,0.26472502691452976,High Risk,Reject,704
0,0.16093561490351352,Medium Risk,Manual Review,761
0,0.1640011039674183,Medium Risk,Manual Review,760
0,0.2240673503140416,High Risk,Manual Review,727
0,0.12926602607157614,Low Risk,Manual Review,779
0,0.181350473528103,Medium Risk,Manual Review,750
0,0.07622836457418757,Very Low Risk,Approve,808
0,0.14165283645472157,Low Risk,Manual Review,772
0,0.07441912956109042,Very Low Risk,Approve,809
0,0.10313683415599638,Low Risk,Manual Review,793
1,0.28689954113702026,High Risk,Reject,692
0,0.395838574813237,Very High Risk,Reject,632
0,0.09505082133087012,Low Risk,Approve,798
1,0.08974029214799088,Low Risk,Approve,801
0,0.11396777505688462,Low Risk,Manual Review,787
0,0.06724509028766247,Very Low Risk,Approve,813
1,0.14678061464247666,Medium Risk,Manual Review,769
1,0.30092760982085953,High Risk,Reject,684
1,0.347525742419465,Very High Risk,Reject,659
0,0.15234148090528307,Medium Risk,Manual Review,766
0,0.14473351068760687,Low Risk,Manual Review,770
0,0.14523545349253378,Low Risk,Manual Review,770
0,0.21840997613486438,High Risk,Manual Review,730
0,0.12712323365986705,Low Risk,Manual Review,780
0,0.12331451440495707,Low Risk,Manual Review,782
0,0.17751591237620332,Medium Risk,Manual Review,752
0,0.4398398804510529,Very High Risk,Reject,608
0,0.1255408749366031,Low Risk,Manual Review,781
0,0.2864111586429955,High Risk,Reject,692
0,0.035365255306675336,Very Low Risk,Approve,831
1,0.33749448163763424,Very High Risk,Reject,664
1,0.05870075615722006,Very Low Risk,Approve,818
0,0.16821138726445722,Medium Risk,Manual Review,757
1,0.2899762722957199,High Risk,Reject,691
1,0.4882331337569833,Very High Risk,Reject,581
0,0.13341175326774135,Low Risk,Manual Review,777
0,0.2248409265365533,High Risk,Manual Review,726
0,0.2411475487859222,High Risk,Manual Review,717
0,0.21608664105567235,High Risk,Manual Review,731
0,0.09212198513854158,Low Risk,Approve,799
0,0.10587768853509696,Low Risk,Manual Review,792
0,0.03790036594289878,Very Low Risk,Approve,829
0,0.03288295172729061,Very Low Risk,Approve,832
0,0.1956572142823513,Medium Risk,Manual Review,742
0,0.10139541636931163,Low Risk,Manual Review,794
0,0.10243787153678532,Low Risk,Manual Review,794
0,0.057492757034947876,Very Low Risk,Approve,818
1,0.4553560576292674,Very High Risk,Reject,600
0,0.27855487995539474,High Risk,Reject,697
1,0.29139476492973376,High Risk,Reject,690
0,0.1664807245265973,Medium Risk,Manual Review,758
1,0.29732323012516765,High Risk,Reject,686
1,0.5511591884829626,Very High Risk,Reject,547
0,0.13371988552357317,Low Risk,Manual Review,776
0,0.2485009730183024,High Risk,Manual Review,713
0,0.16872864666371212,Medium Risk,Manual Review,757
0,0.18724671716645258,Medium Risk,Manual Review,747
1,0.4022010127343952,Very High Risk,Reject,629
0,0.20812327835414662,Medium Risk,Manual Review,736
0,0.19786838874581045,Medium Risk,Manual Review,741
1,0.16364855367674952,Medium Risk,Manual Review,760
1,0.323643210582403,Very High Risk,Reject,672
0,0.11563972291667396,Low Risk,Manual Review,786
0,0.19857558093092997,Medium Risk,Manual Review,741
0,0.15049650431191453,Medium Risk,Manual Review,767
0,0.13236114705043886,Low Risk,Manual Review,777
0,0.05816180387830461,Very Low Risk,Approve,818
1,0.10441727546677071,Low Risk,Manual Review,793
0,0.21591112700860127,High Risk,Manual Review,731
0,0.12313595786606862,Low Risk,Manual Review,782
0,0.14495420520966015,Low Risk,Manual Review,770
1,0.08632434229737312,Very Low Risk,Approve,803
0,0.18380141697758645,Medium Risk,Manual Review,749
0,0.3590579897518173,Very High Risk,Reject,653
0,0.07911377659253062,Very Low Risk,Approve,806
0,0.17632794185791786,Medium Risk,Manual Review,753
0,0.20934149293899157,Medium Risk,Manual Review,735
0,0.05599562960501568,Very Low Risk,Approve,819
0,0.07821453135274338,Very Low Risk,Approve,807
0,0.18757033177235136,Medium Risk,Manual Review,747
0,0.4240445491497166,Very High Risk,Reject,617
1,0.4162057949296533,Very High Risk,Reject,621
0,0.1272326055831537,Low Risk,Manual Review,780
0,0.28940976081251946,High Risk,Reject,691
0,0.1702832193798241,Medium Risk,Manual Review,756
0,0.12655864863324467,Low Risk,Manual Review,780
0,0.05848828691698526,Very Low Risk,Approve,818
0,0.08287001644962583,Very Low Risk,Approve,804
0,0.299934403902271,High Risk,Reject,685
0,0.13561049328573913,Low Risk,Manual Review,775
0,0.09230145501914697,Low Risk,Approve,799
0,0.09735234921998996,Low Risk,Approve,796
0,0.2533162402069504,High Risk,Reject,711
0,0.08780537104561849,Low Risk,Approve,802
0,0.09076519231956699,Low Risk,Approve,800
0,0.09281279342144137,Low Risk,Approve,799
0,0.07041582250121933,Very Low Risk,Approve,811
1,0.19869237440371967,Medium Risk,Manual Review,741
1,0.2846021061045724,High Risk,Reject,693
0,0.09861976197315869,Low Risk,Approve,796
1,0.5978098969625315,Very High Risk,Reject,521
0,0.18486836703465845,Medium Risk,Manual Review,748
0,0.2231833398633531,High Risk,Manual Review,727
0,0.2220032071895867,High Risk,Manual Review,728
1,0.1697259208632942,Medium Risk,Manual Review,757
0,0.3468337015352989,Very High Risk,Reject,659
0,0.05918187847678683,Very Low Risk,Approve,817
0,0.08861520147072588,Low Risk,Approve,801
1,0.3772532889407959,Very High Risk,Reject,643
0,0.38039214176108904,Very High Risk,Reject,641
0,0.08869293718621185,Low Risk,Approve,801
0,0.08700209195167857,Very Low Risk,Approve,802
0,0.1006085861410514,Low Risk,Manual Review,795
0,0.035171879007863525,Very Low Risk,Approve,831
0,0.14634535470473645,Medium Risk,Manual Review,770
1,0.2443168309046283,High Risk,Manual Review,716
0,0.16228298608368188,Medium Risk,Manual Review,761
1,0.29592153829209494,High Risk,Reject,687
1,0.4548835130971361,Very High Risk,Reject,600
1,0.48342724049967367,Very High Risk,Reject,584
0,0.3463777998308037,Very High Risk,Reject,659
0,0.08761097265187859,Low Risk,Approve,802
0,0.49083045880288995,Very High Risk,Reject,580
1,0.08865662841263364,Low Risk,Approve,801
0,0.46064971554756123,Very High Risk,Reject,597
0,0.21208101222922998,Medium Risk,Manual Review,733
0,0.08942308265687417,Low Risk,Approve,801
0,0.051927223702627645,Very Low Risk,Approve,821
0,0.07908329769305851,Very Low Risk,Approve,807
0,0.060712731738819234,Very Low Risk,Approve,817
0,0.16031761611278708,Medium Risk,Manual Review,762
0,0.07143689408559853,Very Low Risk,Approve,811
0,0.05076349974751244,Very Low Risk,Approve,822
0,0.03511326184148408,Very Low Risk,Approve,831
0,0.04792309360499086,Very Low Risk,Approve,824
0,0.09390767230188006,Low Risk,Approve,798
1,0.22391718957014156,High Risk,Manual Review,727
0,0.4053654083668367,Very High Risk,Reject,627
0,0.12730151162715955,Low Risk,Manual Review,780
0,0.09435554900981302,Low Risk,Approve,798
0,0.28234064679659165,High Risk,Reject,695
1,0.3077073968108927,High Risk,Reject,681
0,0.15020432903269537,Medium Risk,Manual Review,767
0,0.1363406601581596,Low Risk,Manual Review,775
0,0.10381070436959915,Low Risk,Manual Review,793
0,0.14373902611738054,Low Risk,Manual Review,771
0,0.04455388923565958,Very Low Risk,Approve,825
0,0.1586400984511217,Medium Risk,Manual Review,763
0,0.19400295069939708,Medium Risk,Manual Review,743
0,0.16185024806690207,Medium Risk,Manual Review,761
0,0.2773862878445992,High Risk,Reject,697
0,0.1371727687573605,Low Risk,Manual Review,775
0,0.12125948715550793,Low Risk,Manual Review,783
0,0.11891463382335878,Low Risk,Manual Review,785
1,0.3268207470858306,Very High Risk,Reject,670
0,0.18166967963244537,Medium Risk,Manual Review,750
0,0.054016609418129906,Very Low Risk,Approve,820
0,0.466695582445374,Very High Risk,Reject,593
0,0.19441895556966962,Medium Risk,Manual Review,743
0,0.36016943527682577,Very High Risk,Reject,652
0,0.5221361471679121,Very High Risk,Reject,563
0,0.34719557508990184,Very High Risk,Reject,659
0,0.08220620065913374,Very Low Risk,Approve,805
1,0.1729364513408063,Medium Risk,Manual Review,755
0,0.23898996627710606,High Risk,Manual Review,719
1,0.2593623751749295,High Risk,Reject,707
0,0.2818841288000467,High Risk,Reject,695
1,0.07197780025418302,Very Low Risk,Approve,810
1,0.11422439784152118,Low Risk,Manual Review,787
0,0.049584693906688376,Very Low Risk,Approve,823
0,0.4033564655315805,Very High Risk,Reject,628
0,0.09563941019774319,Low Risk,Approve,797
0,0.04845677485117288,Very Low Risk,Approve,823
0,0.17075908883633117,Medium Risk,Manual Review,756
0,0.06854744077688758,Very Low Risk,Approve,812
0,0.14240142034000508,Low Risk,Manual Review,772
0,0.048939041053621006,Very Low Risk,Approve,823
0,0.23580666856687865,High Risk,Manual Review,720
0,0.463575990848513,Very High Risk,Reject,595
1,0.33474768365610413,Very High Risk,Reject,666
0,0.22177962655005617,High Risk,Manual Review,728
0,0.1741139716902085,Medium Risk,Manual Review,754
0,0.43772572388883446,Very High Risk,Reject,609
1,0.4293625182082195,Very High Risk,Reject,614
0,0.24738274927162165,High Risk,Manual Review,714
1,0.5492250521269396,Very High Risk,Reject,548
1,0.246245743445857,High Risk,Manual Review,715
0,0.16517599532235586,Medium Risk,Manual Review,759
0,0.13750297125109892,Low Risk,Manual Review,774
1,0.42882112077843815,Very High Risk,Reject,614
0,0.042854051009294854,Very Low Risk,Approve,826
0,0.2238793367543162,High Risk,Manual Review,727
0,0.10153651387747252,Low Risk,Manual Review,794
0,0.18370888173887753,Medium Risk,Manual Review,749
0,0.08053546712254538,Very Low Risk,Approve,806
0,0.05942509718729749,Very Low Risk,Approve,817
0,0.12449109918932653,Low Risk,Manual Review,782
0,0.10277200773091402,Low Risk,Manual Review,793
0,0.225916606588415,High Risk,Manual Review,726
0,0.039979661366586206,Very Low Risk,Approve,828
1,0.4459514302663006,Very High Risk,Reject,605
0,0.41022870481650975,Very High Risk,Reject,624
0,0.0735804872663789,Very Low Risk,Approve,810
1,0.20139602062972312,Medium Risk,Manual Review,739
0,0.043946364903453494,Very Low Risk,Approve,826
0,0.3358545371940443,Very High Risk,Reject,665
0,0.39933453380736683,Very High Risk,Reject,630
0,0.05477638794056297,Very Low Risk,Approve,820
0,0.14372079090845494,Low Risk,Manual Review,771
1,0.3777009365584007,Very High Risk,Reject,642
0,0.06480789297620658,Very Low Risk,Approve,814
0,0.27575046739235387,High Risk,Reject,698
0,0.344045904255576,Very High Risk,Reject,661
0,0.1314354125961065,Low Risk,Manual Review,778
0,0.3799253946976631,Very High Risk,Reject,641
0,0.04656366393155748,Very Low Risk,Approve,824
0,0.04143409614107406,Very Low Risk,Approve,827
0,0.0999976676884878,Low Risk,Approve,795
0,0.16328404729583607,Medium Risk,Manual Review,760
1,0.5579308477791525,Very High Risk,Reject,543
0,0.10211142212236743,Low Risk,Manual Review,794
1,0.36890799198245133,Very High Risk,Reject,647
0,0.07765842454356708,Very Low Risk,Approve,807
0,0.06368264800407482,Very Low Risk,Approve,815
0,0.23496355378426126,High Risk,Manual Review,721
0,0.13752031688704544,Low Risk,Manual Review,774
1,0.06198867257253739,Very Low Risk,Approve,816
0,0.12919808693807971,Low Risk,Manual Review,779
0,0.231716825784611,High Risk,Manual Review,723
0,0.2861885259435015,High Risk,Reject,693
1,0.32176913510111166,Very High Risk,Reject,673
0,0.08676280742910379,Very Low Risk,Approve,802
0,0.26597304156259793,High Risk,Reject,704
0,0.12345708631983156,Low Risk,Manual Review,782
0,0.3020433933412219,High Risk,Reject,684
1,0.397505394889076,Very High Risk,Reject,631
0,0.13109152525771614,Low Risk,Manual Review,778
0,0.11547496087752339,Low Risk,Manual Review,786
0,0.2654661750410102,High Risk,Reject,704
0,0.08044761928061875,Very Low Risk,Approve,806
0,0.20028623326016368,Medium Risk,Manual Review,740
0,0.05670389643545764,Very Low Risk,Approve,819
0,0.2610578456245228,High Risk,Reject,706
1,0.16098257337856903,Medium Risk,Manual Review,761
1,0.22373088945473005,High Risk,Manual Review,727
0,0.2260159135826222,High Risk,Manual Review,726
0,0.17946715405861663,Medium Risk,Manual Review,751
0,0.183997781576745,Medium Risk,Manual Review,749
0,0.11450984383932522,Low Risk,Manual Review,787
1,0.264455783148339,High Risk,Reject,705
0,0.12935170189774164,Low Risk,Manual Review,779
0,0.11664308482168978,Low Risk,Manual Review,786
0,0.10079635258532786,Low Risk,Manual Review,795
1,0.34699802485104164,Very High Risk,Reject,659
0,0.3795353841234469,Very High Risk,Reject,641
0,0.27994755899483165,High Risk,Reject,696
0,0.2149552464891716,High Risk,Manual Review,732
1,0.3416363987585243,Very High Risk,Reject,662
0,0.06975106008014999,Very Low Risk,Approve,812
0,0.044398083192732835,Very Low Risk,Approve,826
0,0.23419352607486174,High Risk,Manual Review,721
0,0.12224090503159887,Low Risk,Manual Review,783
1,0.1303723915096806,Low Risk,Manual Review,778
0,0.11403650012298248,Low Risk,Manual Review,787
0,0.12900463299720868,Low Risk,Manual Review,779
1,0.4144767023966544,Very High Risk,Reject,622
0,0.2656921883592466,High Risk,Reject,704
0,0.12228341981149511,Low Risk,Manual Review,783
0,0.16189617440840393,Medium Risk,Manual Review,761
1,0.16759007416759236,Medium Risk,Manual Review,758
0,0.03252302288022865,Very Low Risk,Approve,832
0,0.024178985815439428,Very Low Risk,Approve,837
0,0.06109596778040561,Very Low Risk,Approve,816
0,0.29492811658097545,High Risk,Reject,688
0,0.047569912708754554,Very Low Risk,Approve,824
0,0.4250919473546822,Very High Risk,Reject,616
0,0.28544985086595276,High Risk,Reject,693
0,0.05046417365797992,Very Low Risk,Approve,822
0,0.39745732094537195,Very High Risk,Reject,631
0,0.25027019724693805,High Risk,Reject,712
1,0.2574099311659055,High Risk,Reject,708
0,0.05844736018492789,Very Low Risk,Approve,818
0,0.39298840884216873,Very High Risk,Reject,634
0,0.46437995073242966,Very High Risk,Reject,595
0,0.3232644022681178,Very High Risk,Reject,672
0,0.12702819959387587,Low Risk,Manual Review,780
0,0.31499856348439786,Very High Risk,Reject,677
0,0.11573180353289797,Low Risk,Manual Review,786
1,0.4233021521350119,Very High Risk,Reject,617
0,0.1578536735339472,Medium Risk,Manual Review,763
1,0.27334296731690205,High Risk,Reject,700
0,0.30612963753851696,High Risk,Reject,682
0,0.2621667962956209,High Risk,Reject,706
0,0.023094075008939112,Very Low Risk,Approve,837
1,0.08199965457447933,Very Low Risk,Approve,805
0,0.3061609160274164,High Risk,Reject,682
0,0.5514876882967437,Very High Risk,Reject,547
0,0.210859068261722,Medium Risk,Manual Review,734
0,0.1506062470476754,Medium Risk,Manual Review,767
0,0.32856428670397936,Very High Risk,Reject,669
1,0.15852569322490395,Medium Risk,Manual Review,763
0,0.16109817224848755,Medium Risk,Manual Review,761
0,0.19017828220109412,Medium Risk,Manual Review,745
0,0.030762820023876966,Very Low Risk,Approve,833
0,0.15637747188089965,Medium Risk,Manual Review,764
1,0.4346345685380655,Very High Risk,Reject,611
0,0.2739689428505349,High Risk,Reject,699
0,0.0793453740645012,Very Low Risk,Approve,806
0,0.30681987675929634,High Risk,Reject,681
0,0.09989420990801105,Low Risk,Approve,795
0,0.1293442561024686,Low Risk,Manual Review,779
0,0.06227009629465083,Very Low Risk,Approve,816
0,0.172656538645982,Medium Risk,Manual Review,755
1,0.029625220412783967,Very Low Risk,Approve,834
1,0.25249224610693594,High Risk,Reject,711
0,0.09844649755608506,Low Risk,Approve,796
0,0.09972362207624814,Low Risk,Approve,795
0,0.06948995021113627,Very Low Risk,Approve,812
0,0.06387815342838377,Very Low Risk,Approve,815
0,0.15799914848957028,Medium Risk,Manual Review,763
0,0.2538514348581324,High Risk,Reject,710
0,0.05709271237715662,Very Low Risk,Approve,819
0,0.0898981424534919,Low Risk,Approve,801
0,0.34274549784921926,Very High Risk,Reject,661
1,0.26265885107917936,High Risk,Reject,706
0,0.2056866976409901,Medium Risk,Manual Review,737
0,0.10229190504419469,Low Risk,Manual Review,794
1,0.29205834839073197,High Risk,Reject,689
0,0.12116868900934133,Low Risk,Manual Review,783
0,0.24661942171158205,High Risk,Manual Review,714
0,0.11792564590650169,Low Risk,Manual Review,785
0,0.24965157352678555,High Risk,Manual Review,713
0,0.19174336719131393,Medium Risk,Manual Review,745
0,0.21527177609919107,High Risk,Manual Review,732
0,0.09519227295248532,Low Risk,Approve,798
1,0.16864191828631667,Medium Risk,Manual Review,757
1,0.5777037567761796,Very High Risk,Reject,532
0,0.44899635621313355,Very High Risk,Reject,603
1,0.23306126496368415,High Risk,Manual Review,722
0,0.2906711631798425,High Risk,Reject,690
1,0.2643880858192858,High Risk,Reject,705
1,0.25399983727714576,High Risk,Reject,710
1,0.12103495073231998,Low Risk,Manual Review,783
0,0.154552834018869,Medium Risk,Manual Review,765
1,0.41890158025886803,Very High Risk,Reject,620
0,0.08942668927616904,Low Risk,Approve,801
0,0.29226638165093366,High Risk,Reject,689
0,0.21001034991027628,Medium Risk,Manual Review,734
1,0.38603292697361163,Very High Risk,Reject,638
1,0.03902859969150986,Very Low Risk,Approve,829
0,0.16249242959928392,Medium Risk,Manual Review,761
0,0.20499937183496186,Medium Risk,Manual Review,737
0,0.23908215921011974,High Risk,Manual Review,719
0,0.0815113834636268,Very Low Risk,Approve,805
1,0.19150221229196024,Medium Risk,Manual Review,745
0,0.28732213302499565,High Risk,Reject,692
0,0.02898188031097043,Very Low Risk,Approve,834
0,0.15823887800266112,Medium Risk,Manual Review,763
1,0.6180369488294541,Very High Risk,Reject,510
0,0.15723997837912218,Medium Risk,Manual Review,764
0,0.32564923065988766,Very High Risk,Reject,671
1,0.6275387365302634,Very High Risk,Reject,505
0,0.09158238226025446,Low Risk,Approve,800
0,0.0474784083915564,Very Low Risk,Approve,824
0,0.16626629887299327,Medium Risk,Manual Review,759
0,0.10272779853187812,Low Risk,Manual Review,793
0,0.03389223537564119,Very Low Risk,Approve,831
0,0.03843137294329318,Very Low Risk,Approve,829
0,0.0356781602180585,Very Low Risk,Approve,830
0,0.06385485953668697,Very Low Risk,Approve,815
1,0.11519721026095284,Low Risk,Manual Review,787
0,0.5320988539213334,Very High Risk,Reject,557
0,0.15345318604143104,Medium Risk,Manual Review,766
0,0.04105189196989925,Very Low Risk,Approve,827
1,0.3307393912041993,Very High Risk,Reject,668
1,0.3034888489206942,High Risk,Reject,683
0,0.2446487840728475,High Risk,Manual Review,715
1,0.6198782344955361,Very High Risk,Reject,509
1,0.22735093772575718,High Risk,Manual Review,725
0,0.076100774029863,Very Low Risk,Approve,808
0,0.13466279634337366,Low Risk,Manual Review,776
0,0.2224843489645575,High Risk,Manual Review,728
0,0.3839839427718198,Very High Risk,Reject,639
1,0.06265343893292222,Very Low Risk,Approve,816
1,0.5997403943164752,Very High Risk,Reject,520
0,0.04776277067197035,Very Low Risk,Approve,824
1,0.44074848460967037,Very High Risk,Reject,608
0,0.17538020274149388,Medium Risk,Manual Review,754
0,0.2666054225018447,High Risk,Reject,703
0,0.09764382109953323,Low Risk,Approve,796
0,0.1985208415530649,Medium Risk,Manual Review,741
0,0.3247433544759268,Very High Risk,Reject,671
0,0.16607805294761133,Medium Risk,Manual Review,759
0,0.05045077650775163,Very Low Risk,Approve,822
0,0.3586257405081977,Very High Risk,Reject,653
0,0.07123716653552725,Very Low Risk,Approve,811
0,0.0911120811021901,Low Risk,Approve,800
0,0.2138759838373159,High Risk,Manual Review,732
0,0.12166296763967986,Low Risk,Manual Review,783
0,0.09921318626455713,Low Risk,Approve,795
0,0.04353817337013762,Very Low Risk,Approve,826
0,0.0424380289356863,Very Low Risk,Approve,827
1,0.2983127592469229,High Risk,Reject,686
0,0.42567706413879425,Very High Risk,Reject,616
0,0.048056827834053455,Very Low Risk,Approve,824
1,0.030489081832854713,Very Low Risk,Approve,833
0,0.18779867964502686,Medium Risk,Manual Review,747
0,0.36065136892398975,Very High Risk,Reject,652
0,0.2561380671987264,High Risk,Reject,709
0,0.14709617643784453,Medium Risk,Manual Review,769
0,0.09429010636011737,Low Risk,Approve,798
1,0.4222968748145116,Very High Risk,Reject,618
0,0.13385746731854725,Low Risk,Manual Review,776
0,0.027155686843344243,Very Low Risk,Approve,835
0,0.07342245702521796,Very Low Risk,Approve,810
0,0.4394577487207662,Very High Risk,Reject,608
1,0.5689408113133683,Very High Risk,Reject,537
0,0.13751691118901332,Low Risk,Manual Review,774
0,0.17430637441634098,Medium Risk,Manual Review,754
0,0.09819807712907708,Low Risk,Approve,796
0,0.23766475891041297,High Risk,Manual Review,719
1,0.3074947442608767,High Risk,Reject,681
0,0.3466098239803162,Very High Risk,Reject,659
1,0.3202155273224824,Very High Risk,Reject,674
0,0.2797874737363872,High Risk,Reject,696
0,0.19279583538150874,Medium Risk,Manual Review,744
0,0.1416997880893542,Low Risk,Manual Review,772
0,0.3630559589578002,Very High Risk,Reject,650
0,0.13652706986626081,Low Risk,Manual Review,775
0,0.03270090665275413,Very Low Risk,Approve,832
0,0.3010551526237838,High Risk,Reject,684
1,0.45008653032878143,Very High Risk,Reject,602
0,0.09318081349819898,Low Risk,Approve,799
0,0.2708764898818067,High Risk,Reject,701
0,0.26883644898280534,High Risk,Reject,702
1,0.21696798798286784,High Risk,Manual Review,731
0,0.0871697930966257,Low Risk,Approve,802
1,0.25842522098317916,High Risk,Reject,708
0,0.0540479425839373,Very Low Risk,Approve,820
0,0.24812257070791374,High Risk,Manual Review,714
0,0.2703600066609244,High Risk,Reject,701
0,0.23643862693899254,High Risk,Manual Review,720
0,0.177261337636649,Medium Risk,Manual Review,753
1,0.5053207865198241,Very High Risk,Reject,572
0,0.21158882421831615,Medium Risk,Manual Review,734
0,0.2745138990693508,High Risk,Reject,699
0,0.15682274063658966,Medium Risk,Manual Review,764
0,0.06852183421436177,Very Low Risk,Approve,812
0,0.047945881064738995,Very Low Risk,Approve,824
1,0.23575093831057573,High Risk,Manual Review,720
1,0.4603507218691462,Very High Risk,Reject,597
0,0.09509009347529777,Low Risk,Approve,798
0,0.0565340383905482,Very Low Risk,Approve,819
0,0.35797051553266396,Very High Risk,Reject,653
0,0.1822822199735777,Medium Risk,Manual Review,750
0,0.19602984098226514,Medium Risk,Manual Review,742
0,0.4031366535556183,Very High Risk,Reject,628
0,0.21376281654118098,High Risk,Manual Review,732
0,0.12237892177190024,Low Risk,Manual Review,783
0,0.4332143308752351,Very High Risk,Reject,612
1,0.12730001299991156,Low Risk,Manual Review,780
0,0.03299514084973764,Very Low Risk,Approve,832
0,0.2965151318173358,High Risk,Reject,687
0,0.1332342420539647,Low Risk,Manual Review,777
0,0.3337195697915354,Very High Risk,Reject,666
0,0.3478441407633762,Very High Risk,Reject,659
1,0.2554750955238744,High Risk,Reject,709
0,0.2378183705051063,High Risk,Manual Review,719
0,0.05416932454132152,Very Low Risk,Approve,820
0,0.23499030454758993,High Risk,Manual Review,721
0,0.3708499424205715,Very High Risk,Reject,646
1,0.16926646889408611,Medium Risk,Manual Review,757
0,0.08297987846842543,Very Low Risk,Approve,804
0,0.06782202791754792,Very Low Risk,Approve,813
1,0.38682034306699137,Very High Risk,Reject,637
0,0.06649602962086894,Very Low Risk,Approve,813
0,0.08567929830781956,Very Low Risk,Approve,803
0,0.08383035506574464,Very Low Risk,Approve,804
1,0.4556981149434018,Very High Risk,Reject,599
0,0.1361371119086677,Low Risk,Manual Review,775
0,0.2273739196093843,High Risk,Manual Review,725
1,0.4871569532229694,Very High Risk,Reject,582
1,0.3940613683387249,Very High Risk,Reject,633
1,0.571157233785879,Very High Risk,Reject,536
0,0.2865386469284291,High Risk,Reject,692
0,0.0545663350013504,Very Low Risk,Approve,820
0,0.5047343134617196,Very High Risk,Reject,572
1,0.07867109142886021,Very Low Risk,Approve,807
1,0.33550008127125736,Very High Risk,Reject,665
0,0.1587775721932584,Medium Risk,Manual Review,763
0,0.06879286012884643,Very Low Risk,Approve,812
0,0.3388604119621798,Very High Risk,Reject,664
0,0.26727096360111835,High Risk,Reject,703
0,0.17092260884548208,Medium Risk,Manual Review,756
0,0.3626172770159184,Very High Risk,Reject,651
1,0.5565373032601101,Very High Risk,Reject,544
0,0.177661178350584,Medium Risk,Manual Review,752
0,0.38114000011818683,Very High Risk,Reject,640
0,0.25569003675562885,High Risk,Reject,709
1,0.13347173620938,Low Risk,Manual Review,777
0,0.4904286279370042,Very High Risk,Reject,580
1,0.4498898723444309,Very High Risk,Reject,603
0,0.09010665859482989,Low Risk,Approve,800
0,0.16131045095994168,Medium Risk,Manual Review,761
0,0.36941963986116466,Very High Risk,Reject,647
0,0.12502376288542563,Low Risk,Manual Review,781
0,0.026882332891267506,Very Low Risk,Approve,835
0,0.11229496994879319,Low Risk,Manual Review,788
1,0.21502429583086388,High Risk,Manual Review,732
0,0.1960928277334117,Medium Risk,Manual Review,742
0,0.2703157656353929,High Risk,Reject,701
0,0.0532065491070209,Very Low Risk,Approve,821
1,0.1290245754982447,Low Risk,Manual Review,779
0,0.27888797359973455,High Risk,Reject,697
1,0.14045797479718847,Low Risk,Manual Review,773
0,0.09926216534823211,Low Risk,Approve,795
0,0.42400341045161943,Very High Risk,Reject,617
0,0.07797350366127243,Very Low Risk,Approve,807
0,0.1892780532846516,Medium Risk,Manual Review,746
1,0.39545692160114765,Very High Risk,Reject,632
0,0.048946392678644556,Very Low Risk,Approve,823
0,0.1917533017308944,Medium Risk,Manual Review,745
1,0.4358453329731879,Very High Risk,Reject,610
0,0.045215175340274714,Very Low Risk,Approve,825
0,0.2503880961267795,High Risk,Reject,712
0,0.0375883696838238,Very Low Risk,Approve,829
0,0.04214478968825906,Very Low Risk,Approve,827
0,0.20862963985746716,Medium Risk,Manual Review,735
0,0.12199755216488743,Low Risk,Manual Review,783
0,0.4844558345471988,Very High Risk,Reject,584
0,0.1622126289623979,Medium Risk,Manual Review,761
0,0.021960440459948747,Very Low Risk,Approve,838
1,0.1715197704322832,Medium Risk,Manual Review,756
0,0.10461199351960011,Low Risk,Manual Review,792
0,0.06067400072633638,Very Low Risk,Approve,817
0,0.06647832519317695,Very Low Risk,Approve,813
0,0.15707181570670437,Medium Risk,Manual Review,764
0,0.05691862053861156,Very Low Risk,Approve,819
1,0.19742207364164815,Medium Risk,Manual Review,741
0,0.03801415042590119,Very Low Risk,Approve,829
0,0.0675847731547658,Very Low Risk,Approve,813
0,0.5580929450086515,Very High Risk,Reject,543
0,0.36382945833258995,Very High Risk,Reject,650
1,0.2994168359511937,High Risk,Reject,685
0,0.06505560710202192,Very Low Risk,Approve,814
0,0.0542479960400838,Very Low Risk,Approve,820
0,0.12765810482062073,Low Risk,Manual Review,780
0,0.3370077092240992,Very High Risk,Reject,665
1,0.1669728678302608,Medium Risk,Manual Review,758
0,0.10696456202324281,Low Risk,Manual Review,791
0,0.13801019873711312,Low Risk,Manual Review,774
0,0.2712263569381542,High Risk,Reject,701
0,0.11584507539428758,Low Risk,Manual Review,786
0,0.23917102504565851,High Risk,Manual Review,718
0,0.12419040403737643,Low Risk,Manual Review,782
0,0.061658020267058876,Very Low Risk,Approve,816
0,0.03772905797641673,Very Low Risk,Approve,829
0,0.18279185365440467,Medium Risk,Manual Review,749
0,0.21715243789825875,High Risk,Manual Review,731
1,0.24542059148484788,High Risk,Manual Review,715
1,0.45325944970122145,Very High Risk,Reject,601
0,0.16621132642026895,Medium Risk,Manual Review,759
0,0.09059227931663252,Low Risk,Approve,800
0,0.226090861004647,High Risk,Manual Review,726
1,0.4281748519441393,Very High Risk,Reject,615
0,0.09999258396058561,Low Risk,Approve,795
0,0.05097565416744323,Very Low Risk,Approve,822
0,0.05135636595660858,Very Low Risk,Approve,822
0,0.22537257339807723,High Risk,Manual Review,726
0,0.18218668982781439,Medium Risk,Manual Review,750
0,0.2666147745098258,High Risk,Reject,703
0,0.17552522069093912,Medium Risk,Manual Review,753
0,0.10755588614659493,Low Risk,Manual Review,791
0,0.24443273024323822,High Risk,Manual Review,716
0,0.03848571817372483,Very Low Risk,Approve,829
1,0.17953133751521058,Medium Risk,Manual Review,751
0,0.16886510379567637,Medium Risk,Manual Review,757
0,0.39826070082979304,Very High Risk,Reject,631
0,0.15818161762658706,Medium Risk,Manual Review,763
0,0.033480418758295494,Very Low Risk,Approve,832
0,0.29682670063744176,High Risk,Reject,687
0,0.07632453604190488,Very Low Risk,Approve,808
0,0.06602981088018742,Very Low Risk,Approve,814
1,0.38807817440017334,Very High Risk,Reject,637
0,0.078986109214521,Very Low Risk,Approve,807
0,0.1941746567735111,Medium Risk,Manual Review,743
0,0.058184955028205566,Very Low Risk,Approve,818
0,0.4484846439707018,Very High Risk,Reject,603
0,0.14945254788448487,Medium Risk,Manual Review,768
0,0.22739189057141163,High Risk,Manual Review,725
0,0.18024386021744437,Medium Risk,Manual Review,751
0,0.08381535333495259,Very Low Risk,Approve,804
0,0.05181043420778208,Very Low Risk,Approve,822
0,0.037502264644560794,Very Low Risk,Approve,829
0,0.19668371977971577,Medium Risk,Manual Review,742
0,0.11088582097407648,Low Risk,Manual Review,789
0,0.2669748508402994,High Risk,Reject,703
0,0.19967756354349497,Medium Risk,Manual Review,740
0,0.01894888601357178,Very Low Risk,Approve,840
0,0.17093305187444457,Medium Risk,Manual Review,756
0,0.3094305303905897,High Risk,Reject,680
1,0.17332930747118447,Medium Risk,Manual Review,755
1,0.09402141940367527,Low Risk,Approve,798
0,0.3116805722755028,Very High Risk,Reject,679
0,0.1629389390070985,Medium Risk,Manual Review,760
1,0.2538163595844442,High Risk,Reject,710
1,0.3826552066559677,Very High Risk,Reject,640
1,0.5330863098078865,Very High Risk,Reject,557
0,0.09484050768955087,Low Risk,Approve,798
0,0.09671782438247861,Low Risk,Approve,797
0,0.19174391219955028,Medium Risk,Manual Review,745
1,0.11900854918554103,Low Risk,Manual Review,785
1,0.17074867217101894,Medium Risk,Manual Review,756
0,0.17385261629014245,Medium Risk,Manual Review,754
0,0.08284363762313592,Very Low Risk,Approve,804
0,0.26614485501704743,High Risk,Reject,704
0,0.1834319199435251,Medium Risk,Manual Review,749
1,0.14418594778135055,Low Risk,Manual Review,771
0,0.13172905615101904,Low Risk,Manual Review,778
0,0.11099659567725484,Low Risk,Manual Review,789
0,0.20959155114878983,Medium Risk,Manual Review,735
0,0.22900016789494326,High Risk,Manual Review,724
0,0.24847908390996168,High Risk,Manual Review,713
1,0.278579738287543,High Risk,Reject,697
0,0.08361897258296609,Very Low Risk,Approve,804
1,0.3690527507474058,Very High Risk,Reject,647
0,0.16972430728702956,Medium Risk,Manual Review,757
0,0.23067259285041736,High Risk,Manual Review,723
0,0.1293584416981321,Low Risk,Manual Review,779
1,0.36908961498035786,Very High Risk,Reject,647
0,0.21055628791744072,Medium Risk,Manual Review,734
0,0.20692697055705292,Medium Risk,Manual Review,736
0,0.11673316100560419,Low Risk,Manual Review,786
0,0.043295216450327086,Very Low Risk,Approve,826
0,0.48639279489668213,Very High Risk,Reject,582
0,0.26438376814567804,High Risk,Reject,705
0,0.023586696762017762,Very Low Risk,Approve,837
0,0.19826203835093525,Medium Risk,Manual Review,741
0,0.16828186939393197,Medium Risk,Manual Review,757
1,0.4789254580221544,Very High Risk,Reject,587
0,0.07380979194660198,Very Low Risk,Approve,809
0,0.1543778783536648,Medium Risk,Manual Review,765
0,0.05694642435830348,Very Low Risk,Approve,819
0,0.42919454033057813,Very High Risk,Reject,614
1,0.3204048952271707,Very High Risk,Reject,674
0,0.2399214719033064,High Risk,Manual Review,718
0,0.096142301808567,Low Risk,Approve,797
0,0.06857678636937607,Very Low Risk,Approve,812
0,0.5342910276737031,Very High Risk,Reject,556
0,0.05586656298304137,Very Low Risk,Approve,819
0,0.12246630644319495,Low Risk,Manual Review,783
0,0.03814890485670004,Very Low Risk,Approve,829
0,0.22330574598470523,High Risk,Manual Review,727
1,0.4805694698279863,Very High Risk,Reject,586
0,0.21526633816147597,High Risk,Manual Review,732
1,0.40880319976366153,Very High Risk,Reject,625
0,0.1243195864939313,Low Risk,Manual Review,782
0,0.39267862636742706,Very High Risk,Reject,634
0,0.15213594278185055,Medium Risk,Manual Review,766
0,0.12238557215741586,Low Risk,Manual Review,783
0,0.26556008827219396,High Risk,Reject,704
0,0.29268520565743184,High Risk,Reject,689
0,0.17746847966197407,Medium Risk,Manual Review,752
0,0.032779098284175315,Very Low Risk,Approve,832
1,0.1950573173564497,Medium Risk,Manual Review,743
0,0.045253094995478166,Very Low Risk,Approve,825
0,0.3464795383343528,Very High Risk,Reject,659
0,0.1230166454328818,Low Risk,Manual Review,782
0,0.10008837985350888,Low Risk,Manual Review,795
0,0.04765866087496572,Very Low Risk,Approve,824
1,0.5735536561552804,Very High Risk,Reject,535
0,0.12610473722329865,Low Risk,Manual Review,781
0,0.15280846505018317,Medium Risk,Manual Review,766
0,0.06915454800729992,Very Low Risk,Approve,812
0,0.046185800337906445,Very Low Risk,Approve,825
1,0.5833782555144221,Very High Risk,Reject,529
0,0.10710560747107799,Low Risk,Manual Review,791
0,0.0629082055045275,Very Low Risk,Approve,815
0,0.26550767811710874,High Risk,Reject,704
0,0.11815177796612032,Low Risk,Manual Review,785
1,0.27665620058414775,High Risk,Reject,698
0,0.1713082991244621,Medium Risk,Manual Review,756
0,0.12986443178958662,Low Risk,Manual Review,779
0,0.09280337775763209,Low Risk,Approve,799
0,0.15246176475239304,Medium Risk,Manual Review,766
1,0.2417022718224043,High Risk,Manual Review,717
0,0.16291505477737234,Medium Risk,Manual Review,760
0,0.15584296991370672,Medium Risk,Manual Review,764
0,0.20643028746760955,Medium Risk,Manual Review,736
0,0.09521750217778023,Low Risk,Approve,798
0,0.26193858384465885,High Risk,Reject,706
0,0.01946891703221923,Very Low Risk,Approve,839
0,0.12437324732057314,Low Risk,Manual Review,782
0,0.09122649553236925,Low Risk,Approve,800
0,0.06035482909496865,Very Low Risk,Approve,817
0,0.1436603863259005,Low Risk,Manual Review,771
0,0.053602198863453375,Very Low Risk,Approve,821
0,0.17621035077632888,Medium Risk,Manual Review,753
1,0.3338504145499073,Very High Risk,Reject,666
0,0.11723591082039193,Low Risk,Manual Review,786
0,0.08337847369163466,Very Low Risk,Approve,804
0,0.1282405410823681,Low Risk,Manual Review,779
0,0.4095730137064276,Very High Risk,Reject,625
0,0.10931603786376566,Low Risk,Manual Review,790
0,0.08367325653538715,Very Low Risk,Approve,804
1,0.32934484629247357,Very High Risk,Reject,669
0,0.40483764854345394,Very High Risk,Reject,627
0,0.6308410747248375,Very High Risk,Reject,503
1,0.3819913472666575,Very High Risk,Reject,640
0,0.11413287374970475,Low Risk,Manual Review,787
0,0.14629969084914485,Medium Risk,Manual Review,770
0,0.1233267017419467,Low Risk,Manual Review,782
1,0.10426583441834576,Low Risk,Manual Review,793
0,0.059905928319679086,Very Low Risk,Approve,817
0,0.11777362051991083,Low Risk,Manual Review,785
0,0.052926187984352085,Very Low Risk,Approve,821
0,0.0209089238253612,Very Low Risk,Approve,839
0,0.10538980744912288,Low Risk,Manual Review,792
0,0.3588301102548384,Very High Risk,Reject,653
1,0.21989628515882184,High Risk,Manual Review,729
0,0.07322198797422254,Very Low Risk,Approve,810
0,0.22019032804941363,High Risk,Manual Review,729
1,0.6109402471428175,Very High Risk,Reject,514
0,0.02274253386778341,Very Low Risk,Approve,837
0,0.09961646531330627,Low Risk,Approve,795
1,0.26662765042818853,High Risk,Reject,703
0,0.08716724113489524,Low Risk,Approve,802
0,0.4198115764361278,Very High Risk,Reject,619
0,0.043491669039955126,Very Low Risk,Approve,826
1,0.40962134798127436,Very High Risk,Reject,625
1,0.1275996883107924,Low Risk,Manual Review,780
1,0.11235403398876231,Low Risk,Manual Review,788
0,0.06324878587765102,Very Low Risk,Approve,815
0,0.1623157246266013,Medium Risk,Manual Review,761
0,0.05799604973296675,Very Low Risk,Approve,818
0,0.15508886910067626,Medium Risk,Manual Review,765
0,0.20403886368197183,Medium Risk,Manual Review,738
0,0.44959255787947255,Very High Risk,Reject,603
0,0.09660717790572076,Low Risk,Approve,797
1,0.09250645066444053,Low Risk,Approve,799
0,0.08663310480853259,Very Low Risk,Approve,802
1,0.4272617187437215,Very High Risk,Reject,615
0,0.1445073375969328,Low Risk,Manual Review,771
0,0.346319902712572,Very High Risk,Reject,660
0,0.11715761189809272,Low Risk,Manual Review,786
0,0.17273844150629006,Medium Risk,Manual Review,755
0,0.09703418372971806,Low Risk,Approve,797
0,0.20049995204950877,Medium Risk,Manual Review,740
1,0.4865134569728478,Very High Risk,Reject,582
0,0.09117150043611989,Low Risk,Approve,800
0,0.17705305794420662,Medium Risk,Manual Review,753
0,0.10221078010357931,Low Risk,Manual Review,794
0,0.2878356284406364,High Risk,Reject,692
0,0.23595326582541126,High Risk,Manual Review,720
0,0.2010132835393022,Medium Risk,Manual Review,739
0,0.07418664101641792,Very Low Risk,Approve,809
0,0.08567028922215202,Very Low Risk,Approve,803
0,0.4207076342072877,Very High Risk,Reject,619
0,0.1798303328345078,Medium Risk,Manual Review,751
0,0.16430937459382836,Medium Risk,Manual Review,760
0,0.07110483229737641,Very Low Risk,Approve,811
0,0.14979692046747017,Medium Risk,Manual Review,768
0,0.1883792635457177,Medium Risk,Manual Review,746
0,0.13898050403751377,Low Risk,Manual Review,774
1,0.32448822240474945,Very High Risk,Reject,672
0,0.20716482445738837,Medium Risk,Manual Review,736
0,0.15224797188037154,Medium Risk,Manual Review,766
0,0.1526981139893211,Medium Risk,Manual Review,766
0,0.25853640247717885,High Risk,Reject,708
1,0.23554170880298897,High Risk,Manual Review,720
0,0.054784008815505096,Very Low Risk,Approve,820
0,0.041293046021997404,Very Low Risk,Approve,827
0,0.24680768845845621,High Risk,Manual Review,714
0,0.17456110300993644,Medium Risk,Manual Review,754
0,0.12767979081404077,Low Risk,Manual Review,780
0,0.20130548035600038,Medium Risk,Manual Review,739
0,0.19201131869331772,Medium Risk,Manual Review,744
0,0.30188261323308796,High Risk,Reject,684
1,0.3453089904639498,Very High Risk,Reject,660
1,0.5279201242090513,Very High Risk,Reject,560
1,0.3456752726963577,Very High Risk,Reject,660
1,0.39083135913376005,Very High Risk,Reject,635
0,0.23199523541812417,High Risk,Manual Review,722
0,0.1634833446425965,Medium Risk,Manual Review,760
0,0.1476117533101823,Medium Risk,Manual Review,769
0,0.182955261965797,Medium Risk,Manual Review,749
0,0.47933672511297104,Very High Risk,Reject,586
0,0.05490145565815785,Very Low Risk,Approve,820
0,0.2749224928105888,High Risk,Reject,699
0,0.381281183503536,Very High Risk,Reject,640
1,0.5030991917968201,Very High Risk,Reject,573
0,0.15433901462289387,Medium Risk,Manual Review,765
0,0.08328317811912668,Very Low Risk,Approve,804
0,0.1308889037936837,Low Risk,Manual Review,778
0,0.20636439197832648,Medium Risk,Manual Review,736
1,0.28055887097879406,High Risk,Reject,696
1,0.5924128622157604,Very High Risk,Reject,524
0,0.4132726240134978,Very High Risk,Reject,623
0,0.1690164069640015,Medium Risk,Manual Review,757
0,0.04580960618903854,Very Low Risk,Approve,825
0,0.40836116206589823,Very High Risk,Reject,625
0,0.17256765845460598,Medium Risk,Manual Review,755
0,0.3815350952818105,Very High Risk,Reject,640
0,0.30754412005018594,High Risk,Reject,681
0,0.4728705995523216,Very High Risk,Reject,590
0,0.048133372552547384,Very Low Risk,Approve,824
0,0.3669149635269274,Very High Risk,Reject,648
1,0.3892447601080823,Very High Risk,Reject,636
0,0.20030014508263813,Medium Risk,Manual Review,740
0,0.0429090526795806,Very Low Risk,Approve,826
0,0.12284104255285691,Low Risk,Manual Review,782
0,0.2612432752894548,High Risk,Reject,706
1,0.12614917850753224,Low Risk,Manual Review,781
0,0.06580434904733351,Very Low Risk,Approve,814
0,0.32196885659993685,Very High Risk,Reject,673
0,0.14142261252641627,Low Risk,Manual Review,772
0,0.11033338603461237,Low Risk,Manual Review,789
0,0.1732310318511398,Medium Risk,Manual Review,755
0,0.21282450615642332,Medium Risk,Manual Review,733
1,0.0855558518425308,Very Low Risk,Approve,803
0,0.04694284854905473,Very Low Risk,Approve,824
1,0.5752253518060397,Very High Risk,Reject,534
0,0.19963218782197648,Medium Risk,Manual Review,740
0,0.22937971111521044,High Risk,Manual Review,724
1,0.203934602851519,Medium Risk,Manual Review,738
0,0.18589935965492305,Medium Risk,Manual Review,748
0,0.025884925225590234,Very Low Risk,Approve,836
0,0.10673699906768123,Low Risk,Manual Review,791
0,0.14142581137860832,Low Risk,Manual Review,772
1,0.5713874201372484,Very High Risk,Reject,536
0,0.15982196295381143,Medium Risk,Manual Review,762
0,0.12012103845233073,Low Risk,Manual Review,784
0,0.21627348495527368,High Risk,Manual Review,731
1,0.14427953644725566,Low Risk,Manual Review,771
0,0.059151376650051574,Very Low Risk,Approve,817
0,0.27238844491162195,High Risk,Reject,700
0,0.4334114670295509,Very High Risk,Reject,612
1,0.2491876792905586,High Risk,Manual Review,713
0,0.1185676673694992,Low Risk,Manual Review,785
0,0.13047774650691335,Low Risk,Manual Review,778
0,0.06327682645561486,Very Low Risk,Approve,815
0,0.0676859938102065,Very Low Risk,Approve,813
0,0.40809973332639427,Very High Risk,Reject,626
0,0.16104274908826635,Medium Risk,Manual Review,761
0,0.05689394459748397,Very Low Risk,Approve,819
0,0.053040330993580964,Very Low Risk,Approve,821
1,0.2882997607207701,High Risk,Reject,691
1,0.12492556492284318,Low Risk,Manual Review,781
0,0.2581489446574224,High Risk,Reject,708
0,0.08280802932221844,Very Low Risk,Approve,804
0,0.19198333727868241,Medium Risk,Manual Review,744
0,0.14087273219850824,Low Risk,Manual Review,773
0,0.09775895104218227,Low Risk,Approve,796
0,0.23391705992670606,High Risk,Manual Review,721
1,0.2092659440380602,Medium Risk,Manual Review,735
0,0.5658463864699054,Very High Risk,Reject,539
1,0.0728162484239455,Very Low Risk,Approve,810
1,0.11232820114199779,Low Risk,Manual Review,788
1,0.451681716744852,Very High Risk,Reject,602
0,0.28797868841216534,High Risk,Reject,692
0,0.051026516215512886,Very Low Risk,Approve,822
0,0.3387701165120215,Very High Risk,Reject,664
0,0.15215137453222263,Medium Risk,Manual Review,766
1,0.4377692290707498,Very High Risk,Reject,609
0,0.047775078251144916,Very Low Risk,Approve,824
0,0.19707467410651622,Medium Risk,Manual Review,742
1,0.3068262628296095,High Risk,Reject,681
0,0.02068681826102187,Very Low Risk,Approve,839
1,0.48695443549039363,Very High Risk,Reject,582
0,0.20304794461939732,Medium Risk,Manual Review,738
0,0.17178603547248783,Medium Risk,Manual Review,756
1,0.16557559007159234,Medium Risk,Manual Review,759
0,0.1737616835984311,Medium Risk,Manual Review,754
0,0.06733066173183551,Very Low Risk,Approve,813
0,0.5278799705108211,Very High Risk,Reject,560
0,0.19089113207414105,Medium Risk,Manual Review,745
1,0.131621087744722,Low Risk,Manual Review,778
1,0.2855458595317787,High Risk,Reject,693
0,0.09124739745143605,Low Risk,Approve,800
0,0.18038733676183402,Medium Risk,Manual Review,751
1,0.26719263262491166,High Risk,Reject,703
0,0.1355933231820245,Low Risk,Manual Review,775
0,0.07118205573858694,Very Low Risk,Approve,811
0,0.22253166189176457,High Risk,Manual Review,728
0,0.07687981156026552,Very Low Risk,Approve,808
1,0.3414152036696101,Very High Risk,Reject,662
1,0.4930481802383912,Very High Risk,Reject,579
0,0.15288043878867552,Medium Risk,Manual Review,766
1,0.19843351919462957,Medium Risk,Manual Review,741
0,0.17612058920399082,Medium Risk,Manual Review,753
0,0.07917036796395825,Very Low Risk,Approve,806
0,0.28464756263109814,High Risk,Reject,693
0,0.36045934611309105,Very High Risk,Reject,652
1,0.19211088343121202,Medium Risk,Manual Review,744
0,0.042016049516620885,Very Low Risk,Approve,827
0,0.08487400415884858,Very Low Risk,Approve,803
0,0.3821401657542948,Very High Risk,Reject,640
0,0.0987177689000457,Low Risk,Approve,796
0,0.10170606457173871,Low Risk,Manual Review,794
0,0.19531969389326168,Medium Risk,Manual Review,743
0,0.2430219062672776,High Risk,Manual Review,716
0,0.29002475225744273,High Risk,Reject,690
0,0.19497533594245878,Medium Risk,Manual Review,743
1,0.36285770333946904,Very High Risk,Reject,650
1,0.3372053077459174,Very High Risk,Reject,665
0,0.25443982518031655,High Risk,Reject,710
0,0.06422755159358638,Very Low Risk,Approve,815
0,0.10573941115265528,Low Risk,Manual Review,792
0,0.15593487107812906,Medium Risk,Manual Review,764
1,0.2514879344880018,High Risk,Reject,712
0,0.20105890819710587,Medium Risk,Manual Review,739
0,0.29743772475542285,High Risk,Reject,686
0,0.049043320280785785,Very Low Risk,Approve,823
1,0.24202144822555097,High Risk,Manual Review,717
1,0.2928479114433061,High Risk,Reject,689
0,0.021002591521266465,Very Low Risk,Approve,838
0,0.11986872745624241,Low Risk,Manual Review,784
0,0.19470568844264963,Medium Risk,Manual Review,743
0,0.11654372600884717,Low Risk,Manual Review,786
1,0.4092052850772492,Very High Risk,Reject,625
0,0.23937775450678142,High Risk,Manual Review,718
0,0.16274439048806263,Medium Risk,Manual Review,760
0,0.1610907536885118,Medium Risk,Manual Review,761
1,0.1938569472611044,Medium Risk,Manual Review,743
0,0.0893091240404721,Low Risk,Approve,801
0,0.19602910931203102,Medium Risk,Manual Review,742
0,0.10826483438804711,Low Risk,Manual Review,790
1,0.4493670904345988,Very High Risk,Reject,603
0,0.21677221856071704,High Risk,Manual Review,731
1,0.2554249349187246,High Risk,Reject,710
1,0.2213378594076909,High Risk,Manual Review,728
0,0.2941961559510813,High Risk,Reject,688
1,0.12936248265530503,Low Risk,Manual Review,779
0,0.4700880104717909,Very High Risk,Reject,591
0,0.08286416555653477,Very Low Risk,Approve,804
0,0.1433148154309779,Low Risk,Manual Review,771
0,0.3285663689048627,Very High Risk,Reject,669
0,0.06266491739688232,Very Low Risk,Approve,816
0,0.22144765430513122,High Risk,Manual Review,728
0,0.16300081294795987,Medium Risk,Manual Review,760
0,0.561988055449888,Very High Risk,Reject,541
1,0.2877523510603456,High Risk,Reject,692
0,0.023609359855485432,Very Low Risk,Approve,837
1,0.27889473145478744,High Risk,Reject,697
0,0.04058352990504988,Very Low Risk,Approve,828
0,0.3678675462362883,Very High Risk,Reject,648
0,0.5253439341568086,Very High Risk,Reject,561
0,0.24679568705605043,High Risk,Manual Review,714
0,0.01957013549501426,Very Low Risk,Approve,839
0,0.40690245121816876,Very High Risk,Reject,626
0,0.13583411147096533,Low Risk,Manual Review,775
0,0.0828011094700492,Very Low Risk,Approve,804
0,0.03434648061843856,Very Low Risk,Approve,831
0,0.1937240235485706,Medium Risk,Manual Review,743
0,0.1683925449467139,Medium Risk,Manual Review,757
0,0.18488460702551096,Medium Risk,Manual Review,748
0,0.04465859069538062,Very Low Risk,Approve,825
0,0.24429470953848495,High Risk,Manual Review,716
0,0.16749694064833986,Medium Risk,Manual Review,758
0,0.22918423940268062,High Risk,Manual Review,724
0,0.08335952594262418,Very Low Risk,Approve,804
0,0.0607605564225908,Very Low Risk,Approve,817
0,0.08505629939587409,Very Low Risk,Approve,803
0,0.06687204960364328,Very Low Risk,Approve,813
1,0.24199858061502907,High Risk,Manual Review,717
0,0.20251881372368744,Medium Risk,Manual Review,739
1,0.3430779386494077,Very High Risk,Reject,661
1,0.3582996681889347,Very High Risk,Reject,653
0,0.3693079024822848,Very High Risk,Reject,647
0,0.12676038781145363,Low Risk,Manual Review,780
0,0.06116994025365322,Very Low Risk,Approve,816
0,0.22011100748394977,High Risk,Manual Review,729
0,0.20854564237322534,Medium Risk,Manual Review,735
1,0.038504295047408967,Very Low Risk,Approve,829
0,0.036783211510702844,Very Low Risk,Approve,830
0,0.0583719509587031,Very Low Risk,Approve,818
0,0.1694016088531178,Medium Risk,Manual Review,757
1,0.5241172875394828,Very High Risk,Reject,562
1,0.23031680828512655,High Risk,Manual Review,723
0,0.2387844232592799,High Risk,Manual Review,719
0,0.48079106955657086,Very High Risk,Reject,586
0,0.21547623840645844,High Risk,Manual Review,731
1,0.3424011772186625,Very High Risk,Reject,662
0,0.44133530769190515,Very High Risk,Reject,607
0,0.42449715693703266,Very High Risk,Reject,617
0,0.3535805877282732,Very High Risk,Reject,656
0,0.04616536787319123,Very Low Risk,Approve,825
0,0.0822050872371835,Very Low Risk,Approve,805
0,0.5554651953483847,Very High Risk,Reject,544
1,0.27809422967616493,High Risk,Reject,697
0,0.3135909047089997,Very High Risk,Reject,678
0,0.20106317628254516,Medium Risk,Manual Review,739
1,0.20620923846177594,Medium Risk,Manual Review,737
0,0.24254654691887614,High Risk,Manual Review,717
0,0.10347934166261641,Low Risk,Manual Review,793
0,0.15812643835919318,Medium Risk,Manual Review,763
0,0.16238093915853496,Medium Risk,Manual Review,761
1,0.31403106546548126,Very High Risk,Reject,677
0,0.16006015780136315,Medium Risk,Manual Review,762
0,0.07845326462837862,Very Low Risk,Approve,807
0,0.4218199579532972,Very High Risk,Reject,618
0,0.1228646590055612,Low Risk,Manual Review,782
0,0.04410874424651644,Very Low Risk,Approve,826
0,0.1013249972490068,Low Risk,Manual Review,794
0,0.15153715393205672,Medium Risk,Manual Review,767
0,0.3641060139624322,Very High Risk,Reject,650
0,0.06795113375665833,Very Low Risk,Approve,813
0,0.24616993866652656,High Risk,Manual Review,715
0,0.04394793486275728,Very Low Risk,Approve,826
0,0.1322041031704425,Low Risk,Manual Review,777
0,0.30251188732893164,High Risk,Reject,684
0,0.04942973061786792,Very Low Risk,Approve,823
0,0.10945763537876767,Low Risk,Manual Review,790
0,0.039443182377440364,Very Low Risk,Approve,828
0,0.33935471480885004,Very High Risk,Reject,663
0,0.2516307597759275,High Risk,Reject,712
1,0.4102289417221389,Very High Risk,Reject,624
0,0.1296452901585333,Low Risk,Manual Review,779
0,0.16552907597205277,Medium Risk,Manual Review,759
0,0.3751561667469892,Very High Risk,Reject,644
1,0.5592307520901748,Very High Risk,Reject,542
1,0.4876366240035767,Very High Risk,Reject,582
1,0.1934434098877041,Medium Risk,Manual Review,744
0,0.12014998700508273,Low Risk,Manual Review,784
0,0.04662331161463541,Very Low Risk,Approve,824
0,0.10503373851751174,Low Risk,Manual Review,792
0,0.09210024474254282,Low Risk,Approve,799
0,0.07354830872926436,Very Low Risk,Approve,810
0,0.1520324838879519,Medium Risk,Manual Review,766
0,0.11113147221525299,Low Risk,Manual Review,789
0,0.31668416715017117,Very High Risk,Reject,676
0,0.061581252376706655,Very Low Risk,Approve,816
1,0.4053968882632159,Very High Risk,Reject,627
0,0.15803891840143006,Medium Risk,Manual Review,763
0,0.05069864121963758,Very Low Risk,Approve,822
0,0.11104026439432298,Low Risk,Manual Review,789
0,0.10033760378772313,Low Risk,Manual Review,795
0,0.0516948662948989,Very Low Risk,Approve,822
0,0.09463205281186812,Low Risk,Approve,798
0,0.2127688802097528,Medium Risk,Manual Review,733
0,0.10463904632428257,Low Risk,Manual Review,792
1,0.20482228228328256,Medium Risk,Manual Review,737
0,0.15659695971684343,Medium Risk,Manual Review,764
0,0.342693274401673,Very High Risk,Reject,662
1,0.1374937051433042,Low Risk,Manual Review,774
0,0.30710055453266133,High Risk,Reject,681
0,0.21643416073738334,High Risk,Manual Review,731
0,0.18609841391550705,Medium Risk,Manual Review,748
0,0.14821795010295225,Medium Risk,Manual Review,768
0,0.10244509523560073,Low Risk,Manual Review,794
0,0.22467927397601645,High Risk,Manual Review,726
0,0.12077257885151511,Low Risk,Manual Review,784
0,0.09774421393417668,Low Risk,Approve,796
0,0.0454494979488245,Very Low Risk,Approve,825
1,0.17033185647295848,Medium Risk,Manual Review,756
0,0.2868869798943831,High Risk,Reject,692
0,0.06665799304057538,Very Low Risk,Approve,813
0,0.15528953600889334,Medium Risk,Manual Review,765
0,0.1635297446060287,Medium Risk,Manual Review,760
0,0.22350374977077733,High Risk,Manual Review,727
0,0.14705393358831353,Medium Risk,Manual Review,769
0,0.12375580206912544,Low Risk,Manual Review,782
0,0.09616307810171704,Low Risk,Approve,797
0,0.19272861601162058,Medium Risk,Manual Review,744
0,0.06965679482247375,Very Low Risk,Approve,812
1,0.33469648468003926,Very High Risk,Reject,666
0,0.06347489598788927,Very Low Risk,Approve,815
0,0.3284277570477184,Very High Risk,Reject,669
0,0.3338868952494043,Very High Risk,Reject,666
0,0.2564596301378355,High Risk,Reject,709
0,0.39029732511352105,Very High Risk,Reject,635
0,0.06553086917839437,Very Low Risk,Approve,814
0,0.035365453478191075,Very Low Risk,Approve,831
0,0.10116081254712558,Low Risk,Manual Review,794
0,0.058325403922356286,Very Low Risk,Approve,818
0,0.4434239549066187,Very High Risk,Reject,606
0,0.3657287052227549,Very High Risk,Reject,649
0,0.31868314517315355,Very High Risk,Reject,675
0,0.09497702923787749,Low Risk,Approve,798
1,0.4374626608839728,Very High Risk,Reject,609
0,0.27981341564765505,High Risk,Reject,696
0,0.17390167270742568,Medium Risk,Manual Review,754
0,0.33267910220283115,Very High Risk,Reject,667
0,0.40557851169530035,Very High Risk,Reject,627
1,0.6578960833722476,Very High Risk,Reject,488
0,0.22408960402424968,High Risk,Manual Review,727
0,0.12962193746455933,Low Risk,Manual Review,779
0,0.16865823885956435,Medium Risk,Manual Review,757
0,0.15219497725392903,Medium Risk,Manual Review,766
1,0.22788549903045854,High Risk,Manual Review,725
1,0.4579934962923565,Very High Risk,Reject,598
0,0.07470568969472866,Very Low Risk,Approve,809
0,0.35709036460999505,Very High Risk,Reject,654
0,0.07092633476417567,Very Low Risk,Approve,811
0,0.41168729076487265,Very High Risk,Reject,624
0,0.13202552879032178,Low Risk,Manual Review,777
0,0.15503835257980586,Medium Risk,Manual Review,765
1,0.2277094971011601,High Risk,Manual Review,725
0,0.11198672038307325,Low Risk,Manual Review,788
0,0.1778629606328049,Medium Risk,Manual Review,752
0,0.35806053771309376,Very High Risk,Reject,653
0,0.0471923300012044,Very Low Risk,Approve,824
0,0.11382892264744578,Low Risk,Manual Review,787
0,0.08217963231745483,Very Low Risk,Approve,805
1,0.25774305546738385,High Risk,Reject,708
0,0.16771132510632514,Medium Risk,Manual Review,758
1,0.1539944501731884,Medium Risk,Manual Review,765
0,0.154740628610821,Medium Risk,Manual Review,765
0,0.2947875041442419,High Risk,Reject,688
0,0.13116013703789003,Low Risk,Manual Review,778
0,0.369945050041129,Very High Risk,Reject,647
0,0.04798275505343052,Very Low Risk,Approve,824
1,0.26454333473983327,High Risk,Reject,705
0,0.08707202976370289,Very Low Risk,Approve,802
1,0.2881066863328909,High Risk,Reject,692
0,0.15792546153425552,Medium Risk,Manual Review,763
0,0.32892997140627594,Very High Risk,Reject,669
0,0.33870260787018774,Very High Risk,Reject,664
0,0.06646792558939366,Very Low Risk,Approve,813
0,0.20111384389709014,Medium Risk,Manual Review,739
0,0.1463225096728119,Medium Risk,Manual Review,770
0,0.05837603478875651,Very Low Risk,Approve,818
0,0.08867794510622017,Low Risk,Approve,801
0,0.2510344897714904,High Risk,Reject,712
0,0.2347867395823127,High Risk,Manual Review,721
0,0.07856937520893968,Very Low Risk,Approve,807
0,0.09472737853507533,Low Risk,Approve,798
0,0.2738102638547499,High Risk,Reject,699
0,0.3348447639053917,Very High Risk,Reject,666
0,0.1566649680845017,Medium Risk,Manual Review,764
0,0.2728071069956671,High Risk,Reject,700
1,0.23511051428507185,High Risk,Manual Review,721
0,0.3780665876928113,Very High Risk,Reject,642
0,0.16320039935642694,Medium Risk,Manual Review,760
0,0.2103955441629904,Medium Risk,Manual Review,734
1,0.27691617052269774,High Risk,Reject,698
0,0.18375146734642617,Medium Risk,Manual Review,749
0,0.0642668119279927,Very Low Risk,Approve,815
0,0.2975723907969119,High Risk,Reject,686
0,0.11902672783627281,Low Risk,Manual Review,785
0,0.08887940203385399,Low Risk,Approve,801
0,0.20287292194472825,Medium Risk,Manual Review,738
0,0.44624575083170603,Very High Risk,Reject,605
0,0.07891711533085272,Very Low Risk,Approve,807
0,0.1473616989419425,Medium Risk,Manual Review,769
0,0.2644657424864666,High Risk,Reject,705
0,0.12864525863180767,Low Risk,Manual Review,779
1,0.2369912909149502,High Risk,Manual Review,720
0,0.06356694842168632,Very Low Risk,Approve,815
0,0.2919755022006837,High Risk,Reject,689
0,0.04148911006422416,Very Low Risk,Approve,827
0,0.09542052545181327,Low Risk,Approve,798
1,0.3186447680580445,Very High Risk,Reject,675
0,0.1515213089439312,Medium Risk,Manual Review,767
0,0.20939012456633416,Medium Risk,Manual Review,735
0,0.07685386996599958,Very Low Risk,Approve,808
0,0.14198624217947084,Low Risk,Manual Review,772
0,0.09046170118115582,Low Risk,Approve,800
0,0.4203316562387554,Very High Risk,Reject,619
0,0.18160329228813743,Medium Risk,Manual Review,750
1,0.21668350955079685,High Risk,Manual Review,731
0,0.17273255935606457,Medium Risk,Manual Review,755
0,0.026814597700433002,Very Low Risk,Approve,835
0,0.3033629444745322,High Risk,Reject,683
1,0.2280459246139416,High Risk,Manual Review,725
0,0.18154536510404043,Medium Risk,Manual Review,750
0,0.0962995628331553,Low Risk,Approve,797
1,0.22941275547015524,High Risk,Manual Review,724
1,0.13336111187388605,Low Risk,Manual Review,777
0,0.38318907829687165,Very High Risk,Reject,639
0,0.05576066646088907,Very Low Risk,Approve,819
0,0.1752191601874582,Medium Risk,Manual Review,754
0,0.0959915457461466,Low Risk,Approve,797
1,0.46041626689463966,Very High Risk,Reject,597
1,0.20486353943514474,Medium Risk,Manual Review,737
0,0.3244385893487554,Very High Risk,Reject,672
1,0.18827389596241748,Medium Risk,Manual Review,746
0,0.10923034944677883,Low Risk,Manual Review,790
1,0.3221038180223264,Very High Risk,Reject,673
1,0.4571733008540204,Very High Risk,Reject,599
0,0.09571631344450153,Low Risk,Approve,797
0,0.21786079749079118,High Risk,Manual Review,730
0,0.348772272997308,Very High Risk,Reject,658
1,0.2945379155690886,High Risk,Reject,688
1,0.22036607241347855,High Risk,Manual Review,729
0,0.09755076855850832,Low Risk,Approve,796
0,0.1641235257526236,Medium Risk,Manual Review,760
0,0.15305704779489518,Medium Risk,Manual Review,766
0,0.21347277134251108,High Risk,Manual Review,733
0,0.2545019852751114,High Risk,Reject,710
1,0.21567350222902676,High Risk,Manual Review,731
0,0.12929382303527331,Low Risk,Manual Review,779
0,0.022653001195352948,Very Low Risk,Approve,838
1,0.28342579765200576,High Risk,Reject,694
1,0.05473414287976726,Very Low Risk,Approve,820
1,0.14857326328747536,Medium Risk,Manual Review,768
0,0.5128028994600131,Very High Risk,Reject,568
1,0.4052872048002949,Very High Risk,Reject,627
0,0.05559183721637284,Very Low Risk,Approve,819
1,0.1720873153839733,Medium Risk,Manual Review,755
0,0.033306816714904375,Very Low Risk,Approve,832
0,0.2772023207998344,High Risk,Reject,698
0,0.057189967913928025,Very Low Risk,Approve,819
1,0.09126824577567558,Low Risk,Approve,800
0,0.10171591641625825,Low Risk,Manual Review,794
1,0.29360752897078424,High Risk,Reject,689
0,0.2301542126312742,High Risk,Manual Review,723
1,0.24044600642930689,High Risk,Manual Review,718
1,0.16662271360821299,Medium Risk,Manual Review,758
0,0.09228115219885848,Low Risk,Approve,799
0,0.048709565216853934,Very Low Risk,Approve,823
0,0.06353526017550047,Very Low Risk,Approve,815
0,0.045089272727770996,Very Low Risk,Approve,825
0,0.04065169420917779,Very Low Risk,Approve,828
1,0.49829706356733294,Very High Risk,Reject,576
0,0.21481336418710348,High Risk,Manual Review,732
1,0.2566059650189988,High Risk,Reject,709
1,0.221201122475364,High Risk,Manual Review,728
1,0.2730153349906759,High Risk,Reject,700
0,0.07592587190196588,Very Low Risk,Approve,808
0,0.3332123856972146,Very High Risk,Reject,667
0,0.24292041589603194,High Risk,Manual Review,716
1,0.19320506019268613,Medium Risk,Manual Review,744
1,0.18950880840268938,Medium Risk,Manual Review,746
0,0.12478802021592399,Low Risk,Manual Review,781
0,0.10196558255036169,Low Risk,Manual Review,794
0,0.17335430893182052,Medium Risk,Manual Review,755
0,0.09285328013175068,Low Risk,Approve,799
0,0.457646119321794,Very High Risk,Reject,598
1,0.16983774844718916,Medium Risk,Manual Review,757
0,0.1079923934353306,Low Risk,Manual Review,791
0,0.08177587312224471,Very Low Risk,Approve,805
0,0.03396784291364452,Very Low Risk,Approve,831
0,0.1859183738018879,Medium Risk,Manual Review,748
0,0.1853928132459552,Medium Risk,Manual Review,748
0,0.13473548260974785,Low Risk,Manual Review,776
0,0.05493987564877238,Very Low Risk,Approve,820
0,0.12685288212202364,Low Risk,Manual Review,780
0,0.030146216546715475,Very Low Risk,Approve,833
1,0.5125762199367442,Very High Risk,Reject,568
1,0.09744035269762491,Low Risk,Approve,796
1,0.28991028953814274,High Risk,Reject,691
0,0.16237327563231627,Medium Risk,Manual Review,761
0,0.3134160497311414,Very High Risk,Reject,678
0,0.07551443484125465,Very Low Risk,Approve,808
0,0.09933819033954006,Low Risk,Approve,795
0,0.2307435542918991,High Risk,Manual Review,723
1,0.05728891219710905,Very Low Risk,Approve,818
0,0.14973847506784876,Medium Risk,Manual Review,768
0,0.1499709436891828,Medium Risk,Manual Review,768
0,0.16862559125794888,Medium Risk,Manual Review,757
0,0.2079485034721045,Medium Risk,Manual Review,736
0,0.24742607082972484,High Risk,Manual Review,714
0,0.3592169910743056,Very High Risk,Reject,652
0,0.28001966864142025,High Risk,Reject,696
1,0.22096538312972844,High Risk,Manual Review,728
0,0.14282140601809795,Low Risk,Manual Review,771
0,0.06108723237136449,Very Low Risk,Approve,816
1,0.3581543358679289,Very High Risk,Reject,653
1,0.5136285731250301,Very High Risk,Reject,568
0,0.25527514512477256,High Risk,Reject,710
0,0.09966397029176947,Low Risk,Approve,795
0,0.1803837217900707,Medium Risk,Manual Review,751
0,0.2705800222562175,High Risk,Reject,701
0,0.09163600728328267,Low Risk,Approve,800
1,0.2917087552649691,High Risk,Reject,690
0,0.2751371471326414,High Risk,Reject,699
0,0.0846998089429026,Very Low Risk,Approve,803
0,0.24566227523126197,High Risk,Manual Review,715
0,0.17366291282400592,Medium Risk,Manual Review,754
0,0.1514194536734144,Medium Risk,Manual Review,767
0,0.10576022240440787,Low Risk,Manual Review,792
0,0.19853307965894457,Medium Risk,Manual Review,741
0,0.053187752724531634,Very Low Risk,Approve,821
1,0.41343319165306924,Very High Risk,Reject,623
0,0.09245295144018108,Low Risk,Approve,799
0,0.10653777736394666,Low Risk,Manual Review,791
0,0.24573174380228588,High Risk,Manual Review,715
0,0.3132184679254283,Very High Risk,Reject,678
1,0.4676441096699276,Very High Risk,Reject,593
0,0.2922995919914059,High Risk,Reject,689
0,0.14955711852859613,Medium Risk,Manual Review,768
0,0.24532687638563513,High Risk,Manual Review,715
0,0.34187765279306276,Very High Risk,Reject,662
0,0.33115761547052014,Very High Risk,Reject,668
0,0.10587877396709637,Low Risk,Manual Review,792
0,0.39800749613865993,Very High Risk,Reject,631
0,0.1407412344199963,Low Risk,Manual Review,773
1,0.36834517468156763,Very High Risk,Reject,647
0,0.15009413260685975,Medium Risk,Manual Review,767
0,0.247135588026826,High Risk,Manual Review,714
0,0.2927089090873073,High Risk,Reject,689
0,0.43466924397148127,Very High Risk,Reject,611
1,0.1890311811576005,Medium Risk,Manual Review,746
0,0.3347494993428505,Very High Risk,Reject,666
0,0.1499370560878829,Medium Risk,Manual Review,768
0,0.07927721871058248,Very Low Risk,Approve,806
1,0.37598776782667787,Very High Risk,Reject,643
0,0.18627806062439417,Medium Risk,Manual Review,748
1,0.16038894797860606,Medium Risk,Manual Review,762
0,0.06153143420800012,Very Low Risk,Approve,816
0,0.09158778719124952,Low Risk,Approve,800
0,0.07665525611242979,Very Low Risk,Approve,808
1,0.3696417970680351,Very High Risk,Reject,647
1,0.05994325540729593,Very Low Risk,Approve,817
1,0.2176970765887781,High Risk,Manual Review,730
0,0.08533046289825125,Very Low Risk,Approve,803
0,0.05249017801392926,Very Low Risk,Approve,821
1,0.36659854894318555,Very High Risk,Reject,648
0,0.14436784961516236,Low Risk,Manual Review,771
0,0.06447307689935347,Very Low Risk,Approve,815
0,0.08026491244919855,Very Low Risk,Approve,806
0,0.10934574146258287,Low Risk,Manual Review,790
1,0.13314848720686934,Low Risk,Manual Review,777
1,0.39560393935320975,Very High Risk,Reject,632
1,0.16615532849641257,Medium Risk,Manual Review,759
0,0.18888501865121843,Medium Risk,Manual Review,746
0,0.1222572483231626,Low Risk,Manual Review,783
0,0.25336562334108553,High Risk,Reject,711
0,0.18425331267044168,Medium Risk,Manual Review,749
0,0.3577303405323355,Very High Risk,Reject,653
0,0.20664717181831535,Medium Risk,Manual Review,736
0,0.18122415822682608,Medium Risk,Manual Review,750
0,0.12387800867763651,Low Risk,Manual Review,782
0,0.0891231852154962,Low Risk,Approve,801
0,0.07421895785634672,Very Low Risk,Approve,809
0,0.08265228669813553,Very Low Risk,Approve,805
1,0.219583158482706,High Risk,Manual Review,729
0,0.26761139414460644,High Risk,Reject,703
0,0.10179118754379582,Low Risk,Manual Review,794
0,0.03506445242302939,Very Low Risk,Approve,831
1,0.5680413170087163,Very High Risk,Reject,538
0,0.16701298775461831,Medium Risk,Manual Review,758
0,0.19245351947043404,Medium Risk,Manual Review,744
0,0.13372731393743195,Low Risk,Manual Review,776
1,0.21769807398735677,High Risk,Manual Review,730
1,0.1526005752645613,Medium Risk,Manual Review,766
0,0.3067000178243552,High Risk,Reject,681
0,0.19707411485702217,Medium Risk,Manual Review,742
0,0.36264362002092226,Very High Risk,Reject,651
0,0.15393277247588746,Medium Risk,Manual Review,765
0,0.3794298394320949,Very High Risk,Reject,641
0,0.14177379707369378,Low Risk,Manual Review,772
0,0.2743907667820012,High Risk,Reject,699
0,0.43896306096357335,Very High Risk,Reject,609
0,0.22418128177030877,High Risk,Manual Review,727
0,0.07633068882961437,Very Low Risk,Approve,808
0,0.022883212309703554,Very Low Risk,Approve,837
0,0.13349105225030966,Low Risk,Manual Review,777
0,0.12959743320815198,Low Risk,Manual Review,779
0,0.1123965567549812,Low Risk,Manual Review,788
0,0.06418382118951109,Very Low Risk,Approve,815
0,0.08541549510101266,Very Low Risk,Approve,803
0,0.19431325788250856,Medium Risk,Manual Review,743
0,0.36527884505985747,Very High Risk,Reject,649
1,0.23022299449906855,High Risk,Manual Review,723
0,0.14557414610498154,Low Risk,Manual Review,770
0,0.037189831076409094,Very Low Risk,Approve,830
0,0.321699668081541,Very High Risk,Reject,673
1,0.304703042280627,High Risk,Reject,682
0,0.337621409933659,Very High Risk,Reject,664
0,0.13740768442402845,Low Risk,Manual Review,774
0,0.40301018743280154,Very High Risk,Reject,628
0,0.649695841867133,Very High Risk,Reject,493
0,0.16494911158144196,Medium Risk,Manual Review,759
0,0.08233673489193051,Very Low Risk,Approve,805
0,0.04027415576089758,Very Low Risk,Approve,828
1,0.4334029684501425,Very High Risk,Reject,612
1,0.19881922537018448,Medium Risk,Manual Review,741
0,0.16472415105555024,Medium Risk,Manual Review,759
0,0.038677818043198295,Very Low Risk,Approve,829
0,0.0277757993729876,Very Low Risk,Approve,835
0,0.4068341218838876,Very High Risk,Reject,626
0,0.1634753189749903,Medium Risk,Manual Review,760
0,0.17813056020997164,Medium Risk,Manual Review,752
0,0.3522373179256527,Very High Risk,Reject,656
1,0.1316982589759164,Low Risk,Manual Review,778
0,0.15037630129714813,Medium Risk,Manual Review,767
0,0.1732499966124571,Medium Risk,Manual Review,755
0,0.06604478054852803,Very Low Risk,Approve,814
0,0.5262047271159431,Very High Risk,Reject,561
0,0.12427435296017135,Low Risk,Manual Review,782
0,0.14400766246058058,Low Risk,Manual Review,771
0,0.21578407732459534,High Risk,Manual Review,731
1,0.09833034767065447,Low Risk,Approve,796
0,0.13406702386037642,Low Risk,Manual Review,776
0,0.40768499276838543,Very High Risk,Reject,626
1,0.242796946546486,High Risk,Manual Review,716
0,0.1261818440880489,Low Risk,Manual Review,781
0,0.42121642181988345,Very High Risk,Reject,618
0,0.09732605550902253,Low Risk,Approve,796
0,0.05438706599576747,Very Low Risk,Approve,820
0,0.12068467150692051,Low Risk,Manual Review,784
1,0.5254391264143067,Very High Risk,Reject,561
0,0.2539787612704591,High Risk,Reject,710
1,0.05763933123295995,Very Low Risk,Approve,818
0,0.19867275787112715,Medium Risk,Manual Review,741
1,0.2517789095616091,High Risk,Reject,712
0,0.14108360398243264,Low Risk,Manual Review,772
0,0.13251674337944802,Low Risk,Manual Review,777
0,0.2872403728587744,High Risk,Reject,692
1,0.21643805978042974,High Risk,Manual Review,731
0,0.07537224144402489,Very Low Risk,Approve,809
0,0.20626711527737454,Medium Risk,Manual Review,737
1,0.438723393516,Very High Risk,Reject,609
0,0.42837012734344054,Very High Risk,Reject,614
0,0.0759985902856632,Very Low Risk,Approve,808
1,0.35575727080937175,Very High Risk,Reject,654
0,0.29001523761318804,High Risk,Reject,690
0,0.13119901707767267,Low Risk,Manual Review,778
1,0.4993040916601208,Very High Risk,Reject,575
0,0.11042276966574072,Low Risk,Manual Review,789
0,0.07454418966191546,Very Low Risk,Approve,809
0,0.17092864863677965,Medium Risk,Manual Review,756
0,0.06443091527501012,Very Low Risk,Approve,815
0,0.2995197283566913,High Risk,Reject,685
0,0.05260503790005354,Very Low Risk,Approve,821
0,0.11289186441044674,Low Risk,Manual Review,788
0,0.41858430321424744,Very High Risk,Reject,620
1,0.19235152780403117,Medium Risk,Manual Review,744
1,0.5637408157640335,Very High Risk,Reject,540
0,0.1393567639095004,Low Risk,Manual Review,773
1,0.4132205426520855,Very High Risk,Reject,623
0,0.03908843949087485,Very Low Risk,Approve,829
0,0.2749374118903259,High Risk,Reject,699
0,0.06469158557462197,Very Low Risk,Approve,814
0,0.536794688592833,Very High Risk,Reject,555
0,0.09861428428075489,Low Risk,Approve,796
0,0.07622296562317828,Very Low Risk,Approve,808
0,0.32761773667957833,Very High Risk,Reject,670
0,0.11157547240528448,Low Risk,Manual Review,789
0,0.3796850509959101,Very High Risk,Reject,641
1,0.22237342755661954,High Risk,Manual Review,728
0,0.20391518133534248,Medium Risk,Manual Review,738
0,0.2985095577792949,High Risk,Reject,686
0,0.04133219632077669,Very Low Risk,Approve,827
1,0.21820468827523962,High Risk,Manual Review,730
0,0.09601637821184546,Low Risk,Approve,797
0,0.17360957217921796,Medium Risk,Manual Review,755
0,0.47235000270634553,Very High Risk,Reject,590
1,0.14640133320819387,Medium Risk,Manual Review,769
0,0.3185943153806928,Very High Risk,Reject,675
1,0.543948395369662,Very High Risk,Reject,551
0,0.14529257006265509,Low Risk,Manual Review,770
0,0.06590732890462157,Very Low Risk,Approve,814
0,0.28176155182692575,High Risk,Reject,695
0,0.20956688557879935,Medium Risk,Manual Review,735
1,0.22448734454358438,High Risk,Manual Review,727
1,0.06801150478422194,Very Low Risk,Approve,813
0,0.08843071734494692,Low Risk,Approve,801
0,0.18833878955180644,Medium Risk,Manual Review,746
0,0.25060053172605495,High Risk,Reject,712
1,0.28467348203002313,High Risk,Reject,693
0,0.13711267124566567,Low Risk,Manual Review,775
0,0.16248946486111185,Medium Risk,Manual Review,761
0,0.060170426282116295,Very Low Risk,Approve,817
0,0.5370139229465822,Very High Risk,Reject,555
1,0.42259251684493476,Very High Risk,Reject,618
0,0.04765598050940833,Very Low Risk,Approve,824
0,0.0559826066709202,Very Low Risk,Approve,819
1,0.26152454272293185,High Risk,Reject,706
0,0.20567912286393825,Medium Risk,Manual Review,737
0,0.06250569944519588,Very Low Risk,Approve,816
0,0.22190291473122015,High Risk,Manual Review,728
1,0.19347303735327379,Medium Risk,Manual Review,744
0,0.03752490390211876,Very Low Risk,Approve,829
0,0.04004616265360845,Very Low Risk,Approve,828
0,0.09651076135541561,Low Risk,Approve,797
1,0.028676167085582092,Very Low Risk,Approve,834
1,0.1937558057899854,Medium Risk,Manual Review,743
0,0.21328732476072287,Medium Risk,Manual Review,733
0,0.26427608949315917,High Risk,Reject,705
1,0.24752280523773423,High Risk,Manual Review,714
0,0.10386818050770286,Low Risk,Manual Review,793
1,0.08740670178132916,Low Risk,Approve,802
1,0.37567923855694757,Very High Risk,Reject,643
0,0.25490596090051926,High Risk,Reject,710
0,0.1116238609903366,Low Risk,Manual Review,789
1,0.3738816468155082,Very High Risk,Reject,644
0,0.06300731918390279,Very Low Risk,Approve,815
0,0.07151600750636497,Very Low Risk,Approve,811
0,0.2224108774966949,High Risk,Manual Review,728
0,0.041099410172546764,Very Low Risk,Approve,827
0,0.08563309097195666,Very Low Risk,Approve,803
0,0.12710890137414363,Low Risk,Manual Review,780
0,0.29012004238277495,High Risk,Reject,690
0,0.13657434507649155,Low Risk,Manual Review,775
0,0.2611141133844457,High Risk,Reject,706
0,0.17069234658316348,Medium Risk,Manual Review,756
0,0.031603295104079596,Very Low Risk,Approve,833
0,0.02837823060764837,Very Low Risk,Approve,834
1,0.38874337554675714,Very High Risk,Reject,636
0,0.08930659505835822,Low Risk,Approve,801
0,0.20964245616086644,Medium Risk,Manual Review,735
0,0.07588901510142528,Very Low Risk,Approve,808
1,0.14315498853316969,Low Risk,Manual Review,771
0,0.09192000632422195,Low Risk,Approve,799
0,0.09544203319750641,Low Risk,Approve,798
0,0.07552068837002318,Very Low Risk,Approve,808
1,0.30392389903871425,High Risk,Reject,683
0,0.06971096775586251,Very Low Risk,Approve,812
0,0.34000272988229147,Very High Risk,Reject,663
0,0.1984426794895509,Medium Risk,Manual Review,741
1,0.1387110034931579,Low Risk,Manual Review,774
0,0.19624674861512847,Medium Risk,Manual Review,742
1,0.28758444630151037,High Risk,Reject,692
0,0.16478854513904498,Medium Risk,Manual Review,759
0,0.14558571374208876,Low Risk,Manual Review,770
0,0.14791061102754202,Medium Risk,Manual Review,769
0,0.17134755152350004,Medium Risk,Manual Review,756
0,0.17377947381418188,Medium Risk,Manual Review,754
0,0.2107503789457712,Medium Risk,Manual Review,734
0,0.09521002636197531,Low Risk,Approve,798
0,0.36448161773488374,Very High Risk,Reject,650
0,0.04128472887948364,Very Low Risk,Approve,827
0,0.12247017288096289,Low Risk,Manual Review,783
0,0.2278829080246626,High Risk,Manual Review,725
0,0.14989511167849195,Medium Risk,Manual Review,768
0,0.2363103463324743,High Risk,Manual Review,720
0,0.10729373537919358,Low Risk,Manual Review,791
0,0.20146786937139183,Medium Risk,Manual Review,739
0,0.22966095758803026,High Risk,Manual Review,724
0,0.08991323033992003,Low Risk,Approve,801
1,0.17624625455473866,Medium Risk,Manual Review,753
1,0.21307128733354957,Medium Risk,Manual Review,733
0,0.1375203345570283,Low Risk,Manual Review,774
0,0.11360783859847416,Low Risk,Manual Review,788
0,0.02818009060663936,Very Low Risk,Approve,835
1,0.05693185094416063,Very Low Risk,Approve,819
0,0.17480647619576356,Medium Risk,Manual Review,754
0,0.17031037602097418,Medium Risk,Manual Review,756
0,0.04944222815152833,Very Low Risk,Approve,823
1,0.40926311094634116,Very High Risk,Reject,625
0,0.06910950254700135,Very Low Risk,Approve,812
0,0.18559446445652242,Medium Risk,Manual Review,748
1,0.45496768130867615,Very High Risk,Reject,600
0,0.26189600111553335,High Risk,Reject,706
0,0.18607453199288984,Medium Risk,Manual Review,748
0,0.1373266059447952,Low Risk,Manual Review,774
1,0.3873626325683486,Very High Risk,Reject,637
0,0.058804245045020916,Very Low Risk,Approve,818
1,0.27326054450806325,High Risk,Reject,700
1,0.32047553507023085,Very High Risk,Reject,674
0,0.10368371972858585,Low Risk,Manual Review,793
0,0.40254713722321667,Very High Risk,Reject,629
0,0.22236042452840574,High Risk,Manual Review,728
0,0.25769500131870765,High Risk,Reject,708
1,0.21526157378372854,High Risk,Manual Review,732
0,0.14159727756429374,Low Risk,Manual Review,772
0,0.046577606121054334,Very Low Risk,Approve,824
0,0.03708078491510832,Very Low Risk,Approve,830
0,0.17019486046675616,Medium Risk,Manual Review,756
0,0.08651587139929422,Very Low Risk,Approve,802
0,0.08587320713397131,Very Low Risk,Approve,803
0,0.07290994318832134,Very Low Risk,Approve,810
0,0.07152914791492117,Very Low Risk,Approve,811
0,0.2320680178055835,High Risk,Manual Review,722
0,0.13184429953573304,Low Risk,Manual Review,777
1,0.3064083676238699,High Risk,Reject,681
1,0.3852057621989697,Very High Risk,Reject,638
0,0.06833168065109489,Very Low Risk,Approve,812
0,0.2739124963347152,High Risk,Reject,699
1,0.4204493243523461,Very High Risk,Reject,619
0,0.41911863130710925,Very High Risk,Reject,619
1,0.44022464653281584,Very High Risk,Reject,608
0,0.1550265819811233,Medium Risk,Manual Review,765
1,0.17263334284815182,Medium Risk,Manual Review,755
0,0.4004019421376511,Very High Risk,Reject,630
0,0.31213643270659336,Very High Risk,Reject,678
1,0.3142571456383471,Very High Risk,Reject,677
0,0.02847783149850487,Very Low Risk,Approve,834
0,0.08961097970208502,Low Risk,Approve,801
0,0.3995922043324704,Very High Risk,Reject,630
1,0.2728557410108274,High Risk,Reject,700
0,0.10489352417516319,Low Risk,Manual Review,792
1,0.3003073420984908,High Risk,Reject,685
0,0.14955643239173552,Medium Risk,Manual Review,768
0,0.2264770545760141,High Risk,Manual Review,725
0,0.09087271335463375,Low Risk,Approve,800
0,0.1836358033026314,Medium Risk,Manual Review,749
0,0.048908467576216474,Very Low Risk,Approve,823
0,0.4617040735935231,Very High Risk,Reject,596
0,0.15522701772643485,Medium Risk,Manual Review,765
0,0.0705631233551762,Very Low Risk,Approve,811
0,0.2321893435284825,High Risk,Manual Review,722
0,0.26608066299933136,High Risk,Reject,704
0,0.15680456104259857,Medium Risk,Manual Review,764
1,0.21707292756148974,High Risk,Manual Review,731
1,0.20836701855302187,Medium Risk,Manual Review,735
0,0.053104261340583894,Very Low Risk,Approve,821
1,0.22913547549493754,High Risk,Manual Review,724
0,0.15140738003651127,Medium Risk,Manual Review,767
0,0.15892108880236153,Medium Risk,Manual Review,763
0,0.08963216725429535,Low Risk,Approve,801
0,0.06601468324456197,Very Low Risk,Approve,814
1,0.34076790979554505,Very High Risk,Reject,663
0,0.3007142118190524,High Risk,Reject,685
0,0.33208888006086273,Very High Risk,Reject,667
0,0.31575730705102223,Very High Risk,Reject,676
0,0.24100281173175322,High Risk,Manual Review,717
0,0.031171441024067218,Very Low Risk,Approve,833
0,0.46200039632059053,Very High Risk,Reject,596
0,0.16545067960387377,Medium Risk,Manual Review,759
0,0.05829087762304875,Very Low Risk,Approve,818
0,0.48046959759880253,Very High Risk,Reject,586
1,0.2784798167597503,High Risk,Reject,697
0,0.10554608014502573,Low Risk,Manual Review,792
0,0.1356270920124612,Low Risk,Manual Review,775
0,0.3139469145798208,Very High Risk,Reject,677
0,0.019570393185608156,Very Low Risk,Approve,839
0,0.1454804178341976,Low Risk,Manual Review,770
1,0.3065684888215188,High Risk,Reject,681
1,0.1832290230210755,Medium Risk,Manual Review,749
0,0.07490195673397723,Very Low Risk,Approve,809
0,0.13863906478548518,Low Risk,Manual Review,774
0,0.07042789917946467,Very Low Risk,Approve,811
0,0.09893183124417786,Low Risk,Approve,796
0,0.14572149780710178,Low Risk,Manual Review,770
0,0.05391688811641471,Very Low Risk,Approve,820
0,0.06081040501398129,Very Low Risk,Approve,817
0,0.25997015455503625,High Risk,Reject,707
0,0.14162457318149832,Low Risk,Manual Review,772
1,0.45228293185283197,Very High Risk,Reject,601
0,0.08260014713216572,Very Low Risk,Approve,805
0,0.039522632948447364,Very Low Risk,Approve,828
0,0.08871839722888931,Low Risk,Approve,801
0,0.15151571464522884,Medium Risk,Manual Review,767
0,0.5472529684621078,Very High Risk,Reject,549
0,0.08560744623350688,Very Low Risk,Approve,803
0,0.17710361993732102,Medium Risk,Manual Review,753
0,0.18688460398197781,Medium Risk,Manual Review,747
0,0.139634986704154,Low Risk,Manual Review,773
0,0.09534588815247172,Low Risk,Approve,798
0,0.06298911393583408,Very Low Risk,Approve,815
1,0.5356884635110936,Very High Risk,Reject,555
1,0.5144786700766111,Very High Risk,Reject,567
0,0.0332478142194638,Very Low Risk,Approve,832
0,0.28940838365598465,High Risk,Reject,691
0,0.42424098656366604,Very High Risk,Reject,617
0,0.12009260005874194,Low Risk,Manual Review,784
0,0.031884326429139506,Very Low Risk,Approve,832
0,0.4278769126787687,Very High Risk,Reject,615
0,0.22861132068362172,High Risk,Manual Review,724
0,0.16254262509805575,Medium Risk,Manual Review,761
0,0.32500481420797045,Very High Risk,Reject,671
0,0.1957530321913926,Medium Risk,Manual Review,742
0,0.2458417976502304,High Risk,Manual Review,715
0,0.05968710682876761,Very Low Risk,Approve,817
0,0.22136165028060545,High Risk,Manual Review,728
1,0.41141061976873416,Very High Risk,Reject,624
0,0.18752245238311407,Medium Risk,Manual Review,747
0,0.35218757704766607,Very High Risk,Reject,656
0,0.37723868328474547,Very High Risk,Reject,643
0,0.392001793554821,Very High Risk,Reject,634
0,0.38780277144330677,Very High Risk,Reject,637
1,0.10643175320685723,Low Risk,Manual Review,791
0,0.2796859694429437,High Risk,Reject,696
1,0.10498520848448402,Low Risk,Manual Review,792
0,0.11537913288652951,Low Risk,Manual Review,787
1,0.038404574641830766,Very Low Risk,Approve,829
0,0.10435837276766055,Low Risk,Manual Review,793
1,0.10835873379929535,Low Risk,Manual Review,790
1,0.6430010963956173,Very High Risk,Reject,496
0,0.25112801283419073,High Risk,Reject,712
0,0.49439495048021226,Very High Risk,Reject,578
0,0.25826521616166925,High Risk,Reject,708
0,0.24676545356128354,High Risk,Manual Review,714
0,0.20184009046711968,Medium Risk,Manual Review,739
0,0.16478378777499075,Medium Risk,Manual Review,759
0,0.05927719665874174,Very Low Risk,Approve,817
0,0.10056013549999986,Low Risk,Manual Review,795
0,0.04992715683505596,Very Low Risk,Approve,823
0,0.21289026572180106,Medium Risk,Manual Review,733
0,0.22977433123442773,High Risk,Manual Review,724
0,0.2513271936028515,High Risk,Reject,712
1,0.3192107671375968,Very High Risk,Reject,674
0,0.17979470043355678,Medium Risk,Manual Review,751
0,0.11436848481127775,Low Risk,Manual Review,787
0,0.22080193461165212,High Risk,Manual Review,729
0,0.5481558171104034,Very High Risk,Reject,549
0,0.06098093367059744,Very Low Risk,Approve,816
1,0.33368167330467385,Very High Risk,Reject,666
0,0.16678009829200235,Medium Risk,Manual Review,758
0,0.05256473283443265,Very Low Risk,Approve,821
0,0.12197838871469129,Low Risk,Manual Review,783
1,0.5011519597166967,Very High Risk,Reject,574
0,0.17796132531128314,Medium Risk,Manual Review,752
0,0.2607400763887865,High Risk,Reject,707
1,0.18132156445709297,Medium Risk,Manual Review,750
0,0.17995631964913122,Medium Risk,Manual Review,751
0,0.03095880504302892,Very Low Risk,Approve,833
0,0.06760081860658003,Very Low Risk,Approve,813
0,0.13662718316479938,Low Risk,Manual Review,775
1,0.31728941235868224,Very High Risk,Reject,675
0,0.036001411506976465,Very Low Risk,Approve,830
0,0.17238662323588097,Medium Risk,Manual Review,755
0,0.25317559053109867,High Risk,Reject,711
0,0.0886234923551823,Low Risk,Approve,801
0,0.3608968560915581,Very High Risk,Reject,652
0,0.18268794294411494,Medium Risk,Manual Review,750
0,0.13654117077786404,Low Risk,Manual Review,775
0,0.1859605155084771,Medium Risk,Manual Review,748
1,0.5395863140233463,Very High Risk,Reject,553
0,0.1825112549234769,Medium Risk,Manual Review,750
0,0.4543481862259268,Very High Risk,Reject,600
1,0.44306364034471357,Very High Risk,Reject,606
0,0.25021866698310957,High Risk,Reject,712
0,0.1536683988287468,Medium Risk,Manual Review,765
0,0.09346846009491942,Low Risk,Approve,799
1,0.29665252117565666,High Risk,Reject,687
0,0.22769789733747473,High Risk,Manual Review,725
0,0.11914213485895407,Low Risk,Manual Review,784
0,0.10469528974496431,Low Risk,Manual Review,792
0,0.0368977040004362,Very Low Risk,Approve,830
1,0.23824277954872308,High Risk,Manual Review,719
0,0.420642369898272,Very High Risk,Reject,619
0,0.09982063946201089,Low Risk,Approve,795
0,0.5018159402334323,Very High Risk,Reject,574
1,0.4942866008226832,Very High Risk,Reject,578
0,0.12527634821238934,Low Risk,Manual Review,781
0,0.030962468182312065,Very Low Risk,Approve,833
0,0.30599049104868076,High Risk,Reject,682
0,0.16816870563221414,Medium Risk,Manual Review,758
0,0.4685105080207466,Very High Risk,Reject,592
1,0.5084651356981739,Very High Risk,Reject,570
0,0.3138929623237734,Very High Risk,Reject,677
0,0.10978389631133244,Low Risk,Manual Review,790
0,0.24068028475246075,High Risk,Manual Review,718
0,0.08949645105339102,Low Risk,Approve,801
0,0.26315832318181703,High Risk,Reject,705
0,0.16489852597024862,Medium Risk,Manual Review,759
0,0.08661700384165776,Very Low Risk,Approve,802
0,0.23979973263216287,High Risk,Manual Review,718
0,0.03223267263289601,Very Low Risk,Approve,832
0,0.3456937313168611,Very High Risk,Reject,660
0,0.1589064444214146,Medium Risk,Manual Review,763
1,0.29211877941993725,High Risk,Reject,689
0,0.1733286143679905,Medium Risk,Manual Review,755
0,0.03694358198942208,Very Low Risk,Approve,830
0,0.526293664003955,Very High Risk,Reject,561
0,0.10981096994208955,Low Risk,Manual Review,790
0,0.3496271566814839,Very High Risk,Reject,658
0,0.24030832303670657,High Risk,Manual Review,718
0,0.2873564329172229,High Risk,Reject,692
0,0.16731691111922606,Medium Risk,Manual Review,758
0,0.1938087870797259,Medium Risk,Manual Review,743
0,0.162069572126217,Medium Risk,Manual Review,761
0,0.06929891256162142,Very Low Risk,Approve,812
0,0.03069299096173389,Very Low Risk,Approve,833
0,0.15137770807351714,Medium Risk,Manual Review,767
0,0.13791846503861888,Low Risk,Manual Review,774
0,0.14204891531486974,Low Risk,Manual Review,772
1,0.3531148002071023,Very High Risk,Reject,656
1,0.4387354924942909,Very High Risk,Reject,609
0,0.054619829118703944,Very Low Risk,Approve,820
0,0.3319563479303014,Very High Risk,Reject,667
0,0.2669063746195546,High Risk,Reject,703
0,0.41552244919608083,Very High Risk,Reject,621
0,0.1326407890056492,Low Risk,Manual Review,777
1,0.14739322766005242,Medium Risk,Manual Review,769
1,0.16568409035821585,Medium Risk,Manual Review,759
0,0.3262781964714173,Very High Risk,Reject,671
0,0.14143365791682014,Low Risk,Manual Review,772
0,0.14380779592505966,Low Risk,Manual Review,771
0,0.1736911010690963,Medium Risk,Manual Review,754
0,0.06067123815048292,Very Low Risk,Approve,817
0,0.33931419310652167,Very High Risk,Reject,663
0,0.0628739242649792,Very Low Risk,Approve,815
0,0.20282317180076415,Medium Risk,Manual Review,738
1,0.1986240248346577,Medium Risk,Manual Review,741
1,0.0864377750712401,Very Low Risk,Approve,802
0,0.16584764628644535,Medium Risk,Manual Review,759
0,0.056672668842342296,Very Low Risk,Approve,819
1,0.27472899835993153,High Risk,Reject,699
1,0.45864654234974406,Very High Risk,Reject,598
0,0.1433109498980234,Low Risk,Manual Review,771
0,0.18325628386206524,Medium Risk,Manual Review,749
0,0.16971169352633328,Medium Risk,Manual Review,757
1,0.19155290503058625,Medium Risk,Manual Review,745
0,0.074121696256814,Very Low Risk,Approve,809
0,0.18280398605821527,Medium Risk,Manual Review,749
0,0.08917814252297737,Low Risk,Approve,801
0,0.16863346003026009,Medium Risk,Manual Review,757
0,0.13418234526254805,Low Risk,Manual Review,776
0,0.1467418255613376,Medium Risk,Manual Review,769
0,0.03856262994509772,Very Low Risk,Approve,829
0,0.09926164289308977,Low Risk,Approve,795
0,0.30107718275914874,High Risk,Reject,684
0,0.12262957849210387,Low Risk,Manual Review,783
0,0.1385315906650045,Low Risk,Manual Review,774
0,0.1436613886909894,Low Risk,Manual Review,771
0,0.048716820064241016,Very Low Risk,Approve,823
1,0.25563361111744354,High Risk,Reject,709
0,0.38216795757215805,Very High Risk,Reject,640
0,0.03337433454018466,Very Low Risk,Approve,832
1,0.3888433766106002,Very High Risk,Reject,636
0,0.2518324697033191,High Risk,Reject,711
0,0.1606242252079374,Medium Risk,Manual Review,762
0,0.20882620212697686,Medium Risk,Manual Review,735
0,0.42917624168608326,Very High Risk,Reject,614
0,0.25573394039276703,High Risk,Reject,709
0,0.03704542194946894,Very Low Risk,Approve,830
0,0.17211828212962677,Medium Risk,Manual Review,755
0,0.1048143427489721,Low Risk,Manual Review,792
0,0.027292736382893173,Very Low Risk,Approve,835
0,0.18720837041108654,Medium Risk,Manual Review,747
0,0.3093884886359486,High Risk,Reject,680
0,0.2873999523302144,High Risk,Reject,692
1,0.36632165510507586,Very High Risk,Reject,649
0,0.4397243027053811,Very High Risk,Reject,608
1,0.183138945467531,Medium Risk,Manual Review,749
0,0.4893119657758865,Very High Risk,Reject,581
1,0.4434217982242065,Very High Risk,Reject,606
0,0.3117179640534871,Very High Risk,Reject,679
0,0.24408083859130889,High Risk,Manual Review,716
0,0.13793333457287313,Low Risk,Manual Review,774
0,0.08862532099743306,Low Risk,Approve,801
0,0.21146615124492846,Medium Risk,Manual Review,734
0,0.18108332971315005,Medium Risk,Manual Review,750
0,0.08235271535009152,Very Low Risk,Approve,805
0,0.11560247198885354,Low Risk,Manual Review,786
0,0.05597947163751159,Very Low Risk,Approve,819
1,0.34924972079662886,Very High Risk,Reject,658
1,0.19102174835725186,Medium Risk,Manual Review,745
1,0.37292616751310703,Very High Risk,Reject,645
0,0.6196583004271925,Very High Risk,Reject,509
0,0.19608396680725923,Medium Risk,Manual Review,742
0,0.31700535447903894,Very High Risk,Reject,676
0,0.35155660038485426,Very High Risk,Reject,657
1,0.17371482385540515,Medium Risk,Manual Review,754
0,0.19301169905603302,Medium Risk,Manual Review,744
0,0.25225932486171315,High Risk,Reject,711
0,0.06322018553865465,Very Low Risk,Approve,815
0,0.2604345841026153,High Risk,Reject,707
0,0.3566703609732298,Very High Risk,Reject,654
0,0.10091180320756729,Low Risk,Manual Review,794
1,0.3341002727040517,Very High Risk,Reject,666
0,0.14139488193634103,Low Risk,Manual Review,772
0,0.33950460754097134,Very High Risk,Reject,663
1,0.24417522475143616,High Risk,Manual Review,716
0,0.09421448446820378,Low Risk,Approve,798
0,0.12786519177368477,Low Risk,Manual Review,780
0,0.147433746597259,Medium Risk,Manual Review,769
0,0.1616468721387538,Medium Risk,Manual Review,761
0,0.17698118128644783,Medium Risk,Manual Review,753
0,0.3479065291124529,Very High Risk,Reject,659
0,0.16017310752167604,Medium Risk,Manual Review,762
0,0.37775154736752437,Very High Risk,Reject,642
0,0.14190149106206248,Low Risk,Manual Review,772
0,0.10264641708874411,Low Risk,Manual Review,794
0,0.046167122922081506,Very Low Risk,Approve,825
0,0.184372425008823,Medium Risk,Manual Review,749
0,0.0889579793827222,Low Risk,Approve,801
1,0.3127908596647893,Very High Risk,Reject,678
1,0.2323271799065986,High Risk,Manual Review,722
0,0.08657315378254372,Very Low Risk,Approve,802
0,0.09951891469172838,Low Risk,Approve,795
0,0.09281062792123937,Low Risk,Approve,799
0,0.0375353064040055,Very Low Risk,Approve,829
0,0.06836952306588966,Very Low Risk,Approve,812
1,0.21325550240836516,Medium Risk,Manual Review,733
0,0.12798187151978954,Low Risk,Manual Review,780
0,0.10279205578272065,Low Risk,Manual Review,793
1,0.23353361900563893,High Risk,Manual Review,722
0,0.17218366093955617,Medium Risk,Manual Review,755
0,0.05354527394181202,Very Low Risk,Approve,821
1,0.422396579103813,Very High Risk,Reject,618
0,0.07905201887779294,Very Low Risk,Approve,807
0,0.028046667166682516,Very Low Risk,Approve,835
0,0.3904323837876337,Very High Risk,Reject,635
1,0.11780520682019448,Low Risk,Manual Review,785
1,0.6191801296176437,Very High Risk,Reject,509
0,0.14034445665156783,Low Risk,Manual Review,773
0,0.09718719302903828,Low Risk,Approve,797
1,0.43337515578621405,Very High Risk,Reject,612
0,0.33588136377808225,Very High Risk,Reject,665
0,0.08599256126652984,Very Low Risk,Approve,803
0,0.41076475267232726,Very High Risk,Reject,624
1,0.17247328895625996,Medium Risk,Manual Review,755
0,0.26480356817827944,High Risk,Reject,704
0,0.0998823122097556,Low Risk,Approve,795
0,0.3339819597378025,Very High Risk,Reject,666
0,0.317249292540948,Very High Risk,Reject,676
0,0.23366112202901443,High Risk,Manual Review,721
1,0.18345260221044624,Medium Risk,Manual Review,749
0,0.11878730685521331,Low Risk,Manual Review,785
0,0.1901763905976805,Medium Risk,Manual Review,745
0,0.06822332238303898,Very Low Risk,Approve,812
0,0.18588729108347302,Medium Risk,Manual Review,748
0,0.050720007328268694,Very Low Risk,Approve,822
0,0.29948420837371686,High Risk,Reject,685
0,0.14769156983483434,Medium Risk,Manual Review,769
0,0.04853251804477995,Very Low Risk,Approve,823
0,0.23043854351097967,High Risk,Manual Review,723
0,0.10792541500761847,Low Risk,Manual Review,791
0,0.22162751116794313,High Risk,Manual Review,728
1,0.25276195676370355,High Risk,Reject,711
0,0.3193148346566311,Very High Risk,Reject,674
0,0.34068697289384686,Very High Risk,Reject,663
0,0.10793735077243119,Low Risk,Manual Review,791
0,0.10236178256593075,Low Risk,Manual Review,794
0,0.057580184921795924,Very Low Risk,Approve,818
1,0.26746799041952574,High Risk,Reject,703
0,0.10315313388516838,Low Risk,Manual Review,793
0,0.12795762907690864,Low Risk,Manual Review,780
0,0.1289482319237351,Low Risk,Manual Review,779
0,0.14874676457111444,Medium Risk,Manual Review,768
0,0.18137335393065213,Medium Risk,Manual Review,750
0,0.0608191266961441,Very Low Risk,Approve,817
0,0.21105151086912674,Medium Risk,Manual Review,734
0,0.09118897738970097,Low Risk,Approve,800
0,0.21256110921033292,Medium Risk,Manual Review,733
1,0.28452504026654063,High Risk,Reject,694
1,0.2342940543952757,High Risk,Manual Review,721
0,0.16473020827422077,Medium Risk,Manual Review,759
0,0.04222455303716306,Very Low Risk,Approve,827
1,0.505238175204519,Very High Risk,Reject,572
0,0.1387891414842962,Low Risk,Manual Review,774
0,0.2053354668407993,Medium Risk,Manual Review,737
0,0.14672057269419733,Medium Risk,Manual Review,769
0,0.03670275338433189,Very Low Risk,Approve,830
0,0.27654294753243625,High Risk,Reject,698
1,0.3047559947003187,High Risk,Reject,682
0,0.03225705111788262,Very Low Risk,Approve,832
0,0.2295840774210695,High Risk,Manual Review,724
0,0.18050287071367463,Medium Risk,Manual Review,751
0,0.11106200742855543,Low Risk,Manual Review,789
0,0.12293762025445122,Low Risk,Manual Review,782
0,0.07539293128568136,Very Low Risk,Approve,809
1,0.4243854255741669,Very High Risk,Reject,617
0,0.32294455182729687,Very High Risk,Reject,672
0,0.32451517969431604,Very High Risk,Reject,672
0,0.08130694193574274,Very Low Risk,Approve,805
1,0.537522536905008,Very High Risk,Reject,554
0,0.2951943900485851,High Risk,Reject,688
0,0.0360977221889004,Very Low Risk,Approve,830
0,0.2309848838023643,High Risk,Manual Review,723
1,0.32565189354543733,Very High Risk,Reject,671
0,0.1799248156123524,Medium Risk,Manual Review,751
0,0.15451269826109434,Medium Risk,Manual Review,765
0,0.38642703754625457,Very High Risk,Reject,637
0,0.1595955504801833,Medium Risk,Manual Review,762
1,0.1955668004334041,Medium Risk,Manual Review,742
1,0.15077268110503972,Medium Risk,Manual Review,767
0,0.17213740287971963,Medium Risk,Manual Review,755
1,0.06462366277197391,Very Low Risk,Approve,814
0,0.16265628026211937,Medium Risk,Manual Review,761
0,0.2769204791892079,High Risk,Reject,698
0,0.04616136836243777,Very Low Risk,Approve,825
0,0.15675188144659383,Medium Risk,Manual Review,764
0,0.23689601669049448,High Risk,Manual Review,720
1,0.37730050423256795,Very High Risk,Reject,642
0,0.08592121089689128,Very Low Risk,Approve,803
0,0.03917563063966844,Very Low Risk,Approve,828
1,0.16811429391431415,Medium Risk,Manual Review,758
1,0.2613590074647772,High Risk,Reject,706
0,0.18486580673397654,Medium Risk,Manual Review,748
0,0.050369671048423825,Very Low Risk,Approve,822
0,0.35538033557663196,Very High Risk,Reject,655
1,0.42148907698423266,Very High Risk,Reject,618
0,0.38977907817034635,Very High Risk,Reject,636
0,0.2396383554377375,High Risk,Manual Review,718
0,0.15678682235776176,Medium Risk,Manual Review,764
0,0.15720120251853126,Medium Risk,Manual Review,764
0,0.24865335853430318,High Risk,Manual Review,713
1,0.32011890332037424,Very High Risk,Reject,674
0,0.4716169490165154,Very High Risk,Reject,591
1,0.3994229135571965,Very High Risk,Reject,630
0,0.24886481957440143,High Risk,Manual Review,713
0,0.06197095292204975,Very Low Risk,Approve,816
1,0.10431867242607759,Low Risk,Manual Review,793
0,0.151440598161359,Medium Risk,Manual Review,767
0,0.18641974434267866,Medium Risk,Manual Review,747
1,0.20435515502539822,Medium Risk,Manual Review,738
0,0.13773225529706823,Low Risk,Manual Review,774
0,0.27082767519672246,High Risk,Reject,701
0,0.20271056210510022,Medium Risk,Manual Review,739
1,0.39329442347654286,Very High Risk,Reject,634
1,0.20866466093379596,Medium Risk,Manual Review,735
0,0.24573922173824492,High Risk,Manual Review,715
0,0.21283867768178566,Medium Risk,Manual Review,733
0,0.18226697283095716,Medium Risk,Manual Review,750
0,0.19096184100574926,Medium Risk,Manual Review,745
1,0.5016897425881522,Very High Risk,Reject,574
1,0.44207334282701766,Very High Risk,Reject,607
1,0.13003656730591034,Low Risk,Manual Review,778
0,0.23331838437311023,High Risk,Manual Review,722
0,0.2299007406094487,High Risk,Manual Review,724
0,0.4877643996376583,Very High Risk,Reject,582
1,0.1602246837237943,Medium Risk,Manual Review,762
0,0.22378183301282792,High Risk,Manual Review,727
0,0.14253855406389232,Low Risk,Manual Review,772
0,0.15392334689864537,Medium Risk,Manual Review,765
1,0.41036721962349254,Very High Risk,Reject,624
0,0.08047929382225119,Very Low Risk,Approve,806
0,0.12048572673883019,Low Risk,Manual Review,784
0,0.4306395743599152,Very High Risk,Reject,613
0,0.08686771597273249,Very Low Risk,Approve,802
0,0.3722554352696896,Very High Risk,Reject,645
0,0.16892767216515658,Medium Risk,Manual Review,757
0,0.12169468122079215,Low Risk,Manual Review,783
0,0.16889372569050462,Medium Risk,Manual Review,757
0,0.09310241167768367,Low Risk,Approve,799
0,0.16898035264633407,Medium Risk,Manual Review,757
0,0.34642845959339785,Very High Risk,Reject,659
0,0.2176002657802858,High Risk,Manual Review,730
0,0.26807616972955456,High Risk,Reject,703
1,0.13535139537030477,Low Risk,Manual Review,776
0,0.06032007964843081,Very Low Risk,Approve,817
0,0.07730833643958696,Very Low Risk,Approve,807
0,0.1215944805263301,Low Risk,Manual Review,783
0,0.35630190354181174,Very High Risk,Reject,654
0,0.26174696440147055,High Risk,Reject,706
0,0.12175404575987167,Low Risk,Manual Review,783
1,0.24389672754107672,High Risk,Manual Review,716
0,0.2692522517701057,High Risk,Reject,702
0,0.2207017913084656,High Risk,Manual Review,729
0,0.21538697410916635,High Risk,Manual Review,732
0,0.1196023739811222,Low Risk,Manual Review,784
0,0.09549715213462637,Low Risk,Approve,797
0,0.19839176241205933,Medium Risk,Manual Review,741
0,0.12316309491244991,Low Risk,Manual Review,782
0,0.1508286148048843,Medium Risk,Manual Review,767
0,0.1706191422702131,Medium Risk,Manual Review,756
1,0.4813239157215592,Very High Risk,Reject,585
0,0.14967921165535286,Medium Risk,Manual Review,768
0,0.3022123379589994,High Risk,Reject,684
0,0.3599034106964154,Very High Risk,Reject,652
0,0.31153143384132986,High Risk,Reject,679
0,0.3362138715633401,Very High Risk,Reject,665
0,0.2463872591735018,High Risk,Manual Review,714
0,0.032826416458769984,Very Low Risk,Approve,832
0,0.11263179462693379,Low Risk,Manual Review,788
0,0.3215241653926997,Very High Risk,Reject,673
0,0.2749535305041433,High Risk,Reject,699
1,0.3999500128328425,Very High Risk,Reject,630
0,0.48552322951398125,Very High Risk,Reject,583
1,0.49745167821774544,Very High Risk,Reject,576
0,0.5949467281290735,Very High Risk,Reject,523
0,0.09258291125098758,Low Risk,Approve,799
1,0.5318201103375271,Very High Risk,Reject,557
0,0.18300085459818324,Medium Risk,Manual Review,749
0,0.07249125056825213,Very Low Risk,Approve,810
0,0.2787010260574605,High Risk,Reject,697
0,0.10662915358246618,Low Risk,Manual Review,791
1,0.4239358991395025,Very High Risk,Reject,617
0,0.32344954140546234,Very High Risk,Reject,672
0,0.17703761308440455,Medium Risk,Manual Review,753
0,0.28674288718893304,High Risk,Reject,692
0,0.285372994121685,High Risk,Reject,693
0,0.09759775249077045,Low Risk,Approve,796
0,0.23561214094038313,High Risk,Manual Review,720
1,0.3879269540697743,Very High Risk,Reject,637
1,0.1650844149264006,Medium Risk,Manual Review,759
1,0.24897445576829794,High Risk,Manual Review,713
0,0.19988679964423883,Medium Risk,Manual Review,740
0,0.023610832822810873,Very Low Risk,Approve,837
1,0.14370791476777328,Low Risk,Manual Review,771
0,0.2690250494541817,High Risk,Reject,702
1,0.3670999061115828,Very High Risk,Reject,648
1,0.44686000773934564,Very High Risk,Reject,604
0,0.1415254260389634,Low Risk,Manual Review,772
0,0.16893922661364438,Medium Risk,Manual Review,757
0,0.19306049828106558,Medium Risk,Manual Review,744
0,0.08931319776651907,Low Risk,Approve,801
0,0.11964008142916294,Low Risk,Manual Review,784
1,0.1266508789531457,Low Risk,Manual Review,780
0,0.09852444705028289,Low Risk,Approve,796
0,0.1654767036526375,Medium Risk,Manual Review,759
0,0.031021298530589388,Very Low Risk,Approve,833
0,0.18019013064940242,Medium Risk,Manual Review,751
0,0.22035718567267631,High Risk,Manual Review,729
0,0.1078687573607059,Low Risk,Manual Review,791
0,0.07072167225744908,Very Low Risk,Approve,811
1,0.16958214686965778,Medium Risk,Manual Review,757
0,0.07336508971338676,Very Low Risk,Approve,810
0,0.2028226540589442,Medium Risk,Manual Review,738
0,0.07565700064398663,Very Low Risk,Approve,808
0,0.1222814164536454,Low Risk,Manual Review,783
0,0.16688840289908743,Medium Risk,Manual Review,758
0,0.3426327139624403,Very High Risk,Reject,662
0,0.10683265487428659,Low Risk,Manual Review,791
0,0.12038981103103649,Low Risk,Manual Review,784
0,0.13085998937892862,Low Risk,Manual Review,778
0,0.4787746644325197,Very High Risk,Reject,587
0,0.10728119462710385,Low Risk,Manual Review,791
1,0.40579377831195307,Very High Risk,Reject,627
0,0.1294455012856529,Low Risk,Manual Review,779
0,0.1615987979068179,Medium Risk,Manual Review,761
1,0.16874384837696882,Medium Risk,Manual Review,757
0,0.1751610462851157,Medium Risk,Manual Review,754
0,0.2442582236671257,High Risk,Manual Review,716
0,0.42839368868423017,Very High Risk,Reject,614
0,0.043769743119696024,Very Low Risk,Approve,826
1,0.23070815685040624,High Risk,Manual Review,723
1,0.25228803487707874,High Risk,Reject,711
0,0.08425527868784158,Very Low Risk,Approve,804
1,0.2904925427110285,High Risk,Reject,690
0,0.05904329462318276,Very Low Risk,Approve,818
0,0.10359129518663202,Low Risk,Manual Review,793
0,0.02910792715928746,Very Low Risk,Approve,834
0,0.276633978663568,High Risk,Reject,698
1,0.2978924510826492,High Risk,Reject,686
0,0.10513065614038483,Low Risk,Manual Review,792
0,0.17534462567957912,Medium Risk,Manual Review,754
0,0.6355397186953928,Very High Risk,Reject,500
0,0.05795885631959715,Very Low Risk,Approve,818
0,0.43756448391968655,Very High Risk,Reject,609
0,0.1368005708540633,Low Risk,Manual Review,775
1,0.5384794014237095,Very High Risk,Reject,554
0,0.22355292229143633,High Risk,Manual Review,727
1,0.5247309534053756,Very High Risk,Reject,561
0,0.2031034527904277,Medium Risk,Manual Review,738
0,0.3860780774686617,Very High Risk,Reject,638
0,0.49864030892540084,Very High Risk,Reject,576
0,0.19057796413049577,Medium Risk,Manual Review,745
0,0.08683477718202422,Very Low Risk,Approve,802
0,0.22480036243342502,High Risk,Manual Review,726
0,0.29303374836973206,High Risk,Reject,689
0,0.08538301505403582,Very Low Risk,Approve,803
1,0.27487970875157497,High Risk,Reject,699
0,0.05209087879509531,Very Low Risk,Approve,821
1,0.1569203537602864,Medium Risk,Manual Review,764
0,0.4308236364409415,Very High Risk,Reject,613
0,0.1516730338165306,Medium Risk,Manual Review,767
0,0.14041451002936922,Low Risk,Manual Review,773
0,0.1282946811916285,Low Risk,Manual Review,779
0,0.14642540082636218,Medium Risk,Manual Review,769
0,0.09395078300553977,Low Risk,Approve,798
0,0.14800560735941956,Medium Risk,Manual Review,769
0,0.2611607042854674,High Risk,Reject,706
0,0.07017648623131775,Very Low Risk,Approve,811
0,0.18047617941547628,Medium Risk,Manual Review,751
0,0.04884989773516262,Very Low Risk,Approve,823
1,0.05638745307826637,Very Low Risk,Approve,819
0,0.0744741757633056,Very Low Risk,Approve,809
0,0.1724745358631397,Medium Risk,Manual Review,755
0,0.11416314810692534,Low Risk,Manual Review,787
0,0.14953503753280228,Medium Risk,Manual Review,768
0,0.06325999227530792,Very Low Risk,Approve,815
0,0.06674084150166258,Very Low Risk,Approve,813
1,0.46797584153344074,Very High Risk,Reject,593
0,0.21242898644502256,Medium Risk,Manual Review,733
0,0.07485620393504754,Very Low Risk,Approve,809
0,0.03608298737924906,Very Low Risk,Approve,830
0,0.09014821758499918,Low Risk,Approve,800
0,0.1142310001761548,Low Risk,Manual Review,787
1,0.5725480617793012,Very High Risk,Reject,535
0,0.08074741972988858,Very Low Risk,Approve,806
0,0.31867980175924615,Very High Risk,Reject,675
0,0.2058924186460758,Medium Risk,Manual Review,737
1,0.1552409582067156,Medium Risk,Manual Review,765
0,0.2769721981127556,High Risk,Reject,698
0,0.34945093171486286,Very High Risk,Reject,658
0,0.17297529067206763,Medium Risk,Manual Review,755
0,0.09817063433762566,Low Risk,Approve,796
0,0.047903413075657236,Very Low Risk,Approve,824
0,0.07102876942037319,Very Low Risk,Approve,811
1,0.04132229361825757,Very Low Risk,Approve,827
1,0.31959279120406103,Very High Risk,Reject,674
1,0.2356248719719884,High Risk,Manual Review,720
0,0.17357630266247484,Medium Risk,Manual Review,755
0,0.2476664028933749,High Risk,Manual Review,714
1,0.4402619448017358,Very High Risk,Reject,608
1,0.19612125920854007,Medium Risk,Manual Review,742
0,0.0946992147756969,Low Risk,Approve,798
0,0.0446578450407151,Very Low Risk,Approve,825
0,0.08612053697194334,Very Low Risk,Approve,803
0,0.08517459436637952,Very Low Risk,Approve,803
1,0.4779022165647961,Very High Risk,Reject,587
0,0.06234099587485306,Very Low Risk,Approve,816
0,0.12171795431746427,Low Risk,Manual Review,783
0,0.18032531741355343,Medium Risk,Manual Review,751
0,0.27251065956464526,High Risk,Reject,700
1,0.35199943124914373,Very High Risk,Reject,656
0,0.06039886661145758,Very Low Risk,Approve,817
0,0.11501807542855579,Low Risk,Manual Review,787
0,0.2691513216654987,High Risk,Reject,702
0,0.470607548807111,Very High Risk,Reject,591
0,0.30822063312379605,High Risk,Reject,680
1,0.2550387974532574,High Risk,Reject,710
0,0.1334640379470027,Low Risk,Manual Review,777
0,0.4368933358801886,Very High Risk,Reject,610
0,0.10588534862021047,Low Risk,Manual Review,792
0,0.48442054928446027,Very High Risk,Reject,584
0,0.18708765878394257,Medium Risk,Manual Review,747
1,0.18579157656073914,Medium Risk,Manual Review,748
0,0.1827025786344871,Medium Risk,Manual Review,750
0,0.3171803730929664,Very High Risk,Reject,676
0,0.148555940606995,Medium Risk,Manual Review,768
1,0.3524367255698115,Very High Risk,Reject,656
0,0.11746504944121125,Low Risk,Manual Review,785
1,0.3027225753807401,High Risk,Reject,684
0,0.37502527698953725,Very High Risk,Reject,644
0,0.040263430686607767,Very Low Risk,Approve,828
1,0.20158054979879134,Medium Risk,Manual Review,739
0,0.09424357970646513,Low Risk,Approve,798
0,0.051506268086458314,Very Low Risk,Approve,822
0,0.13762000069722016,Low Risk,Manual Review,774
0,0.19004698616137014,Medium Risk,Manual Review,745
1,0.161441682507524,Medium Risk,Manual Review,761
0,0.22499103960345176,High Risk,Manual Review,726
0,0.09364115144353302,Low Risk,Approve,798
1,0.4335602157545681,Very High Risk,Reject,612
0,0.11808303653988307,Low Risk,Manual Review,785
0,0.21344390738118016,High Risk,Manual Review,733
0,0.15410821093297525,Medium Risk,Manual Review,765
0,0.5333005956304911,Very High Risk,Reject,557
0,0.25731766238589826,High Risk,Reject,708
0,0.1664319361839599,Medium Risk,Manual Review,758
0,0.2472628304475537,High Risk,Manual Review,714
0,0.12532917832071266,Low Risk,Manual Review,781
0,0.35056723554979885,Very High Risk,Reject,657
0,0.33845906016245025,Very High Risk,Reject,664
0,0.1570056307313191,Medium Risk,Manual Review,764
0,0.17243509286786868,Medium Risk,Manual Review,755
0,0.21822238042047196,High Risk,Manual Review,730
0,0.09754530876493767,Low Risk,Approve,796
0,0.2854297561363231,High Risk,Reject,693
0,0.21820937119823644,High Risk,Manual Review,730
1,0.320683041317514,Very High Risk,Reject,674
1,0.09501762428742569,Low Risk,Approve,798
0,0.3051601723475694,High Risk,Reject,682
0,0.290676866607353,High Risk,Reject,690
0,0.05006833332892097,Very Low Risk,Approve,822
0,0.06081051334454909,Very Low Risk,Approve,817
0,0.0827109940616983,Very Low Risk,Approve,805
0,0.1075248442999513,Low Risk,Manual Review,791
0,0.08677281354783194,Very Low Risk,Approve,802
0,0.1748184162086073,Medium Risk,Manual Review,754
0,0.25381242193401776,High Risk,Reject,710
0,0.30533364917058475,High Risk,Reject,682
0,0.11684902864478404,Low Risk,Manual Review,786
0,0.14443876292122992,Low Risk,Manual Review,771
0,0.33878011448136836,Very High Risk,Reject,664
0,0.12494675004670162,Low Risk,Manual Review,781
1,0.4594950975204355,Very High Risk,Reject,597
0,0.2832998037238867,High Risk,Reject,694
1,0.5189259302505459,Very High Risk,Reject,565
0,0.06238308960439649,Very Low Risk,Approve,816
0,0.19422545245934789,Medium Risk,Manual Review,743
0,0.2086604376373722,Medium Risk,Manual Review,735
0,0.05617981109080778,Very Low Risk,Approve,819
0,0.2140717865538807,High Risk,Manual Review,732
0,0.15219586258716958,Medium Risk,Manual Review,766
0,0.18982925546715926,Medium Risk,Manual Review,746
0,0.21789642852371988,High Risk,Manual Review,730
1,0.31078166205572744,High Risk,Reject,679
0,0.2587060389130229,High Risk,Reject,708
0,0.19513449067669378,Medium Risk,Manual Review,743
0,0.041697002884356085,Very Low Risk,Approve,827
0,0.23130913973303405,High Risk,Manual Review,723
0,0.10250410596792288,Low Risk,Manual Review,794
0,0.04386717108683143,Very Low Risk,Approve,826
1,0.21663049510974602,High Risk,Manual Review,731
0,0.32868370201282476,Very High Risk,Reject,669
0,0.10654130248405294,Low Risk,Manual Review,791
0,0.054968627282877124,Very Low Risk,Approve,820
0,0.17270442127363478,Medium Risk,Manual Review,755
1,0.21531963536246418,High Risk,Manual Review,732
1,0.28338969242911555,High Risk,Reject,694
0,0.27218676100189476,High Risk,Reject,700
0,0.19815009004172582,Medium Risk,Manual Review,741
0,0.0541446845813112,Very Low Risk,Approve,820
1,0.38588247080430144,Very High Risk,Reject,638
0,0.06405537582538819,Very Low Risk,Approve,815
0,0.1522712887153505,Medium Risk,Manual Review,766
0,0.07196659940137477,Very Low Risk,Approve,810
0,0.10205137385515535,Low Risk,Manual Review,794
0,0.14419946017070048,Low Risk,Manual Review,771
0,0.20217022698078604,Medium Risk,Manual Review,739
1,0.35679165223460235,Very High Risk,Reject,654
0,0.11145266946639304,Low Risk,Manual Review,789
1,0.20848555862130164,Medium Risk,Manual Review,735
0,0.10173269955944433,Low Risk,Manual Review,794
0,0.48280981729054584,Very High Risk,Reject,584
0,0.045893169464321704,Very Low Risk,Approve,825
1,0.38899864998230027,Very High Risk,Reject,636
0,0.11359288794713673,Low Risk,Manual Review,788
0,0.15727862698918885,Medium Risk,Manual Review,763
0,0.2128950080115343,Medium Risk,Manual Review,733
0,0.1726474839391373,Medium Risk,Manual Review,755
0,0.3009750630925207,High Risk,Reject,684
1,0.5026714599860632,Very High Risk,Reject,574
0,0.13365398770850825,Low Risk,Manual Review,776
0,0.30439704522007804,High Risk,Reject,683
0,0.019749797512596083,Very Low Risk,Approve,839
0,0.23023727612759842,High Risk,Manual Review,723
0,0.07880640115432656,Very Low Risk,Approve,807
0,0.3700070177925046,Very High Risk,Reject,646
0,0.23657294266984838,High Risk,Manual Review,720
0,0.09582558822019382,Low Risk,Approve,797
0,0.1008740354910453,Low Risk,Manual Review,795
0,0.3817809951766157,Very High Risk,Reject,640
0,0.07774456362527389,Very Low Risk,Approve,807
0,0.04939291975876953,Very Low Risk,Approve,823
0,0.07382634730595404,Very Low Risk,Approve,809
0,0.2171616802630858,High Risk,Manual Review,731
0,0.10046853927441796,Low Risk,Manual Review,795
0,0.14507781943276243,Low Risk,Manual Review,770
0,0.07983486131454141,Very Low Risk,Approve,806
0,0.3987312913513471,Very High Risk,Reject,631
1,0.4695134663860471,Very High Risk,Reject,592
0,0.10433828164123078,Low Risk,Manual Review,793
1,0.28810915661257813,High Risk,Reject,692
0,0.2264701290208578,High Risk,Manual Review,725
0,0.09405629711033295,Low Risk,Approve,798
0,0.05142139497295879,Very Low Risk,Approve,822
1,0.36513891955055006,Very High Risk,Reject,649
1,0.23954608409461062,High Risk,Manual Review,718
1,0.281551234484838,High Risk,Reject,695
1,0.335655716099639,Very High Risk,Reject,665
0,0.2702100749858248,High Risk,Reject,701
0,0.19351242051363576,Medium Risk,Manual Review,744
1,0.1993029124977393,Medium Risk,Manual Review,740
0,0.048674474373162795,Very Low Risk,Approve,823
1,0.31911340456061627,Very High Risk,Reject,674
0,0.11718020284744898,Low Risk,Manual Review,786
0,0.029476085913943868,Very Low Risk,Approve,834
0,0.27083867510792237,High Risk,Reject,701
0,0.034660987224679335,Very Low Risk,Approve,831
0,0.05987254760252362,Very Low Risk,Approve,817
1,0.304165199008921,High Risk,Reject,683
1,0.5046149068993413,Very High Risk,Reject,572
0,0.2261835331530333,High Risk,Manual Review,726
0,0.07644002828163471,Very Low Risk,Approve,808
0,0.2263445496813116,High Risk,Manual Review,726
0,0.0384854885151372,Very Low Risk,Approve,829
0,0.1674470856971001,Medium Risk,Manual Review,758
0,0.37738812840254576,Very High Risk,Reject,642
0,0.1973966735312633,Medium Risk,Manual Review,741
0,0.07768575014438242,Very Low Risk,Approve,807
1,0.5680174540395418,Very High Risk,Reject,538
0,0.16511486030357975,Medium Risk,Manual Review,759
0,0.10897942246592443,Low Risk,Manual Review,790
0,0.26195703461795306,High Risk,Reject,706
0,0.09698797557125816,Low Risk,Approve,797
0,0.1324352949474931,Low Risk,Manual Review,777
1,0.3788150415180224,Very High Risk,Reject,642
0,0.1674073668720312,Medium Risk,Manual Review,758
1,0.1749132732552411,Medium Risk,Manual Review,754
1,0.3422588762529302,Very High Risk,Reject,662
0,0.11395960274933636,Low Risk,Manual Review,787
0,0.13953845846117713,Low Risk,Manual Review,773
0,0.21061157073836628,Medium Risk,Manual Review,734
0,0.27759630214263015,High Risk,Reject,697
0,0.07845367325029921,Very Low Risk,Approve,807
1,0.2601920920974211,High Risk,Reject,707
0,0.16383775727255995,Medium Risk,Manual Review,760
1,0.16414518020394392,Medium Risk,Manual Review,760
0,0.19096397236723692,Medium Risk,Manual Review,745
0,0.07976274052834788,Very Low Risk,Approve,806
1,0.1312872802931415,Low Risk,Manual Review,778
0,0.15653446281071304,Medium Risk,Manual Review,764
0,0.32929876187735124,Very High Risk,Reject,669
0,0.09076274176779778,Low Risk,Approve,800
0,0.14440250948513667,Low Risk,Manual Review,771
0,0.13555324227896073,Low Risk,Manual Review,775
0,0.2713253284003433,High Risk,Reject,701
0,0.4361559701879258,Very High Risk,Reject,610
0,0.14748584442463222,Medium Risk,Manual Review,769
0,0.3200387891949003,Very High Risk,Reject,674
0,0.04271003626232538,Very Low Risk,Approve,827
1,0.4164250835810672,Very High Risk,Reject,621
1,0.12113402452450658,Low Risk,Manual Review,783
1,0.16111516905528123,Medium Risk,Manual Review,761
0,0.08677528050924997,Very Low Risk,Approve,802
0,0.0656088612423297,Very Low Risk,Approve,814
0,0.18583588921604616,Medium Risk,Manual Review,748
0,0.47312056487494264,Very High Risk,Reject,590
1,0.43252991959616366,Very High Risk,Reject,612
0,0.051328783388787866,Very Low Risk,Approve,822
1,0.4426680438388731,Very High Risk,Reject,607
0,0.0315383793970863,Very Low Risk,Approve,833
0,0.05182561619319396,Very Low Risk,Approve,821
1,0.23492822603745317,High Risk,Manual Review,721
0,0.03561126022832785,Very Low Risk,Approve,830
0,0.04748880655295826,Very Low Risk,Approve,824
0,0.26297136867319143,High Risk,Reject,705
0,0.027565145694399357,Very Low Risk,Approve,835
0,0.09428255628208908,Low Risk,Approve,798
0,0.07400203520037839,Very Low Risk,Approve,809
1,0.16062307817405386,Medium Risk,Manual Review,762
1,0.2143665269367058,High Risk,Manual Review,732
0,0.11792838741013455,Low Risk,Manual Review,785
0,0.2669756547360686,High Risk,Reject,703
0,0.24341154127919343,High Risk,Manual Review,716
0,0.12085131592356399,Low Risk,Manual Review,784
1,0.15261696863661436,Medium Risk,Manual Review,766
0,0.6404494560098961,Very High Risk,Reject,498
0,0.12552010590509297,Low Risk,Manual Review,781
0,0.05988686437999832,Very Low Risk,Approve,817
0,0.2998451395934826,High Risk,Reject,685
1,0.19718539167986815,Medium Risk,Manual Review,742
0,0.06319189549643416,Very Low Risk,Approve,815
0,0.16738580451932006,Medium Risk,Manual Review,758
0,0.5780577470510948,Very High Risk,Reject,532
0,0.049522013043115744,Very Low Risk,Approve,823
0,0.030253109765320117,Very Low Risk,Approve,833
1,0.37461954818531146,Very High Risk,Reject,644
0,0.10376316437700897,Low Risk,Manual Review,793
0,0.13692208692819288,Low Risk,Manual Review,775
0,0.1472813272123231,Medium Risk,Manual Review,769
0,0.11502194800555414,Low Risk,Manual Review,787
1,0.17003804267152187,Medium Risk,Manual Review,756
0,0.08787850271319067,Low Risk,Approve,802
0,0.11820722527497195,Low Risk,Manual Review,785
0,0.13894382114976153,Low Risk,Manual Review,774
0,0.2685967445621514,High Risk,Reject,702
1,0.14247476454211414,Low Risk,Manual Review,772
1,0.42661360049225866,Very High Risk,Reject,615
0,0.12626991856278494,Low Risk,Manual Review,781
0,0.05465945894295793,Very Low Risk,Approve,820
0,0.024326211130340242,Very Low Risk,Approve,837
0,0.37783697582670017,Very High Risk,Reject,642
0,0.26107353252584714,High Risk,Reject,706
0,0.049794046406802024,Very Low Risk,Approve,823
0,0.15196292586008453,Medium Risk,Manual Review,766
0,0.07767177028223807,Very Low Risk,Approve,807
0,0.4613002701963508,Very High Risk,Reject,596
0,0.18463603439600623,Medium Risk,Manual Review,748
0,0.060727008903995,Very Low Risk,Approve,817
0,0.10764995132020985,Low Risk,Manual Review,791
1,0.09174031540955105,Low Risk,Approve,800
0,0.4167142822132805,Very High Risk,Reject,621
1,0.4960410012823964,Very High Risk,Reject,577
0,0.14553661995914804,Low Risk,Manual Review,770
0,0.1241360863925854,Low Risk,Manual Review,782
1,0.1847765242645744,Medium Risk,Manual Review,748
0,0.16729768995993302,Medium Risk,Manual Review,758
1,0.08328541535420463,Very Low Risk,Approve,804
0,0.15032604842291974,Medium Risk,Manual Review,767
0,0.4164716221640511,Very High Risk,Reject,621
0,0.123395237001639,Low Risk,Manual Review,782
1,0.40215702479560855,Very High Risk,Reject,629
0,0.1340095415196907,Low Risk,Manual Review,776
0,0.2585132203482388,High Risk,Reject,708
0,0.1449055301407792,Low Risk,Manual Review,770
0,0.12905020288472746,Low Risk,Manual Review,779
0,0.022545643529304875,Very Low Risk,Approve,838
0,0.06631895749848872,Very Low Risk,Approve,814
0,0.10861393987064105,Low Risk,Manual Review,790
1,0.2940812280227861,High Risk,Reject,688
1,0.3304020936374877,Very High Risk,Reject,668
0,0.07906529303905456,Very Low Risk,Approve,807
1,0.3363649579680957,Very High Risk,Reject,665
0,0.34838127462167723,Very High Risk,Reject,658
0,0.16945767239608325,Medium Risk,Manual Review,757
0,0.2289160539221307,High Risk,Manual Review,724
0,0.07886010593778586,Very Low Risk,Approve,807
1,0.3058754564467984,High Risk,Reject,682
0,0.19521483597866554,Medium Risk,Manual Review,743
0,0.13180198995076595,Low Risk,Manual Review,778
0,0.1104060899391493,Low Risk,Manual Review,789
0,0.4009800507616155,Very High Risk,Reject,629
0,0.40861401555831206,Very High Risk,Reject,625
0,0.13823967166068246,Low Risk,Manual Review,774
0,0.22474014190567992,High Risk,Manual Review,726
0,0.06734357004110972,Very Low Risk,Approve,813
0,0.0573303918258253,Very Low Risk,Approve,818
0,0.2191759246394668,High Risk,Manual Review,729
0,0.32291185439068415,Very High Risk,Reject,672
0,0.13660186574013802,Low Risk,Manual Review,775
0,0.04454229985543012,Very Low Risk,Approve,826
0,0.05673438777164003,Very Low Risk,Approve,819
0,0.25876543596514284,High Risk,Reject,708
0,0.19716489379954252,Medium Risk,Manual Review,742
1,0.371687255630393,Very High Risk,Reject,646
0,0.08690639605542888,Very Low Risk,Approve,802
0,0.24910207731072131,High Risk,Manual Review,713
0,0.22154571464971462,High Risk,Manual Review,728
0,0.06240194893025718,Very Low Risk,Approve,816
0,0.14461929676934038,Low Risk,Manual Review,770
1,0.18798968064271604,Medium Risk,Manual Review,747
0,0.0362240903001112,Very Low Risk,Approve,830
0,0.2694285259841208,High Risk,Reject,702
0,0.10143152364585778,Low Risk,Manual Review,794
0,0.43356136116766647,Very High Risk,Reject,612
1,0.4498005572610778,Very High Risk,Reject,603
0,0.24217810268368448,High Risk,Manual Review,717
1,0.20321801304300255,Medium Risk,Manual Review,738
0,0.05735232644036339,Very Low Risk,Approve,818
1,0.26488211206882123,High Risk,Reject,704
0,0.0753047044478918,Very Low Risk,Approve,809
0,0.3348477533994269,Very High Risk,Reject,666
0,0.17444216891062367,Medium Risk,Manual Review,754
1,0.2322438465071791,High Risk,Manual Review,722
0,0.14101798080105934,Low Risk,Manual Review,772
1,0.23791365289286714,High Risk,Manual Review,719
0,0.18562380604090428,Medium Risk,Manual Review,748
1,0.09292769725338985,Low Risk,Approve,799
0,0.2870383110663859,High Risk,Reject,692
0,0.17112354795579274,Medium Risk,Manual Review,756
0,0.19746513149147688,Medium Risk,Manual Review,741
0,0.10136691838879901,Low Risk,Manual Review,794
0,0.19156179972061538,Medium Risk,Manual Review,745
0,0.22289095396315295,High Risk,Manual Review,727
1,0.1237530959220683,Low Risk,Manual Review,782
0,0.17094142558020273,Medium Risk,Manual Review,756
0,0.048136588227621534,Very Low Risk,Approve,824
0,0.37920251426160007,Very High Risk,Reject,641
0,0.07182445070626786,Very Low Risk,Approve,810
0,0.22050407504177352,High Risk,Manual Review,729
0,0.032380122560853646,Very Low Risk,Approve,832
1,0.2135111229810812,High Risk,Manual Review,733
0,0.14113683030593638,Low Risk,Manual Review,772
0,0.05056052218489449,Very Low Risk,Approve,822
0,0.10622802623875725,Low Risk,Manual Review,792
0,0.046633423076547935,Very Low Risk,Approve,824
0,0.4774891575824765,Very High Risk,Reject,587
0,0.06866269130584367,Very Low Risk,Approve,812
1,0.2145825584027331,High Risk,Manual Review,732
0,0.21182231635976695,Medium Risk,Manual Review,733
0,0.3286460946547878,Very High Risk,Reject,669
0,0.07325336417430617,Very Low Risk,Approve,810
1,0.2551082951297697,High Risk,Reject,710
0,0.2879539411899722,High Risk,Reject,692
0,0.040147309789733784,Very Low Risk,Approve,828
0,0.26123372317438165,High Risk,Reject,706
0,0.22122455499106541,High Risk,Manual Review,728
0,0.3656030289864014,Very High Risk,Reject,649
0,0.04869438638978235,Very Low Risk,Approve,823
0,0.18768711990409814,Medium Risk,Manual Review,747
0,0.24238740455853228,High Risk,Manual Review,717
0,0.29078031747457345,High Risk,Reject,690
1,0.10545304020933288,Low Risk,Manual Review,792
1,0.07305035087634475,Very Low Risk,Approve,810
0,0.1989533301527752,Medium Risk,Manual Review,741
0,0.10886709328343726,Low Risk,Manual Review,790
0,0.08046297497990078,Very Low Risk,Approve,806
1,0.42705306633946266,Very High Risk,Reject,615
0,0.18233039315655322,Medium Risk,Manual Review,750
0,0.10562547998355229,Low Risk,Manual Review,792
1,0.0868546102563802,Very Low Risk,Approve,802
0,0.2720234978311126,High Risk,Reject,700
0,0.06319633462413948,Very Low Risk,Approve,815
0,0.15011088968721878,Medium Risk,Manual Review,767
0,0.06296328821950194,Very Low Risk,Approve,815
0,0.08249253115633522,Very Low Risk,Approve,805
0,0.3604045932010023,Very High Risk,Reject,652
0,0.08551787720058805,Very Low Risk,Approve,803
0,0.4056274398695625,Very High Risk,Reject,627
1,0.5295576272611594,Very High Risk,Reject,559
0,0.11910877629079589,Low Risk,Manual Review,784
0,0.05176377780366159,Very Low Risk,Approve,822
0,0.0933494069607331,Low Risk,Approve,799
0,0.20652150775887482,Medium Risk,Manual Review,736
0,0.24400677789824388,High Risk,Manual Review,716
0,0.16210208571612114,Medium Risk,Manual Review,761
0,0.11261185200446953,Low Risk,Manual Review,788
1,0.7381806500080069,Very High Risk,Reject,444
0,0.08875204383797165,Low Risk,Approve,801
0,0.22424149772884452,High Risk,Manual Review,727
0,0.11805879854313175,Low Risk,Manual Review,785
0,0.028229419409701036,Very Low Risk,Approve,834
0,0.025414540767747237,Very Low Risk,Approve,836
0,0.40022344072125154,Very High Risk,Reject,630
0,0.08499149670040856,Very Low Risk,Approve,803
0,0.23936891935935573,High Risk,Manual Review,718
0,0.13753521551836487,Low Risk,Manual Review,774
0,0.09872491829204502,Low Risk,Approve,796
0,0.27416722078352895,High Risk,Reject,699
0,0.05707954043952397,Very Low Risk,Approve,819
0,0.22330206034836417,High Risk,Manual Review,727
1,0.2930725129904315,High Risk,Reject,689
1,0.303805354758517,High Risk,Reject,683
0,0.23884503560048603,High Risk,Manual Review,719
0,0.1123035770599784,Low Risk,Manual Review,788
0,0.14510914133554542,Low Risk,Manual Review,770
0,0.12431664142706245,Low Risk,Manual Review,782
0,0.05764570547757072,Very Low Risk,Approve,818
0,0.4984025825694072,Very High Risk,Reject,576
0,0.18351851622684826,Medium Risk,Manual Review,749
1,0.363288794721298,Very High Risk,Reject,650
0,0.22607850000365842,High Risk,Manual Review,726
0,0.0481261318342789,Very Low Risk,Approve,824
0,0.252115015953469,High Risk,Reject,711
0,0.14135792160008248,Low Risk,Manual Review,772
0,0.19307574575586567,Medium Risk,Manual Review,744
0,0.5669766780348078,Very High Risk,Reject,538
0,0.3041942901164361,High Risk,Reject,683
1,0.22771567866056594,High Risk,Manual Review,725
1,0.3063304331613585,High Risk,Reject,682
0,0.09990973491196675,Low Risk,Approve,795
0,0.02789171272828132,Very Low Risk,Approve,835
0,0.05862490855866348,Very Low Risk,Approve,818
0,0.1427382085309584,Low Risk,Manual Review,771
0,0.10646248862594983,Low Risk,Manual Review,791
0,0.1389438649099919,Low Risk,Manual Review,774
0,0.23185428768587005,High Risk,Manual Review,722
0,0.21903990681984079,High Risk,Manual Review,730
0,0.5618980018101919,Very High Risk,Reject,541
0,0.1178948346060034,Low Risk,Manual Review,785
0,0.2255762219430638,High Risk,Manual Review,726
0,0.17789043784631298,Medium Risk,Manual Review,752
0,0.1264162565554887,Low Risk,Manual Review,780
0,0.5157414819213912,Very High Risk,Reject,566
0,0.038298995322936194,Very Low Risk,Approve,829
0,0.21943102477985277,High Risk,Manual Review,729
0,0.24444171430133202,High Risk,Manual Review,716
0,0.1872347643987557,Medium Risk,Manual Review,747
1,0.27678522662287475,High Risk,Reject,698
0,0.14897185285989162,Medium Risk,Manual Review,768
0,0.12169982129621028,Low Risk,Manual Review,783
0,0.17752852397143346,Medium Risk,Manual Review,752
0,0.08743444409915807,Low Risk,Approve,802
0,0.3726106444420154,Very High Risk,Reject,645
1,0.12695228905599662,Low Risk,Manual Review,780
1,0.33881950844753655,Very High Risk,Reject,664
0,0.5513129320505838,Very High Risk,Reject,547
0,0.0639041895440855,Very Low Risk,Approve,815
1,0.33790690790634076,Very High Risk,Reject,664
0,0.39607922544359125,Very High Risk,Reject,632
1,0.177269263655754,Medium Risk,Manual Review,753
1,0.3460730973063553,Very High Risk,Reject,660
0,0.155857310754711,Medium Risk,Manual Review,764
0,0.08615161869890468,Very Low Risk,Approve,803
1,0.1773605767295407,Medium Risk,Manual Review,752
0,0.22587894497142555,High Risk,Manual Review,726
1,0.6192454278529154,Very High Risk,Reject,509
0,0.11597094309446615,Low Risk,Manual Review,786
0,0.15878141421389685,Medium Risk,Manual Review,763
0,0.23629423699155008,High Risk,Manual Review,720
1,0.23351956600855375,High Risk,Manual Review,722
1,0.4727783015549144,Very High Risk,Reject,590
1,0.34341583656962726,Very High Risk,Reject,661
0,0.14308216884344058,Low Risk,Manual Review,771
0,0.16234230471784325,Medium Risk,Manual Review,761
0,0.05693070303619537,Very Low Risk,Approve,819
0,0.12826607790588357,Low Risk,Manual Review,779
0,0.1689417889979593,Medium Risk,Manual Review,757
1,0.14226625173288734,Low Risk,Manual Review,772
0,0.02025497393001633,Very Low Risk,Approve,839
0,0.17668134264066312,Medium Risk,Manual Review,753
0,0.030534326938569577,Very Low Risk,Approve,833
0,0.32307633926330137,Very High Risk,Reject,672
1,0.2925943247475055,High Risk,Reject,689
0,0.06916796991470844,Very Low Risk,Approve,812
0,0.05658211390018454,Very Low Risk,Approve,819
1,0.07730775162803886,Very Low Risk,Approve,807
0,0.09787883687846763,Low Risk,Approve,796
1,0.20098419650319224,Medium Risk,Manual Review,739
0,0.12511834750723386,Low Risk,Manual Review,781
0,0.5440318528664173,Very High Risk,Reject,551
0,0.2355562890234957,High Risk,Manual Review,720
1,0.3728598684339598,Very High Risk,Reject,645
0,0.13983756042625556,Low Risk,Manual Review,773
1,0.3218342169955825,Very High Risk,Reject,673
0,0.10753734240355771,Low Risk,Manual Review,791
0,0.10448648587355942,Low Risk,Manual Review,793
0,0.1534781177762462,Medium Risk,Manual Review,766
0,0.4059917151814519,Very High Risk,Reject,627
0,0.1706861668702956,Medium Risk,Manual Review,756
0,0.1106656794359433,Low Risk,Manual Review,789
1,0.3452791866625196,Very High Risk,Reject,660
0,0.0666775384599556,Very Low Risk,Approve,813
0,0.1568963473918798,Medium Risk,Manual Review,764
0,0.05717115012878163,Very Low Risk,Approve,819
0,0.17904590360071398,Medium Risk,Manual Review,752
0,0.393297630146151,Very High Risk,Reject,634
0,0.20938060804135475,Medium Risk,Manual Review,735
0,0.5560549933483822,Very High Risk,Reject,544
0,0.10743253077270175,Low Risk,Manual Review,791
0,0.11455944907921757,Low Risk,Manual Review,787
0,0.12851924611190052,Low Risk,Manual Review,779
0,0.06857286443863636,Very Low Risk,Approve,812
0,0.036510387757629145,Very Low Risk,Approve,830
0,0.03562197690902905,Very Low Risk,Approve,830
0,0.29865669158833696,High Risk,Reject,686
0,0.2225894071735854,High Risk,Manual Review,728
0,0.11547304718051893,Low Risk,Manual Review,786
0,0.28767611674597293,High Risk,Reject,692
0,0.17235649555240437,Medium Risk,Manual Review,755
0,0.03481260082512844,Very Low Risk,Approve,831
0,0.12382602817049258,Low Risk,Manual Review,782
0,0.15821895179710702,Medium Risk,Manual Review,763
0,0.10854311530180881,Low Risk,Manual Review,790
0,0.2692419836282199,High Risk,Reject,702
0,0.20582576705535807,Medium Risk,Manual Review,737
0,0.11023411964820863,Low Risk,Manual Review,789
1,0.23593103743275773,High Risk,Manual Review,720
0,0.17002212631453098,Medium Risk,Manual Review,756
0,0.22338899041230934,High Risk,Manual Review,727
1,0.13320994417448123,Low Risk,Manual Review,777
1,0.5221473864427753,Very High Risk,Reject,563
0,0.1589636802197622,Medium Risk,Manual Review,763
0,0.25552460335720684,High Risk,Reject,709
0,0.1600780517610383,Medium Risk,Manual Review,762
0,0.18899688265494563,Medium Risk,Manual Review,746
0,0.1037527191687942,Low Risk,Manual Review,793
1,0.4949069961852893,Very High Risk,Reject,578
0,0.05622998123187091,Very Low Risk,Approve,819
0,0.17205936120952461,Medium Risk,Manual Review,755
0,0.06860760172168578,Very Low Risk,Approve,812
0,0.05192597897009794,Very Low Risk,Approve,821
0,0.16460580386594334,Medium Risk,Manual Review,759
0,0.054308677442228996,Very Low Risk,Approve,820
0,0.16717495322745982,Medium Risk,Manual Review,758
0,0.14043809983415917,Low Risk,Manual Review,773
0,0.04000703398457959,Very Low Risk,Approve,828
0,0.2541904600751237,High Risk,Reject,710
0,0.056555918571521986,Very Low Risk,Approve,819
0,0.1774730885991805,Medium Risk,Manual Review,752
1,0.046237837723032915,Very Low Risk,Approve,825
0,0.18490304834226162,Medium Risk,Manual Review,748
1,0.4934724591829751,Very High Risk,Reject,579
0,0.13511663724879222,Low Risk,Manual Review,776
1,0.20775850178328303,Medium Risk,Manual Review,736
0,0.05266374793506083,Very Low Risk,Approve,821
0,0.26682964288240857,High Risk,Reject,703
0,0.2711330949947412,High Risk,Reject,701
0,0.5136707457009376,Very High Risk,Reject,567
1,0.25140474210201064,High Risk,Reject,712
0,0.08096301791313526,Very Low Risk,Approve,805
0,0.05061889406059935,Very Low Risk,Approve,822
1,0.12323502452958049,Low Risk,Manual Review,782
0,0.4402908337080867,Very High Risk,Reject,608
0,0.08636410768381497,Very Low Risk,Approve,802
0,0.11018147414891177,Low Risk,Manual Review,789
1,0.056533737868874195,Very Low Risk,Approve,819
0,0.05691800334766376,Very Low Risk,Approve,819
0,0.1658141622273367,Medium Risk,Manual Review,759
0,0.2027275760662381,Medium Risk,Manual Review,738
0,0.09103874054811582,Low Risk,Approve,800
0,0.2600827240971062,High Risk,Reject,707
0,0.21443269990895955,High Risk,Manual Review,732
0,0.2913668540761613,High Risk,Reject,690
0,0.3575190664401682,Very High Risk,Reject,653
1,0.2784662426229003,High Risk,Reject,697
0,0.2109224671195958,Medium Risk,Manual Review,734
0,0.29767943819433546,High Risk,Reject,686
0,0.25509617801431855,High Risk,Reject,710
0,0.3224820055234669,Very High Risk,Reject,673
0,0.3631396821281726,Very High Risk,Reject,650
0,0.5209401490074257,Very High Risk,Reject,563
0,0.07696360618965412,Very Low Risk,Approve,808
0,0.13545861670404272,Low Risk,Manual Review,775
0,0.0716698756620394,Very Low Risk,Approve,811
0,0.23125921987039108,High Risk,Manual Review,723
0,0.17332231644707077,Medium Risk,Manual Review,755
0,0.07143388259550809,Very Low Risk,Approve,811
0,0.2575248735890539,High Risk,Reject,708
1,0.2506076490393241,High Risk,Reject,712
0,0.2653586285391638,High Risk,Reject,704
0,0.24036604119153693,High Risk,Manual Review,718
0,0.20011268365394017,Medium Risk,Manual Review,740
0,0.12688393143895513,Low Risk,Manual Review,780
0,0.08173436279165133,Very Low Risk,Approve,805
0,0.03532754997750751,Very Low Risk,Approve,831
0,0.38233951201299915,Very High Risk,Reject,640
0,0.2431004670918885,High Risk,Manual Review,716
1,0.264384774033955,High Risk,Reject,705
0,0.1366036001238758,Low Risk,Manual Review,775
1,0.06710145653717971,Very Low Risk,Approve,813
0,0.24153977707685162,High Risk,Manual Review,717
0,0.5356595709320093,Very High Risk,Reject,555
0,0.33367044748476504,Very High Risk,Reject,666
0,0.1055644516258454,Low Risk,Manual Review,792
0,0.22688041542314705,High Risk,Manual Review,725
0,0.11383427736293045,Low Risk,Manual Review,787
0,0.35985172144284566,Very High Risk,Reject,652
0,0.1051339849496133,Low Risk,Manual Review,792
0,0.14775677963210462,Medium Risk,Manual Review,769
1,0.3029857411836566,High Risk,Reject,683
0,0.14133556115921436,Low Risk,Manual Review,772
0,0.20037643479663253,Medium Risk,Manual Review,740
0,0.27673874330800674,High Risk,Reject,698
1,0.18072813290399128,Medium Risk,Manual Review,751
0,0.5723088118020762,Very High Risk,Reject,535
0,0.11925034214103751,Low Risk,Manual Review,784
0,0.06635394557955682,Very Low Risk,Approve,814
0,0.050463778910883016,Very Low Risk,Approve,822
0,0.1578742372817984,Medium Risk,Manual Review,763
0,0.1820110782183641,Medium Risk,Manual Review,750
0,0.09454698504249283,Low Risk,Approve,798
0,0.0897122058437592,Low Risk,Approve,801
0,0.038298909353904106,Very Low Risk,Approve,829
0,0.0998899095017493,Low Risk,Approve,795
1,0.548028162317347,Very High Risk,Reject,549
0,0.47262685859456804,Very High Risk,Reject,590
0,0.15705601298551689,Medium Risk,Manual Review,764
0,0.3726945154305351,Very High Risk,Reject,645
0,0.11559890095765576,Low Risk,Manual Review,786
0,0.07252019809438863,Very Low Risk,Approve,810
0,0.16633716634659995,Medium Risk,Manual Review,759
0,0.10747819113967343,Low Risk,Manual Review,791
0,0.271810296070515,High Risk,Reject,701
0,0.2478177753366503,High Risk,Manual Review,714
0,0.14884940963951435,Medium Risk,Manual Review,768
0,0.06919601717485807,Very Low Risk,Approve,812
0,0.14251421166590886,Low Risk,Manual Review,772
0,0.039656777246277156,Very Low Risk,Approve,828
1,0.22838197580006667,High Risk,Manual Review,724
1,0.4230398168069912,Very High Risk,Reject,617
0,0.22753896325345405,High Risk,Manual Review,725
0,0.12872588211821356,Low Risk,Manual Review,779
0,0.21672222742546962,High Risk,Manual Review,731
0,0.19917646709323492,Medium Risk,Manual Review,740
0,0.5785814858147899,Very High Risk,Reject,532
0,0.244891951383336,High Risk,Manual Review,715
0,0.2152916933513594,High Risk,Manual Review,732
0,0.23999708183224702,High Risk,Manual Review,718
0,0.05410299818308629,Very Low Risk,Approve,820
1,0.37793673823313895,Very High Risk,Reject,642
0,0.08445341980158201,Very Low Risk,Approve,804
0,0.25386892849746656,High Risk,Reject,710
0,0.05758014546672655,Very Low Risk,Approve,818
1,0.35520569848277117,Very High Risk,Reject,655
1,0.283736938315633,High Risk,Reject,694
0,0.23906927033903574,High Risk,Manual Review,719
1,0.27860836931756505,High Risk,Reject,697
0,0.3075075780794373,High Risk,Reject,681
0,0.2790386703562107,High Risk,Reject,697
0,0.1531434171351804,Medium Risk,Manual Review,766
0,0.09973513959676682,Low Risk,Approve,795
0,0.07334439575053853,Very Low Risk,Approve,810
0,0.3344874744675179,Very High Risk,Reject,666
1,0.39915577706443844,Very High Risk,Reject,630
0,0.28319660554594817,High Risk,Reject,694
0,0.034790932904362214,Very Low Risk,Approve,831
0,0.5821241090896977,Very High Risk,Reject,530
1,0.1535135323670776,Medium Risk,Manual Review,766
0,0.09659419207593768,Low Risk,Approve,797
0,0.1646580994701105,Medium Risk,Manual Review,759
0,0.20906810629377764,Medium Risk,Manual Review,735
0,0.25529788425102184,High Risk,Reject,710
0,0.24740405605472973,High Risk,Manual Review,714
0,0.19750738280351132,Medium Risk,Manual Review,741
0,0.33631309960805655,Very High Risk,Reject,665
0,0.13678817066905508,Low Risk,Manual Review,775
0,0.04532177071417963,Very Low Risk,Approve,825
0,0.2585507372505026,High Risk,Reject,708
0,0.09105708622990165,Low Risk,Approve,800
0,0.3217549035684719,Very High Risk,Reject,673
0,0.5281161039856797,Very High Risk,Reject,560
1,0.16838757714111333,Medium Risk,Manual Review,757
0,0.15240907811211327,Medium Risk,Manual Review,766
0,0.027285348877761243,Very Low Risk,Approve,835
0,0.14535115656034786,Low Risk,Manual Review,770
0,0.05013208286688128,Very Low Risk,Approve,822
1,0.10552475232931913,Low Risk,Manual Review,792
0,0.1123393934736561,Low Risk,Manual Review,788
0,0.13585587159285448,Low Risk,Manual Review,775
0,0.2482098234697442,High Risk,Manual Review,713
1,0.5218354179628717,Very High Risk,Reject,563
0,0.1454909926749205,Low Risk,Manual Review,770
0,0.10654144951828437,Low Risk,Manual Review,791
1,0.2597510470666658,High Risk,Reject,707
0,0.06414311004941356,Very Low Risk,Approve,815
0,0.12416535328603097,Low Risk,Manual Review,782
1,0.5547271769784298,Very High Risk,Reject,545
0,0.18992130366233997,Medium Risk,Manual Review,746
0,0.432328583170365,Very High Risk,Reject,612
0,0.05455207449117253,Very Low Risk,Approve,820
0,0.36038073301963386,Very High Risk,Reject,652
0,0.09295932630764484,Low Risk,Approve,799
0,0.31199440560678077,Very High Risk,Reject,678
0,0.10148725755068518,Low Risk,Manual Review,794
1,0.3559222451522927,Very High Risk,Reject,654
0,0.16279178055753787,Medium Risk,Manual Review,760
1,0.10552921766709904,Low Risk,Manual Review,792
0,0.05665356204266273,Very Low Risk,Approve,819
0,0.20629131600233086,Medium Risk,Manual Review,737
0,0.21673239506146763,High Risk,Manual Review,731
0,0.24024412538066553,High Risk,Manual Review,718
0,0.2530238951617162,High Risk,Reject,711
0,0.20558963010972076,Medium Risk,Manual Review,737
0,0.06513931744771698,Very Low Risk,Approve,814
0,0.3344023633626575,Very High Risk,Reject,666
1,0.051940842464821196,Very Low Risk,Approve,821
1,0.19270980301484983,Medium Risk,Manual Review,744
1,0.25422764978269996,High Risk,Reject,710
1,0.27615837858845926,High Risk,Reject,698
1,0.46636724548818753,Very High Risk,Reject,593
0,0.11961069448319772,Low Risk,Manual Review,784
0,0.3179534452334649,Very High Risk,Reject,675
0,0.3509098950078806,Very High Risk,Reject,657
0,0.20636227419064748,Medium Risk,Manual Review,737
1,0.06160604640504925,Very Low Risk,Approve,816
0,0.1588939117994174,Medium Risk,Manual Review,763
1,0.37094413696584017,Very High Risk,Reject,646
0,0.1627970231008648,Medium Risk,Manual Review,760
1,0.09468495367737403,Low Risk,Approve,798
0,0.23607508777197148,High Risk,Manual Review,720
0,0.1778516062324024,Medium Risk,Manual Review,752
1,0.2853521049486587,High Risk,Reject,693
1,0.21493263317294187,High Risk,Manual Review,732
0,0.1986525905485767,Medium Risk,Manual Review,741
0,0.13292446457713272,Low Risk,Manual Review,777
0,0.3492920718121875,Very High Risk,Reject,658
0,0.034669901497582305,Very Low Risk,Approve,831
0,0.04961407858219527,Very Low Risk,Approve,823
0,0.44064051276211325,Very High Risk,Reject,608
0,0.23535402723253893,High Risk,Manual Review,721
0,0.1871151096689021,Medium Risk,Manual Review,747
0,0.2596263372934959,High Risk,Reject,707
0,0.11337053083953262,Low Risk,Manual Review,788
0,0.08449619388956442,Very Low Risk,Approve,804
0,0.4901526045967855,Very High Risk,Reject,580
0,0.05335193090125405,Very Low Risk,Approve,821
0,0.07332456735539647,Very Low Risk,Approve,810
0,0.12000596121689015,Low Risk,Manual Review,784
1,0.5857223968118299,Very High Risk,Reject,528
0,0.13313064055582802,Low Risk,Manual Review,777
0,0.04011749134707478,Very Low Risk,Approve,828
0,0.09009393049551853,Low Risk,Approve,800
0,0.10085157042483726,Low Risk,Manual Review,795
1,0.13708470119313768,Low Risk,Manual Review,775
1,0.14883560465322598,Medium Risk,Manual Review,768
0,0.14325703397035536,Low Risk,Manual Review,771
0,0.23552509125065335,High Risk,Manual Review,720
0,0.05026317444187367,Very Low Risk,Approve,822
0,0.1461611822831876,Medium Risk,Manual Review,770
0,0.33734808390838883,Very High Risk,Reject,664
0,0.06709389754491152,Very Low Risk,Approve,813
0,0.2546217210561461,High Risk,Reject,710
0,0.08798771756941302,Low Risk,Approve,802
1,0.29539472686632584,High Risk,Reject,688
0,0.04783972539058491,Very Low Risk,Approve,824
0,0.2758200797296492,High Risk,Reject,698
0,0.14342430554647737,Low Risk,Manual Review,771
1,0.3065832369820421,High Risk,Reject,681
0,0.08700112636750706,Very Low Risk,Approve,802
0,0.19736701736768447,Medium Risk,Manual Review,741
0,0.0661656863343867,Very Low Risk,Approve,814
0,0.1954994487417561,Medium Risk,Manual Review,742
0,0.17409820636474485,Medium Risk,Manual Review,754
1,0.4465069631732445,Very High Risk,Reject,604
0,0.15419713125512913,Medium Risk,Manual Review,765
0,0.1107453661047747,Low Risk,Manual Review,789
0,0.2269875928154127,High Risk,Manual Review,725
1,0.07003289639007486,Very Low Risk,Approve,811
0,0.17813003362113194,Medium Risk,Manual Review,752
0,0.0638541318394587,Very Low Risk,Approve,815
0,0.19416410933279743,Medium Risk,Manual Review,743
1,0.5038415183307551,Very High Risk,Reject,573
1,0.41274319671234716,Very High Risk,Reject,623
0,0.12211309948422308,Low Risk,Manual Review,783
0,0.23664333613929853,High Risk,Manual Review,720
0,0.06970844941778118,Very Low Risk,Approve,812
0,0.06764238453186308,Very Low Risk,Approve,813
0,0.04448166756081549,Very Low Risk,Approve,826
0,0.27177120023696244,High Risk,Reject,701
0,0.182619562292931,Medium Risk,Manual Review,750
0,0.14485801083320343,Low Risk,Manual Review,770
0,0.2802148966530277,High Risk,Reject,696
0,0.24939686873423444,High Risk,Manual Review,713
0,0.2022506611134432,Medium Risk,Manual Review,739
0,0.3668258422354861,Very High Risk,Reject,648
0,0.06207363559226253,Very Low Risk,Approve,816
0,0.11874472262082526,Low Risk,Manual Review,785
0,0.3376990406595876,Very High Risk,Reject,664
0,0.03612591207926085,Very Low Risk,Approve,830
0,0.20530715650955,Medium Risk,Manual Review,737
0,0.12680229202744628,Low Risk,Manual Review,780
0,0.20504717200852596,Medium Risk,Manual Review,737
0,0.2517360469191229,High Risk,Reject,712
1,0.12995897360298325,Low Risk,Manual Review,779
1,0.15930052047644147,Medium Risk,Manual Review,762
0,0.03761300742166634,Very Low Risk,Approve,829
0,0.1852774632465945,Medium Risk,Manual Review,748
1,0.16139801707932244,Medium Risk,Manual Review,761
0,0.36656553915704165,Very High Risk,Reject,648
0,0.06720359911720858,Very Low Risk,Approve,813
0,0.11063385371933641,Low Risk,Manual Review,789
0,0.06118486399969551,Very Low Risk,Approve,816
1,0.25699102892692643,High Risk,Reject,709
0,0.3120193667478465,Very High Risk,Reject,678
0,0.27420803601491084,High Risk,Reject,699
0,0.1620576685453907,Medium Risk,Manual Review,761
0,0.08683515823869775,Very Low Risk,Approve,802
0,0.18028221694902644,Medium Risk,Manual Review,751
1,0.21731760698955446,High Risk,Manual Review,730
0,0.19344550129822713,Medium Risk,Manual Review,744
0,0.03207678904100969,Very Low Risk,Approve,832
1,0.17209457219107216,Medium Risk,Manual Review,755
1,0.17445331737555408,Medium Risk,Manual Review,754
0,0.25321085443404917,High Risk,Reject,711
0,0.07056090601562182,Very Low Risk,Approve,811
0,0.10726616910633287,Low Risk,Manual Review,791
0,0.26156694271010184,High Risk,Reject,706
0,0.3112573673510933,High Risk,Reject,679
0,0.1514983423648558,Medium Risk,Manual Review,767
0,0.02506921408920927,Very Low Risk,Approve,836
0,0.43090149934779853,Very High Risk,Reject,613
0,0.19444716811379298,Medium Risk,Manual Review,743
0,0.060325388651077436,Very Low Risk,Approve,817
0,0.06467151843634297,Very Low Risk,Approve,814
0,0.22504405071239822,High Risk,Manual Review,726
1,0.4227456694138365,Very High Risk,Reject,617
0,0.10853092038475146,Low Risk,Manual Review,790
0,0.31896082901639333,Very High Risk,Reject,675
0,0.16249802322462095,Medium Risk,Manual Review,761
0,0.1174365477239578,Low Risk,Manual Review,785
0,0.05416034058034182,Very Low Risk,Approve,820
0,0.11185757374743331,Low Risk,Manual Review,788
0,0.1437532591870561,Low Risk,Manual Review,771
0,0.29013945530296015,High Risk,Reject,690
0,0.03683891924300429,Very Low Risk,Approve,830
0,0.1906083270478668,Medium Risk,Manual Review,745
0,0.12214597085072167,Low Risk,Manual Review,783
0,0.016164816661408274,Very Low Risk,Approve,841
1,0.1495245358127362,Medium Risk,Manual Review,768
0,0.12050377737637134,Low Risk,Manual Review,784
1,0.46294804708909365,Very High Risk,Reject,595
1,0.16518291055191325,Medium Risk,Manual Review,759
0,0.09948646243373122,Low Risk,Approve,795
0,0.14762899114735398,Medium Risk,Manual Review,769
0,0.27537237340703374,High Risk,Reject,699
0,0.11019230896967477,Low Risk,Manual Review,789
1,0.4350761069691784,Very High Risk,Reject,611
0,0.15493593460271793,Medium Risk,Manual Review,765
0,0.08913704927974755,Low Risk,Approve,801
1,0.46270033634449464,Very High Risk,Reject,596
0,0.2410456194117073,High Risk,Manual Review,717
0,0.36885797390616337,Very High Risk,Reject,647
0,0.1132061273864567,Low Risk,Manual Review,788
0,0.07697352202439778,Very Low Risk,Approve,808
0,0.13185534552172565,Low Risk,Manual Review,777
0,0.2628047609318218,High Risk,Reject,705
1,0.19194578884132688,Medium Risk,Manual Review,744
0,0.19766511278569768,Medium Risk,Manual Review,741
0,0.3936089296377786,Very High Risk,Reject,634
0,0.252285196541415,High Risk,Reject,711
0,0.1958364542698226,Medium Risk,Manual Review,742
0,0.3076757071988597,High Risk,Reject,681
0,0.33623092829376194,Very High Risk,Reject,665
1,0.3504671983053347,Very High Risk,Reject,657
0,0.08058556447403656,Very Low Risk,Approve,806
1,0.12947218303821473,Low Risk,Manual Review,779
0,0.17794960337351173,Medium Risk,Manual Review,752
0,0.058039683062105184,Very Low Risk,Approve,818
0,0.25527684017507984,High Risk,Reject,710
0,0.1544786183712607,Medium Risk,Manual Review,765
0,0.29147786218756155,High Risk,Reject,690
0,0.11142939829527751,Low Risk,Manual Review,789
1,0.21667876921061757,High Risk,Manual Review,731
0,0.095547241698576,Low Risk,Approve,797
1,0.04447507930867923,Very Low Risk,Approve,826
0,0.2632770401072731,High Risk,Reject,705
0,0.041279505914943504,Very Low Risk,Approve,827
0,0.2394559647907011,High Risk,Manual Review,718
0,0.13956411825383266,Low Risk,Manual Review,773
0,0.12356188508853638,Low Risk,Manual Review,782
0,0.10932149273379191,Low Risk,Manual Review,790
0,0.09370870826791212,Low Risk,Approve,798
0,0.2869213149009148,High Risk,Reject,692
0,0.2251201102101493,High Risk,Manual Review,726
0,0.26257474061779207,High Risk,Reject,706
0,0.14025567725432594,Low Risk,Manual Review,773
1,0.2987578966745347,High Risk,Reject,686
1,0.3692019337841193,Very High Risk,Reject,647
0,0.11665840547550975,Low Risk,Manual Review,786
0,0.08947168996496972,Low Risk,Approve,801
1,0.37420957863845683,Very High Risk,Reject,644
1,0.211758528724538,Medium Risk,Manual Review,734
1,0.344091720073846,Very High Risk,Reject,661
0,0.18721246627795002,Medium Risk,Manual Review,747
0,0.19437927523685045,Medium Risk,Manual Review,743
1,0.4841587509719788,Very High Risk,Reject,584
0,0.29279894329135203,High Risk,Reject,689
0,0.2285746766345483,High Risk,Manual Review,724
0,0.04074094697227702,Very Low Risk,Approve,828
0,0.15641793083005312,Medium Risk,Manual Review,764
0,0.18044225697733496,Medium Risk,Manual Review,751
0,0.19945077049385262,Medium Risk,Manual Review,740
0,0.10326168010305942,Low Risk,Manual Review,793
0,0.1889029814144299,Medium Risk,Manual Review,746
1,0.2540751806940826,High Risk,Reject,710
0,0.2683899614472752,High Risk,Reject,702
0,0.1812657014365585,Medium Risk,Manual Review,750
1,0.14513033376514545,Low Risk,Manual Review,770
0,0.07075783676429755,Very Low Risk,Approve,811
0,0.1831871165377584,Medium Risk,Manual Review,749
0,0.1827859342350631,Medium Risk,Manual Review,749
0,0.22432107372843368,High Risk,Manual Review,727
0,0.05601682899520449,Very Low Risk,Approve,819
0,0.05305446727539963,Very Low Risk,Approve,821
0,0.08508039878399357,Very Low Risk,Approve,803
0,0.18415627613908325,Medium Risk,Manual Review,749
0,0.25031497032235295,High Risk,Reject,712
0,0.07909984172940093,Very Low Risk,Approve,806
0,0.21633814978719731,High Risk,Manual Review,731
0,0.10629660452516804,Low Risk,Manual Review,792
0,0.03485257560738292,Very Low Risk,Approve,831
0,0.1829329606177917,Medium Risk,Manual Review,749
1,0.19329975800811888,Medium Risk,Manual Review,744
0,0.21238044183293747,Medium Risk,Manual Review,733
0,0.10849581476244613,Low Risk,Manual Review,790
0,0.05360632568966734,Very Low Risk,Approve,821
0,0.3230738633186959,Very High Risk,Reject,672
0,0.1274260572863641,Low Risk,Manual Review,780
0,0.2029001619861622,Medium Risk,Manual Review,738
0,0.19917047746274327,Medium Risk,Manual Review,740
0,0.5366287502932866,Very High Risk,Reject,555
0,0.22641680743723958,High Risk,Manual Review,725
0,0.08120694037560085,Very Low Risk,Approve,805
1,0.48477523619958623,Very High Risk,Reject,583
0,0.17535674281700203,Medium Risk,Manual Review,754
0,0.2562617901884726,High Risk,Reject,709
0,0.12333873581418685,Low Risk,Manual Review,782
1,0.4317597702923318,Very High Risk,Reject,613
0,0.10539791238452013,Low Risk,Manual Review,792
0,0.10898719920432248,Low Risk,Manual Review,790
0,0.12778560794029817,Low Risk,Manual Review,780
0,0.14808695785627277,Medium Risk,Manual Review,769
1,0.22148135175236208,High Risk,Manual Review,728
0,0.36265119412418406,Very High Risk,Reject,651
1,0.22737726809704625,High Risk,Manual Review,725
0,0.08160819582444943,Very Low Risk,Approve,805
0,0.0745945323591813,Very Low Risk,Approve,809
0,0.2639196470930841,High Risk,Reject,705
1,0.24645080831612595,High Risk,Manual Review,714
0,0.20764976536334503,Medium Risk,Manual Review,736
0,0.18596541818974657,Medium Risk,Manual Review,748
1,0.4200595769202671,Very High Risk,Reject,619
1,0.2212200625906291,High Risk,Manual Review,728
0,0.13306246002028776,Low Risk,Manual Review,777
0,0.09641260535746467,Low Risk,Approve,797
1,0.27893445834130876,High Risk,Reject,697
0,0.08334238425602572,Very Low Risk,Approve,804
0,0.2311925460059492,High Risk,Manual Review,723
0,0.1717175246706099,Medium Risk,Manual Review,756
0,0.13755758107824212,Low Risk,Manual Review,774
0,0.03560340747527338,Very Low Risk,Approve,830
0,0.4697030829675674,Very High Risk,Reject,592
0,0.15179734016201513,Medium Risk,Manual Review,767
0,0.158801354575174,Medium Risk,Manual Review,763
1,0.23774240942040684,High Risk,Manual Review,719
0,0.03869975200623931,Very Low Risk,Approve,829
0,0.2791584446519286,High Risk,Reject,696
0,0.43797254677019976,Very High Risk,Reject,609
0,0.045244016469851316,Very Low Risk,Approve,825
0,0.1520677205572347,Medium Risk,Manual Review,766
0,0.16845901634158017,Medium Risk,Manual Review,757
0,0.07347438986598821,Very Low Risk,Approve,810
0,0.06647132372704187,Very Low Risk,Approve,813
0,0.05561009734506643,Very Low Risk,Approve,819
0,0.06130887620499565,Very Low Risk,Approve,816
0,0.18170360982173875,Medium Risk,Manual Review,750
0,0.2868927538584362,High Risk,Reject,692
0,0.06991691814158094,Very Low Risk,Approve,812
0,0.1470817254814097,Medium Risk,Manual Review,769
1,0.16016144628133486,Medium Risk,Manual Review,762
0,0.15540973266753094,Medium Risk,Manual Review,765
0,0.29574776332990793,High Risk,Reject,687
0,0.07792369044445707,Very Low Risk,Approve,807
0,0.12602325929167876,Low Risk,Manual Review,781
0,0.11691101765976727,Low Risk,Manual Review,786
1,0.09361054348374055,Low Risk,Approve,799
0,0.30526013099100313,High Risk,Reject,682
0,0.13754925605288576,Low Risk,Manual Review,774
0,0.3658907766352591,Very High Risk,Reject,649
0,0.09779280889496386,Low Risk,Approve,796
0,0.10116879061030057,Low Risk,Manual Review,794
0,0.14319600628324614,Low Risk,Manual Review,771
0,0.09957392462091147,Low Risk,Approve,795
1,0.3002437244221018,High Risk,Reject,685
0,0.2174370959632913,High Risk,Manual Review,730
0,0.06074459821879936,Very Low Risk,Approve,817
0,0.4059488562170115,Very High Risk,Reject,627
1,0.2948312039080938,High Risk,Reject,688
1,0.2789541736025454,High Risk,Reject,697
0,0.33886053158213236,Very High Risk,Reject,664
0,0.12526347637703095,Low Risk,Manual Review,781
0,0.6069444332235793,Very High Risk,Reject,516
1,0.21441563979537165,High Risk,Manual Review,732
0,0.1495369975474942,Medium Risk,Manual Review,768
0,0.20462830229190798,Medium Risk,Manual Review,737
1,0.35415790850610424,Very High Risk,Reject,655
0,0.12692667202234126,Low Risk,Manual Review,780
0,0.10320422091293308,Low Risk,Manual Review,793
0,0.11359776185995542,Low Risk,Manual Review,788
1,0.3850942811688084,Very High Risk,Reject,638
0,0.11690334046228057,Low Risk,Manual Review,786
1,0.4629091757886048,Very High Risk,Reject,595
0,0.05328397374806475,Very Low Risk,Approve,821
1,0.2570827597722846,High Risk,Reject,709
0,0.07180737044513971,Very Low Risk,Approve,811
0,0.17726709264848586,Medium Risk,Manual Review,753
0,0.08062938415428908,Very Low Risk,Approve,806
0,0.15895452381715053,Medium Risk,Manual Review,763
0,0.19668781523419784,Medium Risk,Manual Review,742
0,0.4703270777718768,Very High Risk,Reject,591
1,0.2850075598758082,High Risk,Reject,693
0,0.0583513961147185,Very Low Risk,Approve,818
0,0.15577258647580136,Medium Risk,Manual Review,764
0,0.09475613713365308,Low Risk,Approve,798
0,0.13259926908047096,Low Risk,Manual Review,777
0,0.11479743188178412,Low Risk,Manual Review,787
0,0.1311021377853772,Low Risk,Manual Review,778
0,0.17500648911287645,Medium Risk,Manual Review,754
1,0.2912507791972763,High Risk,Reject,690
0,0.4296555666732152,Very High Risk,Reject,614
0,0.17937528796586097,Medium Risk,Manual Review,751
0,0.1376554625624245,Low Risk,Manual Review,774
0,0.17793679768403411,Medium Risk,Manual Review,752
0,0.08336197508545093,Very Low Risk,Approve,804
1,0.1440628121226522,Low Risk,Manual Review,771
0,0.12049774766996593,Low Risk,Manual Review,784
1,0.15242907553541943,Medium Risk,Manual Review,766
0,0.052528914607122876,Very Low Risk,Approve,821
0,0.3106717139981199,High Risk,Reject,679
0,0.056163480508573255,Very Low Risk,Approve,819
0,0.3615635807038674,Very High Risk,Reject,651
1,0.05805412042820412,Very Low Risk,Approve,818
0,0.3594128549758999,Very High Risk,Reject,652
0,0.07149357233968129,Very Low Risk,Approve,811
0,0.46522504560947997,Very High Risk,Reject,594
0,0.1050375516728909,Low Risk,Manual Review,792
0,0.03599324296147484,Very Low Risk,Approve,830
0,0.18725143958979878,Medium Risk,Manual Review,747
0,0.3375668929338174,Very High Risk,Reject,664
0,0.32161928316115934,Very High Risk,Reject,673
0,0.25462592848161203,High Risk,Reject,710
0,0.37681535528082966,Very High Risk,Reject,643
0,0.20960777091225202,Medium Risk,Manual Review,735
0,0.052750197801376825,Very Low Risk,Approve,821
0,0.3179623755708242,Very High Risk,Reject,675
0,0.12598144331687675,Low Risk,Manual Review,781
0,0.12585146906550698,Low Risk,Manual Review,781
0,0.034089544140803014,Very Low Risk,Approve,831
0,0.24462363678639606,High Risk,Manual Review,715
0,0.07193415120743711,Very Low Risk,Approve,810
0,0.23688397245937276,High Risk,Manual Review,720
0,0.10773046050354425,Low Risk,Manual Review,791
0,0.44431200902221196,Very High Risk,Reject,606
0,0.026878705854198763,Very Low Risk,Approve,835
0,0.1377998158587145,Low Risk,Manual Review,774
0,0.06626631852461051,Very Low Risk,Approve,814
0,0.5291943770747359,Very High Risk,Reject,559
1,0.07452474731861704,Very Low Risk,Approve,809
0,0.14422998940072182,Low Risk,Manual Review,771
0,0.04281745790490988,Very Low Risk,Approve,826
0,0.08186157061940096,Very Low Risk,Approve,805
0,0.04787369682759959,Very Low Risk,Approve,824
0,0.041674767687544224,Very Low Risk,Approve,827
0,0.17750908222146067,Medium Risk,Manual Review,752
0,0.43723896783090876,Very High Risk,Reject,610
1,0.3222882618529368,Very High Risk,Reject,673
0,0.18737915838903124,Medium Risk,Manual Review,747
0,0.05863354675371237,Very Low Risk,Approve,818
0,0.11981012516759412,Low Risk,Manual Review,784
0,0.16379444678648403,Medium Risk,Manual Review,760
0,0.15828453749782162,Medium Risk,Manual Review,763
0,0.1618028220213129,Medium Risk,Manual Review,761
1,0.41927521327339895,Very High Risk,Reject,619
0,0.3627433500309557,Very High Risk,Reject,650
0,0.19320125243140665,Medium Risk,Manual Review,744
0,0.3321868210718296,Very High Risk,Reject,667
0,0.09649451903216273,Low Risk,Approve,797
0,0.1632730494837524,Medium Risk,Manual Review,760
0,0.1380722538941079,Low Risk,Manual Review,774
0,0.08409510734397807,Very Low Risk,Approve,804
0,0.6028406930473726,Very High Risk,Reject,518
0,0.06890480341232567,Very Low Risk,Approve,812
0,0.10434745163288923,Low Risk,Manual Review,793
1,0.28658729865034593,High Risk,Reject,692
0,0.13123539038936263,Low Risk,Manual Review,778
1,0.2717065875861738,High Risk,Reject,701
0,0.29064731714781983,High Risk,Reject,690
0,0.37382661037843956,Very High Risk,Reject,644
0,0.06810402322028157,Very Low Risk,Approve,813
1,0.39973869541803064,Very High Risk,Reject,630
0,0.03740997726380313,Very Low Risk,Approve,829
0,0.24320573047373492,High Risk,Manual Review,716
0,0.15890549712147134,Medium Risk,Manual Review,763
1,0.47074866569297946,Very High Risk,Reject,591
0,0.14784331416340715,Medium Risk,Manual Review,769
0,0.12068078394382564,Low Risk,Manual Review,784
0,0.18181062461585484,Medium Risk,Manual Review,750
0,0.1458836370107907,Medium Risk,Manual Review,770
0,0.24523191945051204,High Risk,Manual Review,715
0,0.3614380344185477,Very High Risk,Reject,651
0,0.031518375109837224,Very Low Risk,Approve,833
1,0.2651259856033072,High Risk,Reject,704
0,0.2662093279690877,High Risk,Reject,704
0,0.2566701910337623,High Risk,Reject,709
1,0.24676851682956918,High Risk,Manual Review,714
0,0.27831346307710514,High Risk,Reject,697
1,0.31967151234227936,Very High Risk,Reject,674
1,0.17682585049577212,Medium Risk,Manual Review,753
1,0.09009098866538512,Low Risk,Approve,800
0,0.20135263633753087,Medium Risk,Manual Review,739
1,0.3924747307830898,Very High Risk,Reject,634
0,0.20379148256335963,Medium Risk,Manual Review,738
1,0.1033952667248348,Low Risk,Manual Review,793
0,0.12384130018635342,Low Risk,Manual Review,782
0,0.024017680765674433,Very Low Risk,Approve,837
1,0.16718381958399056,Medium Risk,Manual Review,758
0,0.05775119561062831,Very Low Risk,Approve,818
0,0.140910736589552,Low Risk,Manual Review,772
0,0.11761811520470614,Low Risk,Manual Review,785
0,0.08189720605426337,Very Low Risk,Approve,805
0,0.19401915499884784,Medium Risk,Manual Review,743
0,0.07126929961658239,Very Low Risk,Approve,811
0,0.11198818084498677,Low Risk,Manual Review,788
0,0.3265310821522881,Very High Risk,Reject,670
0,0.0792140647084118,Very Low Risk,Approve,806
0,0.11952401393371617,Low Risk,Manual Review,784
1,0.44637184594908924,Very High Risk,Reject,604
0,0.32498771200463905,Very High Risk,Reject,671
0,0.43714518210187076,Very High Risk,Reject,610
0,0.4275131462137345,Very High Risk,Reject,615
0,0.15865095643071417,Medium Risk,Manual Review,763
0,0.17691981377482335,Medium Risk,Manual Review,753
0,0.23123074264807947,High Risk,Manual Review,723
0,0.09167963440704037,Low Risk,Approve,800
1,0.5385244755174835,Very High Risk,Reject,554
0,0.17436857736368308,Medium Risk,Manual Review,754
0,0.2496620079731084,High Risk,Manual Review,713
0,0.11751931964120423,Low Risk,Manual Review,785
0,0.3192724598047456,Very High Risk,Reject,674
1,0.21238613476723503,Medium Risk,Manual Review,733
0,0.3055299681821904,High Risk,Reject,682
0,0.2523367740043881,High Risk,Reject,711
0,0.10115910506906062,Low Risk,Manual Review,794
0,0.21613107907063647,High Risk,Manual Review,731
0,0.28327817602703226,High Risk,Reject,694
0,0.37406252447386196,Very High Risk,Reject,644
0,0.11954195176499605,Low Risk,Manual Review,784
0,0.08194677452667468,Very Low Risk,Approve,805
1,0.19412663649262524,Medium Risk,Manual Review,743
0,0.1459928588248969,Medium Risk,Manual Review,770
0,0.34419392727003156,Very High Risk,Reject,661
0,0.3242987933162042,Very High Risk,Reject,672
0,0.05303659533267547,Very Low Risk,Approve,821
0,0.4563055473404536,Very High Risk,Reject,599
0,0.37455953989527685,Very High Risk,Reject,644
0,0.05682145592022407,Very Low Risk,Approve,819
0,0.18069564025470075,Medium Risk,Manual Review,751
0,0.05536129034374927,Very Low Risk,Approve,820
0,0.1098623782149407,Low Risk,Manual Review,790
0,0.541253809569546,Very High Risk,Reject,552
0,0.07804403648544334,Very Low Risk,Approve,807
0,0.1898817977997579,Medium Risk,Manual Review,746
0,0.5229092273194584,Very High Risk,Reject,562
0,0.24653224555383677,High Risk,Manual Review,714
0,0.22749569948391202,High Risk,Manual Review,725
1,0.22219778309993657,High Risk,Manual Review,728
0,0.48677009620096784,Very High Risk,Reject,582
0,0.04641680752628444,Very Low Risk,Approve,824
0,0.1653212036044676,Medium Risk,Manual Review,759
0,0.10208079269811161,Low Risk,Manual Review,794
0,0.052544537131891694,Very Low Risk,Approve,821
0,0.1409131541038269,Low Risk,Manual Review,772
0,0.17340312921700868,Medium Risk,Manual Review,755
0,0.1708353993998154,Medium Risk,Manual Review,756
0,0.32051050442055845,Very High Risk,Reject,674
0,0.03205371987829426,Very Low Risk,Approve,832
0,0.025138770496331043,Very Low Risk,Approve,836
0,0.1545125174537937,Medium Risk,Manual Review,765
0,0.2744294719369256,High Risk,Reject,699
0,0.33200014841897907,Very High Risk,Reject,667
0,0.41800635076293247,Very High Risk,Reject,620
0,0.06304167195326071,Very Low Risk,Approve,815
0,0.2840287523222111,High Risk,Reject,694
0,0.1824070623555614,Medium Risk,Manual Review,750
0,0.24205312812034122,High Risk,Manual Review,717
1,0.1050987937757639,Low Risk,Manual Review,792
0,0.06573864933675594,Very Low Risk,Approve,814
0,0.08392066192060188,Very Low Risk,Approve,804
0,0.23761576922317468,High Risk,Manual Review,719
0,0.2268560086442945,High Risk,Manual Review,725
1,0.29279963120160785,High Risk,Reject,689
0,0.07345831511405418,Very Low Risk,Approve,810
1,0.14780104108108089,Medium Risk,Manual Review,769
0,0.3177642500193594,Very High Risk,Reject,675
0,0.15042657666229645,Medium Risk,Manual Review,767
1,0.3530721847531322,Very High Risk,Reject,656
0,0.14918121993825426,Medium Risk,Manual Review,768
0,0.05551780106194751,Very Low Risk,Approve,819
1,0.15882704810018672,Medium Risk,Manual Review,763
0,0.19138411170299086,Medium Risk,Manual Review,745
0,0.1374913983306685,Low Risk,Manual Review,774
1,0.3768496017448469,Very High Risk,Reject,643
0,0.17543135464141493,Medium Risk,Manual Review,754
1,0.5692871018300947,Very High Risk,Reject,537
0,0.19151552096836963,Medium Risk,Manual Review,745
0,0.3584688403788353,Very High Risk,Reject,653
0,0.2287264994510881,High Risk,Manual Review,724
0,0.35722151903875415,Very High Risk,Reject,654
1,0.28171070024756223,High Risk,Reject,695
0,0.11226952520699485,Low Risk,Manual Review,788
0,0.3239365591258782,Very High Risk,Reject,672
0,0.15551958737872365,Medium Risk,Manual Review,764
0,0.07621199373853368,Very Low Risk,Approve,808
0,0.037223937711263984,Very Low Risk,Approve,830
1,0.22904477984097507,High Risk,Manual Review,724
0,0.17792718931932786,Medium Risk,Manual Review,752
0,0.20131244844750693,Medium Risk,Manual Review,739
0,0.2352815604900226,High Risk,Manual Review,721
0,0.18294373138665693,Medium Risk,Manual Review,749
0,0.2339694032826548,High Risk,Manual Review,721
0,0.16266267878612864,Medium Risk,Manual Review,761
0,0.2867924635027146,High Risk,Reject,692
0,0.10304448974667937,Low Risk,Manual Review,793
0,0.05512413851125018,Very Low Risk,Approve,820
0,0.13761121884857902,Low Risk,Manual Review,774
0,0.29114213152015295,High Risk,Reject,690
0,0.3760589214767799,Very High Risk,Reject,643
1,0.15590619056132338,Medium Risk,Manual Review,764
0,0.15236322507626676,Medium Risk,Manual Review,766
0,0.3623529886474069,Very High Risk,Reject,651
1,0.34687360096815,Very High Risk,Reject,659
0,0.18418710889849443,Medium Risk,Manual Review,749
1,0.2174883104502991,High Risk,Manual Review,730
0,0.04400213431732198,Very Low Risk,Approve,826
0,0.06911680112836815,Very Low Risk,Approve,812
0,0.19209347694984608,Medium Risk,Manual Review,744
0,0.22234444944191448,High Risk,Manual Review,728
0,0.23033027933257721,High Risk,Manual Review,723
1,0.12181622585799431,Low Risk,Manual Review,783
0,0.06389460046308205,Very Low Risk,Approve,815
0,0.30075116219267845,High Risk,Reject,685
0,0.07365290210516026,Very Low Risk,Approve,809
0,0.1554293787313904,Medium Risk,Manual Review,765
1,0.2131921378855253,Medium Risk,Manual Review,733
0,0.5114361086407989,Very High Risk,Reject,569
0,0.26258950122963126,High Risk,Reject,706
0,0.2602187728951122,High Risk,Reject,707
0,0.3410273251851128,Very High Risk,Reject,662
1,0.15485309414696127,Medium Risk,Manual Review,765
0,0.21549050915702078,High Risk,Manual Review,731
0,0.1385517818626335,Low Risk,Manual Review,774
0,0.23424909724776952,High Risk,Manual Review,721
1,0.14610711178108998,Medium Risk,Manual Review,770
1,0.247714596640984,High Risk,Manual Review,714
0,0.16849904550307093,Medium Risk,Manual Review,757
0,0.1552606208275312,Medium Risk,Manual Review,765
0,0.06823992718586534,Very Low Risk,Approve,812
0,0.21383802071162014,High Risk,Manual Review,732
1,0.5545118412081921,Very High Risk,Reject,545
0,0.13607456506457868,Low Risk,Manual Review,775
1,0.24231939085493495,High Risk,Manual Review,717
0,0.05582445886434984,Very Low Risk,Approve,819
0,0.29898664039207146,High Risk,Reject,686
0,0.020227932962290033,Very Low Risk,Approve,839
1,0.1908524862168613,Medium Risk,Manual Review,745
0,0.5431385628716479,Very High Risk,Reject,551
0,0.28406881047823723,High Risk,Reject,694
1,0.22661212419085613,High Risk,Manual Review,725
1,0.45215561460988835,Very High Risk,Reject,601
0,0.23398134862670308,High Risk,Manual Review,721
1,0.2526544604791126,High Risk,Reject,711
0,0.40961123485655376,Very High Risk,Reject,625
0,0.2992928996819248,High Risk,Reject,685
0,0.015565773490423197,Very Low Risk,Approve,841
0,0.47307236323275287,Very High Risk,Reject,590
0,0.06639420137028958,Very Low Risk,Approve,813
0,0.3110417594275251,High Risk,Reject,679
0,0.132363284630925,Low Risk,Manual Review,777
0,0.4597057156687163,Very High Risk,Reject,597
0,0.11814052504710677,Low Risk,Manual Review,785
0,0.08775563655745353,Low Risk,Approve,802
0,0.24523022623046625,High Risk,Manual Review,715
0,0.12928343502824308,Low Risk,Manual Review,779
1,0.34881546606028585,Very High Risk,Reject,658
0,0.11069246747149453,Low Risk,Manual Review,789
1,0.29293997850472603,High Risk,Reject,689
1,0.14382971681045892,Low Risk,Manual Review,771
0,0.22198089447531985,High Risk,Manual Review,728
0,0.041008437248575974,Very Low Risk,Approve,827
0,0.05877829284176517,Very Low Risk,Approve,818
0,0.0673754067168804,Very Low Risk,Approve,813
0,0.19402740904663907,Medium Risk,Manual Review,743
0,0.15676222422526978,Medium Risk,Manual Review,764
0,0.07303732170466229,Very Low Risk,Approve,810
0,0.21872082924785138,High Risk,Manual Review,730
0,0.051287123789129925,Very Low Risk,Approve,822
1,0.15927344949953207,Medium Risk,Manual Review,762
0,0.11350857348059087,Low Risk,Manual Review,788
1,0.28376868310326075,High Risk,Reject,694
0,0.07754315388415135,Very Low Risk,Approve,807
0,0.3198574813214436,Very High Risk,Reject,674
0,0.18271257235407223,Medium Risk,Manual Review,750
0,0.39261097117059734,Very High Risk,Reject,634
0,0.31661985829310957,Very High Risk,Reject,676
0,0.05411161492752671,Very Low Risk,Approve,820
0,0.34427753293818464,Very High Risk,Reject,661
1,0.20022556121338336,Medium Risk,Manual Review,740
0,0.26248086216937433,High Risk,Reject,706
0,0.25650283113561134,High Risk,Reject,709
0,0.49659947097426477,Very High Risk,Reject,577
0,0.36867065150760103,Very High Risk,Reject,647
0,0.22434330326478025,High Risk,Manual Review,727
0,0.11339242178638402,Low Risk,Manual Review,788
0,0.1386418208171704,Low Risk,Manual Review,774
1,0.5238879995566026,Very High Risk,Reject,562
0,0.4471394633324803,Very High Risk,Reject,604
0,0.07155605714064223,Very Low Risk,Approve,811
0,0.19052529676375643,Medium Risk,Manual Review,745
0,0.44303473756953843,Very High Risk,Reject,606
0,0.09082525080673547,Low Risk,Approve,800
0,0.21335231305231128,High Risk,Manual Review,733
0,0.2572646393158598,High Risk,Reject,709
0,0.15450001336159788,Medium Risk,Manual Review,765
0,0.15944943330330014,Medium Risk,Manual Review,762
0,0.1843098894268371,Medium Risk,Manual Review,749
0,0.08611824310686067,Very Low Risk,Approve,803
1,0.14765305458401906,Medium Risk,Manual Review,769
0,0.09105864692438073,Low Risk,Approve,800
0,0.050235357619752126,Very Low Risk,Approve,822
1,0.4921410854695156,Very High Risk,Reject,579
0,0.11956529639194526,Low Risk,Manual Review,784
1,0.2041034814539091,Medium Risk,Manual Review,738
1,0.18830140278502538,Medium Risk,Manual Review,746
0,0.2254558471791469,High Risk,Manual Review,726
0,0.2811614038262353,High Risk,Reject,695
0,0.06198372767520739,Very Low Risk,Approve,816
0,0.5640634364545578,Very High Risk,Reject,540
1,0.5021391019424085,Very High Risk,Reject,574
0,0.1684488847821069,Medium Risk,Manual Review,757
0,0.12078365278564888,Low Risk,Manual Review,784
0,0.046708546406086356,Very Low Risk,Approve,824
0,0.08946476271628843,Low Risk,Approve,801
0,0.20237394632999728,Medium Risk,Manual Review,739
1,0.5222912340409775,Very High Risk,Reject,563
0,0.3956114345812748,Very High Risk,Reject,632
0,0.17712579370270506,Medium Risk,Manual Review,753
0,0.16834046782067724,Medium Risk,Manual Review,757
0,0.1899177300656194,Medium Risk,Manual Review,746
0,0.05363292484599227,Very Low Risk,Approve,821
1,0.10469455425979053,Low Risk,Manual Review,792
0,0.13647389362683604,Low Risk,Manual Review,775
0,0.23088492792572407,High Risk,Manual Review,723
1,0.6556484629681405,Very High Risk,Reject,489
0,0.09706276119926918,Low Risk,Approve,797
0,0.2960890607974676,High Risk,Reject,687
0,0.15824052112189566,Medium Risk,Manual Review,763
0,0.15411909323882794,Medium Risk,Manual Review,765
0,0.25281930000292413,High Risk,Reject,711
0,0.08400343217957558,Very Low Risk,Approve,804
0,0.12149775029280091,Low Risk,Manual Review,783
1,0.2629454934140824,High Risk,Reject,705
1,0.3682657489726083,Very High Risk,Reject,647
0,0.12918598003064066,Low Risk,Manual Review,779
1,0.2163707079800467,High Risk,Manual Review,731
1,0.26279499180110394,High Risk,Reject,705
0,0.07673061528330768,Very Low Risk,Approve,808
0,0.11188510428716329,Low Risk,Manual Review,788
1,0.0988163063980089,Low Risk,Approve,796
1,0.28690625208420273,High Risk,Reject,692
0,0.39235632704685014,Very High Risk,Reject,634
0,0.05386634264727627,Very Low Risk,Approve,820
0,0.1496016896576002,Medium Risk,Manual Review,768
1,0.49236021224879634,Very High Risk,Reject,579
0,0.13651497863299752,Low Risk,Manual Review,775
0,0.055021625033376695,Very Low Risk,Approve,820
1,0.4241723643142853,Very High Risk,Reject,617
0,0.07216580925200212,Very Low Risk,Approve,810
0,0.05721828479374172,Very Low Risk,Approve,819
0,0.08577806137486392,Very Low Risk,Approve,803
1,0.3020171060790549,High Risk,Reject,684
0,0.13629644115372147,Low Risk,Manual Review,775
1,0.16787676103236082,Medium Risk,Manual Review,758
0,0.13489244839376233,Low Risk,Manual Review,776
0,0.12855017968597224,Low Risk,Manual Review,779
1,0.16948530214284183,Medium Risk,Manual Review,757
0,0.13215791925109782,Low Risk,Manual Review,777
0,0.16164910290483522,Medium Risk,Manual Review,761
0,0.44519439662824156,Very High Risk,Reject,605
1,0.2742931263283667,High Risk,Reject,699
0,0.29992539692012143,High Risk,Reject,685
0,0.1896940099109213,Medium Risk,Manual Review,746
0,0.057708390424899836,Very Low Risk,Approve,818
0,0.26149222828546276,High Risk,Reject,706
1,0.4927299544734244,Very High Risk,Reject,579
0,0.12590432270005028,Low Risk,Manual Review,781
0,0.17855340509500445,Medium Risk,Manual Review,752
1,0.22190028606363438,High Risk,Manual Review,728
0,0.29128759618078287,High Risk,Reject,690
0,0.3123905028630702,Very High Risk,Reject,678
0,0.36653972157537207,Very High Risk,Reject,648
0,0.3887466532699558,Very High Risk,Reject,636
0,0.26630587393624294,High Risk,Reject,704
0,0.07345279718824621,Very Low Risk,Approve,810
0,0.08538082245889005,Very Low Risk,Approve,803
0,0.051473231535286636,Very Low Risk,Approve,822
0,0.3024317529432548,High Risk,Reject,684
0,0.39554714210799224,Very High Risk,Reject,632
1,0.28342144654021256,High Risk,Reject,694
1,0.2790008044131355,High Risk,Reject,697
0,0.06408618295503929,Very Low Risk,Approve,815
0,0.19469995883370503,Medium Risk,Manual Review,743
0,0.2446597005862748,High Risk,Manual Review,715
0,0.2792920820021133,High Risk,Reject,696
0,0.49772717230456687,Very High Risk,Reject,576
0,0.17299460154769777,Medium Risk,Manual Review,755
0,0.3381749190870924,Very High Risk,Reject,664
1,0.1664461803758561,Medium Risk,Manual Review,758
0,0.2155084631180047,High Risk,Manual Review,731
0,0.22265075910165663,High Risk,Manual Review,728
0,0.16704420840412107,Medium Risk,Manual Review,758
0,0.0940189074668833,Low Risk,Approve,798
0,0.06744184238774936,Very Low Risk,Approve,813
0,0.1424937186189582,Low Risk,Manual Review,772
0,0.0462744487773761,Very Low Risk,Approve,825
0,0.41935989774214094,Very High Risk,Reject,619
1,0.543375322434593,Very High Risk,Reject,551
0,0.23250563986678519,High Risk,Manual Review,722
0,0.213426749424879,High Risk,Manual Review,733
0,0.16329057257342716,Medium Risk,Manual Review,760
0,0.26729725230441836,High Risk,Reject,703
0,0.1689945924153438,Medium Risk,Manual Review,757
0,0.3397292157521317,Very High Risk,Reject,663
1,0.2386234452782312,High Risk,Manual Review,719
1,0.06483818387107647,Very Low Risk,Approve,814
0,0.1489400663156149,Medium Risk,Manual Review,768
0,0.04405603080434015,Very Low Risk,Approve,826
0,0.08461630342735099,Very Low Risk,Approve,803
0,0.1342671778804392,Low Risk,Manual Review,776
0,0.04384462064884409,Very Low Risk,Approve,826
0,0.1370048167898462,Low Risk,Manual Review,775
0,0.06109280626849081,Very Low Risk,Approve,816
0,0.23257670035961167,High Risk,Manual Review,722
0,0.11985097051670675,Low Risk,Manual Review,784
0,0.16590574137832853,Medium Risk,Manual Review,759
0,0.29233938361539263,High Risk,Reject,689
0,0.16518094482023593,Medium Risk,Manual Review,759
0,0.44653625912358863,Very High Risk,Reject,604
1,0.23085430829298725,High Risk,Manual Review,723
1,0.17515489611602592,Medium Risk,Manual Review,754
0,0.25177647615600474,High Risk,Reject,712
0,0.2128017933930951,Medium Risk,Manual Review,733
0,0.2616418520324594,High Risk,Reject,706
0,0.356765519869383,Very High Risk,Reject,654
0,0.454859270989669,Very High Risk,Reject,600
0,0.19538904669892293,Medium Risk,Manual Review,743
0,0.49497137456525797,Very High Risk,Reject,578
0,0.025063617693563474,Very Low Risk,Approve,836
0,0.15006653853161048,Medium Risk,Manual Review,767
0,0.21021514828771806,Medium Risk,Manual Review,734
1,0.0680851053097954,Very Low Risk,Approve,813
0,0.04243058488342421,Very Low Risk,Approve,827
0,0.14749162015349504,Medium Risk,Manual Review,769
0,0.028472006949287403,Very Low Risk,Approve,834
0,0.03209773554052112,Very Low Risk,Approve,832
0,0.08085409586785117,Very Low Risk,Approve,806
0,0.2868810326919469,High Risk,Reject,692
0,0.33925324166749227,Very High Risk,Reject,663
0,0.2909957853277049,High Risk,Reject,690
0,0.2949496471561265,High Risk,Reject,688
1,0.30553739333630625,High Risk,Reject,682
0,0.41677116028530875,Very High Risk,Reject,621
0,0.06187865913828344,Very Low Risk,Approve,816
0,0.05620656633161119,Very Low Risk,Approve,819
1,0.09735123328083933,Low Risk,Approve,796
0,0.07865685607429461,Very Low Risk,Approve,807
0,0.1896700235403974,Medium Risk,Manual Review,746
0,0.06562309627614789,Very Low Risk,Approve,814
0,0.26353663472553956,High Risk,Reject,705
0,0.052729389019955344,Very Low Risk,Approve,821
1,0.6097913283078458,Very High Risk,Reject,515
1,0.04692139084158556,Very Low Risk,Approve,824
1,0.45534233449174183,Very High Risk,Reject,600
1,0.11298805886545696,Low Risk,Manual Review,788
1,0.17198882787468864,Medium Risk,Manual Review,755
0,0.020145280703171863,Very Low Risk,Approve,839
0,0.12476195163574548,Low Risk,Manual Review,781
0,0.1529063074265378,Medium Risk,Manual Review,766
0,0.2470795637825865,High Risk,Manual Review,714
0,0.4251133485341035,Very High Risk,Reject,616
1,0.1308546118492408,Low Risk,Manual Review,778
0,0.34106298945432645,Very High Risk,Reject,662
0,0.23230178317234101,High Risk,Manual Review,722
0,0.26420961632519474,High Risk,Reject,705
0,0.10437673631712514,Low Risk,Manual Review,793
0,0.1048638631362823,Low Risk,Manual Review,792
1,0.3979297010582284,Very High Risk,Reject,631
0,0.2382423976143114,High Risk,Manual Review,719
0,0.03906377307448854,Very Low Risk,Approve,829
1,0.25901466596786055,High Risk,Reject,708
0,0.23736903359935277,High Risk,Manual Review,719
0,0.3256971105351085,Very High Risk,Reject,671
1,0.23461668702455019,High Risk,Manual Review,721
0,0.029751033442299086,Very Low Risk,Approve,834
1,0.23891028805240833,High Risk,Manual Review,719
1,0.2880109416992214,High Risk,Reject,692
0,0.5311962906103949,Very High Risk,Reject,558
0,0.07618128113456295,Very Low Risk,Approve,808
0,0.06255508937050103,Very Low Risk,Approve,816
0,0.34102902018053377,Very High Risk,Reject,662
0,0.029179940128164248,Very Low Risk,Approve,834
0,0.20895329326000497,Medium Risk,Manual Review,735
0,0.04302192685285213,Very Low Risk,Approve,826
0,0.034484684216864264,Very Low Risk,Approve,831
0,0.2237667799836768,High Risk,Manual Review,727
0,0.15631495134582063,Medium Risk,Manual Review,764
1,0.30822628886368836,High Risk,Reject,680
0,0.176773660740633,Medium Risk,Manual Review,753
0,0.09196903174422515,Low Risk,Approve,799
0,0.17343903634964997,Medium Risk,Manual Review,755
1,0.38006548593480494,Very High Risk,Reject,641
0,0.08794860757095412,Low Risk,Approve,802
0,0.21920775810340362,High Risk,Manual Review,729
0,0.40957499811816905,Very High Risk,Reject,625
0,0.1352128415934246,Low Risk,Manual Review,776
1,0.20941082097325545,Medium Risk,Manual Review,735
0,0.09445338817551227,Low Risk,Approve,798
0,0.15230358208977657,Medium Risk,Manual Review,766
0,0.047545585242148566,Very Low Risk,Approve,824
0,0.12695133620132504,Low Risk,Manual Review,780
0,0.1633751955466658,Medium Risk,Manual Review,760
0,0.26924446404029084,High Risk,Reject,702
1,0.47190932964161925,Very High Risk,Reject,590
0,0.16590033693273887,Medium Risk,Manual Review,759
0,0.18305377581912854,Medium Risk,Manual Review,749
0,0.02614936646458178,Very Low Risk,Approve,836
0,0.20662461391058481,Medium Risk,Manual Review,736
0,0.2475462243457258,High Risk,Manual Review,714
0,0.3083582797368261,High Risk,Reject,680
0,0.18088441060227217,Medium Risk,Manual Review,751
0,0.0942340177520421,Low Risk,Approve,798
0,0.12988109643195236,Low Risk,Manual Review,779
0,0.026281651835079505,Very Low Risk,Approve,836
1,0.2590888765728449,High Risk,Reject,708
0,0.16555524448530914,Medium Risk,Manual Review,759
0,0.15452759627969295,Medium Risk,Manual Review,765
0,0.25364300015962027,High Risk,Reject,710
0,0.18485420672422442,Medium Risk,Manual Review,748
1,0.44433123269917496,Very High Risk,Reject,606
0,0.25693799864451455,High Risk,Reject,709
0,0.153545880546554,Medium Risk,Manual Review,766
0,0.1199994325275328,Low Risk,Manual Review,784
0,0.34151011437545925,Very High Risk,Reject,662
0,0.3888013707108796,Very High Risk,Reject,636
0,0.10154393345098488,Low Risk,Manual Review,794
0,0.18005010823209333,Medium Risk,Manual Review,751
0,0.08203800052333905,Very Low Risk,Approve,805
0,0.17502661666934166,Medium Risk,Manual Review,754
1,0.5086911011652362,Very High Risk,Reject,570
1,0.2705083006934947,High Risk,Reject,701
0,0.2413789477439866,High Risk,Manual Review,717
0,0.1780285391789402,Medium Risk,Manual Review,752
1,0.3143680080518043,Very High Risk,Reject,677
0,0.1806569948400407,Medium Risk,Manual Review,751
1,0.16500529571577552,Medium Risk,Manual Review,759
0,0.29958567113534124,High Risk,Reject,685
0,0.20407016173777004,Medium Risk,Manual Review,738
1,0.4094552968198349,Very High Risk,Reject,625
0,0.15070400229527683,Medium Risk,Manual Review,767
0,0.17260331512546595,Medium Risk,Manual Review,755
0,0.1037204388800756,Low Risk,Manual Review,793
0,0.2059314687681809,Medium Risk,Manual Review,737
0,0.044227169596200794,Very Low Risk,Approve,826
1,0.3687433633862111,Very High Risk,Reject,647
0,0.02809756124170173,Very Low Risk,Approve,835
0,0.06525838915916134,Very Low Risk,Approve,814
1,0.30694383206174125,High Risk,Reject,681
1,0.49473535703603266,Very High Risk,Reject,578
0,0.30308827572327246,High Risk,Reject,683
1,0.11519115402987001,Low Risk,Manual Review,787
1,0.21338382102164621,High Risk,Manual Review,733
0,0.06537354875512795,Very Low Risk,Approve,814
0,0.36946814797410943,Very High Risk,Reject,647
0,0.049807963640173265,Very Low Risk,Approve,823
0,0.4653590865425981,Very High Risk,Reject,594
0,0.10322694271224278,Low Risk,Manual Review,793
1,0.48322773334950364,Very High Risk,Reject,584
0,0.19364251094475696,Medium Risk,Manual Review,743
0,0.1097083095732513,Low Risk,Manual Review,790
0,0.042231697467781514,Very Low Risk,Approve,827
0,0.11392398416547835,Low Risk,Manual Review,787
0,0.15308824350717282,Medium Risk,Manual Review,766
0,0.2883532684694552,High Risk,Reject,691
0,0.08450836726148485,Very Low Risk,Approve,804
0,0.16422084484500235,Medium Risk,Manual Review,760
1,0.35521415962733843,Very High Risk,Reject,655
0,0.46547337211523343,Very High Risk,Reject,594
0,0.08161654217672917,Very Low Risk,Approve,805
1,0.3080376816698818,High Risk,Reject,681
1,0.3140321363578888,Very High Risk,Reject,677
1,0.2052668764180842,Medium Risk,Manual Review,737
0,0.35719967827625165,Very High Risk,Reject,654
0,0.30151096184263887,High Risk,Reject,684
0,0.1099364612425305,Low Risk,Manual Review,790
0,0.2501278532222354,High Risk,Reject,712
0,0.3755887962408309,Very High Risk,Reject,643
0,0.05569970943010849,Very Low Risk,Approve,819
0,0.0713953586160354,Very Low Risk,Approve,811
0,0.08349375585257979,Very Low Risk,Approve,804
0,0.06901792557178678,Very Low Risk,Approve,812
1,0.22968716690124952,High Risk,Manual Review,724
1,0.34840658839466426,Very High Risk,Reject,658
1,0.304143307842553,High Risk,Reject,683
1,0.07766350827810639,Very Low Risk,Approve,807
0,0.3528710169013623,Very High Risk,Reject,656
0,0.1458329070740354,Low Risk,Manual Review,770
0,0.36441408123821256,Very High Risk,Reject,650
0,0.12328522334619114,Low Risk,Manual Review,782
1,0.29598940296392345,High Risk,Reject,687
0,0.13364328141476547,Low Risk,Manual Review,776
0,0.031143387425288424,Very Low Risk,Approve,833
0,0.2753525676554577,High Risk,Reject,699
0,0.31523252803216417,Very High Risk,Reject,677
0,0.23232015903428457,High Risk,Manual Review,722
0,0.2126587124237452,Medium Risk,Manual Review,733
0,0.15089639462982615,Medium Risk,Manual Review,767
0,0.18738016475115904,Medium Risk,Manual Review,747
0,0.03685590286614253,Very Low Risk,Approve,830
1,0.17483099214774508,Medium Risk,Manual Review,754
1,0.21621427481630312,High Risk,Manual Review,731
0,0.09666755179657373,Low Risk,Approve,797
0,0.20557024085912357,Medium Risk,Manual Review,737
0,0.12575391069617667,Low Risk,Manual Review,781
0,0.17165909175706856,Medium Risk,Manual Review,756
0,0.2317800473809587,High Risk,Manual Review,723
0,0.12244958756309364,Low Risk,Manual Review,783
0,0.21238956518426017,Medium Risk,Manual Review,733
0,0.19153320115343414,Medium Risk,Manual Review,745
1,0.306412187174562,High Risk,Reject,681
0,0.07068210795039065,Very Low Risk,Approve,811
0,0.14155146767170643,Low Risk,Manual Review,772
0,0.09893847313491885,Low Risk,Approve,796
1,0.2147393578917727,High Risk,Manual Review,732
1,0.40527422562561993,Very High Risk,Reject,627
0,0.07107966780493492,Very Low Risk,Approve,811
0,0.5006566772365417,Very High Risk,Reject,575
0,0.13002570513585185,Low Risk,Manual Review,778
0,0.23383233310268972,High Risk,Manual Review,721
0,0.06911104204848378,Very Low Risk,Approve,812
0,0.43694972610398564,Very High Risk,Reject,610
0,0.08917545955485583,Low Risk,Approve,801
0,0.22254252067909858,High Risk,Manual Review,728
0,0.04362101143084538,Very Low Risk,Approve,826
0,0.04901399500265822,Very Low Risk,Approve,823
0,0.06891427288660318,Very Low Risk,Approve,812
0,0.05619361252910281,Very Low Risk,Approve,819
0,0.09373665996739441,Low Risk,Approve,798
0,0.10638380481754882,Low Risk,Manual Review,791
0,0.5874976996839851,Very High Risk,Reject,527
1,0.38785609275947247,Very High Risk,Reject,637
0,0.07545545261926301,Very Low Risk,Approve,808
0,0.033456035408972636,Very Low Risk,Approve,832
1,0.32556928212710357,Very High Risk,Reject,671
0,0.1127285256252419,Low Risk,Manual Review,788
1,0.16198911909265415,Medium Risk,Manual Review,761
1,0.6741914389079265,Very High Risk,Reject,479
0,0.06600916819206218,Very Low Risk,Approve,814
1,0.0636042996839427,Very Low Risk,Approve,815
0,0.17816683249083795,Medium Risk,Manual Review,752
0,0.14618628227500724,Medium Risk,Manual Review,770
0,0.07463905349666292,Very Low Risk,Approve,809
0,0.0474314165417202,Very Low Risk,Approve,824
0,0.46593119275280676,Very High Risk,Reject,594
0,0.08943552231009397,Low Risk,Approve,801
0,0.05890617425865395,Very Low Risk,Approve,818
0,0.20574911510670463,Medium Risk,Manual Review,737
1,0.3648477873960621,Very High Risk,Reject,649
0,0.3444385713284168,Very High Risk,Reject,661
0,0.22419303457151843,High Risk,Manual Review,727
0,0.08546627108785262,Very Low Risk,Approve,803
0,0.11600347493700759,Low Risk,Manual Review,786
0,0.16541907599242558,Medium Risk,Manual Review,759
0,0.14226003472134435,Low Risk,Manual Review,772
0,0.39109768078332335,Very High Risk,Reject,635
0,0.2935133317626677,High Risk,Reject,689
0,0.04443947450253256,Very Low Risk,Approve,826
0,0.24782141961656967,High Risk,Manual Review,714
0,0.04834690226536214,Very Low Risk,Approve,823
1,0.3795967328105094,Very High Risk,Reject,641
0,0.17271179343491327,Medium Risk,Manual Review,755
0,0.3989989701390232,Very High Risk,Reject,631
0,0.2900985096700346,High Risk,Reject,690
0,0.18367337766488695,Medium Risk,Manual Review,749
0,0.32058369733632097,Very High Risk,Reject,674
0,0.043581968449946995,Very Low Risk,Approve,826
0,0.05894704454791557,Very Low Risk,Approve,818
0,0.4031099383694915,Very High Risk,Reject,628
0,0.18969820391165695,Medium Risk,Manual Review,746
0,0.13488102894510262,Low Risk,Manual Review,776
0,0.30753290876221934,High Risk,Reject,681
0,0.041632264383686106,Very Low Risk,Approve,827
0,0.2952936887724739,High Risk,Reject,688
0,0.20071609841250587,Medium Risk,Manual Review,740
0,0.13502105349225885,Low Risk,Manual Review,776
0,0.5042639667901395,Very High Risk,Reject,573
0,0.15139513724095477,Medium Risk,Manual Review,767
0,0.13291505117266994,Low Risk,Manual Review,777
1,0.295454639200276,High Risk,Reject,687
0,0.27904723591081226,High Risk,Reject,697
0,0.17569865546043842,Medium Risk,Manual Review,753
0,0.07937711123883902,Very Low Risk,Approve,806
0,0.34056831492227496,Very High Risk,Reject,663
0,0.0268090745199109,Very Low Risk,Approve,835
0,0.5080528946320743,Very High Risk,Reject,571
0,0.21471536994712603,High Risk,Manual Review,732
1,0.1728660538370877,Medium Risk,Manual Review,755
0,0.17769525950850873,Medium Risk,Manual Review,752
0,0.30643920023008553,High Risk,Reject,681
1,0.5091065393293228,Very High Risk,Reject,570
0,0.24184770031370817,High Risk,Manual Review,717
1,0.27972113014280175,High Risk,Reject,696
1,0.27094471682848875,High Risk,Reject,701
0,0.35547024887386475,Very High Risk,Reject,654
0,0.12598473388857157,Low Risk,Manual Review,781
0,0.2564849306495635,High Risk,Reject,709
0,0.16422454851283425,Medium Risk,Manual Review,760
0,0.26798591175015013,High Risk,Reject,703
0,0.05902939508805344,Very Low Risk,Approve,818
0,0.07940485740944819,Very Low Risk,Approve,806
1,0.2104018059650965,Medium Risk,Manual Review,734
0,0.051765521223724756,Very Low Risk,Approve,822
0,0.14570362924668034,Low Risk,Manual Review,770
1,0.1380832584337629,Low Risk,Manual Review,774
0,0.06286461759464564,Very Low Risk,Approve,815
1,0.41210085951075814,Very High Risk,Reject,623
1,0.5946217216445294,Very High Risk,Reject,523
0,0.15237409657219905,Medium Risk,Manual Review,766
0,0.3879455368540983,Very High Risk,Reject,637
0,0.10549706604111629,Low Risk,Manual Review,792
0,0.3866859160311373,Very High Risk,Reject,637
0,0.3756943943668308,Very High Risk,Reject,643
0,0.1446914162142317,Low Risk,Manual Review,770
0,0.1423190818107146,Low Risk,Manual Review,772
0,0.17748550586286232,Medium Risk,Manual Review,752
1,0.2515679026008273,High Risk,Reject,712
0,0.09667073287841267,Low Risk,Approve,797
1,0.38920485339618716,Very High Risk,Reject,636
0,0.22496848326451718,High Risk,Manual Review,726
0,0.07390737272790314,Very Low Risk,Approve,809
1,0.17967198380717284,Medium Risk,Manual Review,751
0,0.10906289178074761,Low Risk,Manual Review,790
0,0.04276747267678383,Very Low Risk,Approve,826
0,0.1071901794973354,Low Risk,Manual Review,791
1,0.16014729082155787,Medium Risk,Manual Review,762
0,0.14754009196121948,Medium Risk,Manual Review,769
0,0.12940249252679537,Low Risk,Manual Review,779
0,0.15457254878885018,Medium Risk,Manual Review,765
0,0.2250998176625728,High Risk,Manual Review,726
0,0.10372463646626444,Low Risk,Manual Review,793
0,0.17965622271262482,Medium Risk,Manual Review,751
1,0.18993302593838715,Medium Risk,Manual Review,746
0,0.13377839401809102,Low Risk,Manual Review,776
0,0.32766305719708727,Very High Risk,Reject,670
0,0.11089795402690664,Low Risk,Manual Review,789
0,0.1551051345964113,Medium Risk,Manual Review,765
1,0.37605270062357965,Very High Risk,Reject,643
0,0.6361375423798182,Very High Risk,Reject,500
0,0.08366532274570813,Very Low Risk,Approve,804
0,0.22164879866245082,High Risk,Manual Review,728
0,0.1779087513662521,Medium Risk,Manual Review,752
0,0.07938333855981732,Very Low Risk,Approve,806
0,0.1304097971136408,Low Risk,Manual Review,778
0,0.03632923431997242,Very Low Risk,Approve,830
0,0.2918060453891402,High Risk,Reject,690
0,0.06481392544367773,Very Low Risk,Approve,814
0,0.28059744549442006,High Risk,Reject,696
0,0.4049619051929819,Very High Risk,Reject,627
0,0.24872759924188412,High Risk,Manual Review,713
1,0.48633167735870386,Very High Risk,Reject,583
0,0.037649725073039875,Very Low Risk,Approve,829
0,0.09845239155156782,Low Risk,Approve,796
0,0.04105870241703959,Very Low Risk,Approve,827
0,0.5251814143035599,Very High Risk,Reject,561
0,0.13778608883756913,Low Risk,Manual Review,774
0,0.14875084051430393,Medium Risk,Manual Review,768
0,0.14599439711216367,Medium Risk,Manual Review,770
0,0.07262958356403439,Very Low Risk,Approve,810
0,0.28042642135952145,High Risk,Reject,696
1,0.19656227020627737,Medium Risk,Manual Review,742
0,0.16391888678456354,Medium Risk,Manual Review,760
0,0.22431691209425544,High Risk,Manual Review,727
0,0.11445417073202983,Low Risk,Manual Review,787
0,0.06642416841624815,Very Low Risk,Approve,813
0,0.031753914684346504,Very Low Risk,Approve,833
0,0.22175095784846177,High Risk,Manual Review,728
0,0.22764261441779465,High Risk,Manual Review,725
0,0.2931098022278268,High Risk,Reject,689
1,0.36954791005858245,Very High Risk,Reject,647
0,0.08982916318709336,Low Risk,Approve,801
0,0.43555573018095745,Very High Risk,Reject,610
1,0.3586119161048829,Very High Risk,Reject,653
0,0.06878880482257081,Very Low Risk,Approve,812
0,0.07034714602259085,Very Low Risk,Approve,811
0,0.08652719430905768,Very Low Risk,Approve,802
0,0.12448414408912367,Low Risk,Manual Review,782
0,0.07959354737489935,Very Low Risk,Approve,806
0,0.2788015439781754,High Risk,Reject,697
1,0.3659291245410116,Very High Risk,Reject,649
0,0.23951730186290093,High Risk,Manual Review,718
0,0.19164706736830806,Medium Risk,Manual Review,745
0,0.05422650797124066,Very Low Risk,Approve,820
0,0.04997173781555215,Very Low Risk,Approve,823
0,0.35383580809278037,Very High Risk,Reject,655
0,0.16620034121535032,Medium Risk,Manual Review,759
0,0.09389282955430839,Low Risk,Approve,798
1,0.42643841098361607,Very High Risk,Reject,615
1,0.21271840500542827,Medium Risk,Manual Review,733
0,0.17690750233810612,Medium Risk,Manual Review,753
1,0.35578474349216527,Very High Risk,Reject,654
0,0.21303198626660738,Medium Risk,Manual Review,733
0,0.027032866081842286,Very Low Risk,Approve,835
0,0.05008741987043423,Very Low Risk,Approve,822
1,0.4196731841382265,Very High Risk,Reject,619
0,0.2109903581419794,Medium Risk,Manual Review,734
0,0.11528982133005584,Low Risk,Manual Review,787
0,0.0779700951215817,Very Low Risk,Approve,807
0,0.06067059768383035,Very Low Risk,Approve,817
0,0.14345023184952885,Low Risk,Manual Review,771
1,0.34829525213746926,Very High Risk,Reject,658
0,0.0741569169300623,Very Low Risk,Approve,809
1,0.21359143062477037,High Risk,Manual Review,733
0,0.05791848815202018,Very Low Risk,Approve,818
0,0.10738248902747168,Low Risk,Manual Review,791
1,0.14339695632148727,Low Risk,Manual Review,771
0,0.08978096672225773,Low Risk,Approve,801
0,0.03948952793829966,Very Low Risk,Approve,828
0,0.052522337316781215,Very Low Risk,Approve,821
0,0.21165054593627944,Medium Risk,Manual Review,734
0,0.37421996041878325,Very High Risk,Reject,644
1,0.23453330204661393,High Risk,Manual Review,721
0,0.15131667927486409,Medium Risk,Manual Review,767
0,0.31536930573477406,Very High Risk,Reject,677
0,0.19860215204157372,Medium Risk,Manual Review,741
0,0.04947430468801217,Very Low Risk,Approve,823
0,0.23746490332507747,High Risk,Manual Review,719
0,0.33440916604899185,Very High Risk,Reject,666
0,0.20245890785980092,Medium Risk,Manual Review,739
0,0.5351760661524745,Very High Risk,Reject,556
0,0.2177989010895716,High Risk,Manual Review,730
0,0.028639263585871908,Very Low Risk,Approve,834
1,0.2613549970296578,High Risk,Reject,706
1,0.11880485289619971,Low Risk,Manual Review,785
0,0.17797319665530553,Medium Risk,Manual Review,752
0,0.32003321597177153,Very High Risk,Reject,674
1,0.352423654382269,Very High Risk,Reject,656
1,0.29556425328052044,High Risk,Reject,687
0,0.23672889442027012,High Risk,Manual Review,720
0,0.03379258950455403,Very Low Risk,Approve,831
0,0.050367706980739,Very Low Risk,Approve,822
0,0.13769636661167675,Low Risk,Manual Review,774
1,0.1559810052723685,Medium Risk,Manual Review,764
0,0.15424114833622468,Medium Risk,Manual Review,765
0,0.13885923670447184,Low Risk,Manual Review,774
0,0.07920286506803856,Very Low Risk,Approve,806
0,0.14636744463550938,Medium Risk,Manual Review,769
0,0.2769714585066017,High Risk,Reject,698
0,0.1951047382803699,Medium Risk,Manual Review,743
0,0.05666372896800432,Very Low Risk,Approve,819
0,0.23446388483395628,High Risk,Manual Review,721
0,0.06219302395379112,Very Low Risk,Approve,816
1,0.4080024098823048,Very High Risk,Reject,626
0,0.44989031698350646,Very High Risk,Reject,603
1,0.20412484165010483,Medium Risk,Manual Review,738
1,0.443440001101526,Very High Risk,Reject,606
0,0.12280954701679005,Low Risk,Manual Review,782
0,0.17322084497170195,Medium Risk,Manual Review,755
0,0.31903459638015613,Very High Risk,Reject,675
0,0.12548834794316635,Low Risk,Manual Review,781
1,0.05454058225633797,Very Low Risk,Approve,820
0,0.08784934882198737,Low Risk,Approve,802
0,0.1535314267211387,Medium Risk,Manual Review,766
0,0.09454148325646504,Low Risk,Approve,798
1,0.3771140692086417,Very High Risk,Reject,643
1,0.2168151044249473,High Risk,Manual Review,731
0,0.2168258368228539,High Risk,Manual Review,731
0,0.12968090582048933,Low Risk,Manual Review,779
0,0.07551612601575015,Very Low Risk,Approve,808
0,0.10881097356554752,Low Risk,Manual Review,790
0,0.5958044483807793,Very High Risk,Reject,522
0,0.20682543542854315,Medium Risk,Manual Review,736
0,0.05629449556767402,Very Low Risk,Approve,819
0,0.12932255521270195,Low Risk,Manual Review,779
0,0.1500552454607701,Medium Risk,Manual Review,767
1,0.22521398693516326,High Risk,Manual Review,726
1,0.22512667720557636,High Risk,Manual Review,726
0,0.14690767511065547,Medium Risk,Manual Review,769
0,0.44241539332346386,Very High Risk,Reject,607
0,0.1699834361929441,Medium Risk,Manual Review,757
0,0.08971178312473838,Low Risk,Approve,801
0,0.24951022102510018,High Risk,Manual Review,713
0,0.065403117401556,Very Low Risk,Approve,814
1,0.46722926072511894,Very High Risk,Reject,593
1,0.12223773474871268,Low Risk,Manual Review,783
0,0.06009201585600429,Very Low Risk,Approve,817
0,0.15583460440235553,Medium Risk,Manual Review,764
0,0.1612417598049353,Medium Risk,Manual Review,761
0,0.0667824703255563,Very Low Risk,Approve,813
0,0.04370588730690273,Very Low Risk,Approve,826
0,0.16136924236355527,Medium Risk,Manual Review,761
0,0.05161266976956765,Very Low Risk,Approve,822
0,0.30815296294459593,High Risk,Reject,681
0,0.08619536456785798,Very Low Risk,Approve,803
1,0.21787481067444317,High Risk,Manual Review,730
1,0.3308175161983408,Very High Risk,Reject,668
0,0.38816996808077764,Very High Risk,Reject,637
0,0.09898109621333527,Low Risk,Approve,796
0,0.08943095957562286,Low Risk,Approve,801
0,0.1637588807005908,Medium Risk,Manual Review,760
0,0.026491288621841448,Very Low Risk,Approve,835
0,0.2422807947154706,High Risk,Manual Review,717
1,0.11802423281471991,Low Risk,Manual Review,785
0,0.20158220986005335,Medium Risk,Manual Review,739
0,0.10285937651063834,Low Risk,Manual Review,793
0,0.1178173486392151,Low Risk,Manual Review,785
0,0.16507183256279573,Medium Risk,Manual Review,759
0,0.20076161492895414,Medium Risk,Manual Review,740
0,0.31935543829149604,Very High Risk,Reject,674
0,0.05607247327794348,Very Low Risk,Approve,819
0,0.07931773468864418,Very Low Risk,Approve,806
1,0.48979597086052246,Very High Risk,Reject,581
0,0.14559157342544515,Low Risk,Manual Review,770
0,0.14509133853233494,Low Risk,Manual Review,770
0,0.08149878740327608,Very Low Risk,Approve,805
1,0.29471349451952633,High Risk,Reject,688
1,0.20460384688566385,Medium Risk,Manual Review,737
0,0.03939793898337492,Very Low Risk,Approve,828
1,0.494289293322193,Very High Risk,Reject,578
1,0.4663650717641439,Very High Risk,Reject,593
1,0.16020056531508295,Medium Risk,Manual Review,762
0,0.27751430356082063,High Risk,Reject,697
0,0.3628614770836463,Very High Risk,Reject,650
0,0.35010010626024346,Very High Risk,Reject,657
0,0.13555302478229095,Low Risk,Manual Review,775
0,0.19012988337619127,Medium Risk,Manual Review,745
0,0.13707824839039934,Low Risk,Manual Review,775
0,0.08710659145044768,Very Low Risk,Approve,802
0,0.21130024347099302,Medium Risk,Manual Review,734
0,0.10438931583990102,Low Risk,Manual Review,793
1,0.24278093770726128,High Risk,Manual Review,716
0,0.19829952093150047,Medium Risk,Manual Review,741
0,0.06181309670325929,Very Low Risk,Approve,816
0,0.08152609164193651,Very Low Risk,Approve,805
0,0.4474084016047234,Very High Risk,Reject,604
0,0.2489548151317902,High Risk,Manual Review,713
0,0.2403692715351872,High Risk,Manual Review,718
0,0.03897731493164787,Very Low Risk,Approve,829
0,0.5109254598987047,Very High Risk,Reject,569
0,0.10954995219233991,Low Risk,Manual Review,790
0,0.10039890591502444,Low Risk,Manual Review,795
0,0.2260448438964315,High Risk,Manual Review,726
0,0.48443339580415956,Very High Risk,Reject,584
0,0.042681053600596715,Very Low Risk,Approve,827
0,0.02351526771294048,Very Low Risk,Approve,837
0,0.045091912365812975,Very Low Risk,Approve,825
0,0.05336220351646971,Very Low Risk,Approve,821
0,0.061445586742382055,Very Low Risk,Approve,816
1,0.34763206376356637,Very High Risk,Reject,659
0,0.09748099329264989,Low Risk,Approve,796
1,0.1302079395514456,Low Risk,Manual Review,778
0,0.10594499824662992,Low Risk,Manual Review,792
1,0.10917480444747803,Low Risk,Manual Review,790
1,0.30610877112961643,High Risk,Reject,682
1,0.18341447387792,Medium Risk,Manual Review,749
0,0.44177840352277115,Very High Risk,Reject,607
0,0.22125803774461442,High Risk,Manual Review,728
0,0.035550963370033016,Very Low Risk,Approve,830
1,0.2299989881701356,High Risk,Manual Review,724
0,0.06402457567781888,Very Low Risk,Approve,815
0,0.2876261715582282,High Risk,Reject,692
0,0.16065334831346306,Medium Risk,Manual Review,762
1,0.0915243537997677,Low Risk,Approve,800
0,0.23849609123914658,High Risk,Manual Review,719
0,0.23853243707539215,High Risk,Manual Review,719
1,0.11142616797388967,Low Risk,Manual Review,789
0,0.26032198208639035,High Risk,Reject,707
0,0.06839600249349312,Very Low Risk,Approve,812
0,0.11653278787809974,Low Risk,Manual Review,786
0,0.1169788224000742,Low Risk,Manual Review,786
1,0.32122895702844423,Very High Risk,Reject,673
0,0.044063414123490456,Very Low Risk,Approve,826
1,0.339836526954512,Very High Risk,Reject,663
0,0.31232307558852124,Very High Risk,Reject,678
0,0.07488206558213566,Very Low Risk,Approve,809
0,0.13556330269368744,Low Risk,Manual Review,775
0,0.04752325581631988,Very Low Risk,Approve,824
0,0.0865937557566952,Very Low Risk,Approve,802
1,0.37030244467679735,Very High Risk,Reject,646
0,0.1366261136757424,Low Risk,Manual Review,775
1,0.24085552324532614,High Risk,Manual Review,718
0,0.05398903127847456,Very Low Risk,Approve,820
0,0.10421956319624345,Low Risk,Manual Review,793
0,0.297019218058812,High Risk,Reject,687
0,0.16288280956649206,Medium Risk,Manual Review,760
0,0.14024689319029057,Low Risk,Manual Review,773
1,0.4163524391313172,Very High Risk,Reject,621
0,0.09051605293250034,Low Risk,Approve,800
1,0.1613620464191237,Medium Risk,Manual Review,761
0,0.07741093540506944,Very Low Risk,Approve,807
0,0.34554868334774025,Very High Risk,Reject,660
0,0.12538548215417566,Low Risk,Manual Review,781
1,0.03425229772385762,Very Low Risk,Approve,831
0,0.15417498217889677,Medium Risk,Manual Review,765
1,0.3515872348839354,Very High Risk,Reject,657
0,0.23457532618825988,High Risk,Manual Review,721
0,0.06559506383043821,Very Low Risk,Approve,814
0,0.051338969256303615,Very Low Risk,Approve,822
0,0.19122602281371848,Medium Risk,Manual Review,745
0,0.3888710720054965,Very High Risk,Reject,636
0,0.6025762451381967,Very High Risk,Reject,519
0,0.09302732987107995,Low Risk,Approve,799
1,0.35748925282287153,Very High Risk,Reject,653
0,0.4178558150337582,Very High Risk,Reject,620
0,0.33619777358374237,Very High Risk,Reject,665
0,0.28321723422997086,High Risk,Reject,694
0,0.48544006105658066,Very High Risk,Reject,583
0,0.07578122199908983,Very Low Risk,Approve,808
0,0.09790719915185207,Low Risk,Approve,796
0,0.4451026417001851,Very High Risk,Reject,605
0,0.10616865002039977,Low Risk,Manual Review,792
0,0.02951466515178271,Very Low Risk,Approve,834
0,0.2668173743372466,High Risk,Reject,703
0,0.13244334975547672,Low Risk,Manual Review,777
0,0.4998684990093106,Very High Risk,Reject,575
0,0.07412399244198295,Very Low Risk,Approve,809
0,0.23284359135382357,High Risk,Manual Review,722
0,0.11668174792360746,Low Risk,Manual Review,786
0,0.16324103885697228,Medium Risk,Manual Review,760
1,0.14110027696907176,Low Risk,Manual Review,772
0,0.43161640089464165,Very High Risk,Reject,613
1,0.24718931781124676,High Risk,Manual Review,714
0,0.05334135739213797,Very Low Risk,Approve,821
1,0.1211478953479843,Low Risk,Manual Review,783
0,0.38848954212290066,Very High Risk,Reject,636
0,0.04824945857150786,Very Low Risk,Approve,823
0,0.04401296964560905,Very Low Risk,Approve,826
0,0.0649839984690634,Very Low Risk,Approve,814
0,0.15277553890081885,Medium Risk,Manual Review,766
0,0.20080671200270844,Medium Risk,Manual Review,740
0,0.1623102794760667,Medium Risk,Manual Review,761
1,0.24733600318139803,High Risk,Manual Review,714
0,0.1542672412717075,Medium Risk,Manual Review,765
0,0.3147331041116706,Very High Risk,Reject,677
0,0.18072867970106954,Medium Risk,Manual Review,751
0,0.19180788541055377,Medium Risk,Manual Review,745
0,0.12196924827110045,Low Risk,Manual Review,783
0,0.4091511333253934,Very High Risk,Reject,625
0,0.07711932464855989,Very Low Risk,Approve,808
0,0.42098432775136463,Very High Risk,Reject,618
0,0.18777711673356406,Medium Risk,Manual Review,747
0,0.240873331918433,High Risk,Manual Review,718
0,0.06567937771530272,Very Low Risk,Approve,814
0,0.28924362559320527,High Risk,Reject,691
0,0.3433705464357072,Very High Risk,Reject,661
0,0.17763795557306777,Medium Risk,Manual Review,752
0,0.18413220640169764,Medium Risk,Manual Review,749
0,0.17836817639461,Medium Risk,Manual Review,752
0,0.22449693357021275,High Risk,Manual Review,727
0,0.06156322534076393,Very Low Risk,Approve,816
0,0.5260076594860527,Very High Risk,Reject,561
1,0.3214223961498313,Very High Risk,Reject,673
0,0.03523599963722045,Very Low Risk,Approve,831
0,0.25607395058665594,High Risk,Reject,709
0,0.15699758945954664,Medium Risk,Manual Review,764
0,0.14010048945679962,Low Risk,Manual Review,773
0,0.16001701841768048,Medium Risk,Manual Review,762
0,0.13036411969913306,Low Risk,Manual Review,778
0,0.10898190530229078,Low Risk,Manual Review,790
0,0.4717833376332065,Very High Risk,Reject,591
0,0.15835269982241448,Medium Risk,Manual Review,763
0,0.11457632844782038,Low Risk,Manual Review,787
0,0.03632946185933684,Very Low Risk,Approve,830
0,0.11814864617761471,Low Risk,Manual Review,785
0,0.12445744113427774,Low Risk,Manual Review,782
0,0.1911079448658537,Medium Risk,Manual Review,745
0,0.08176558009598786,Very Low Risk,Approve,805
0,0.24567560877984768,High Risk,Manual Review,715
1,0.12059126991352137,Low Risk,Manual Review,784
1,0.10742786181609403,Low Risk,Manual Review,791
0,0.06880318728644078,Very Low Risk,Approve,812
1,0.47885303952914654,Very High Risk,Reject,587
0,0.11524117996524641,Low Risk,Manual Review,787
1,0.30326244144679515,High Risk,Reject,683
0,0.4876452750031619,Very High Risk,Reject,582
0,0.06267010094631335,Very Low Risk,Approve,816
0,0.12962372777045414,Low Risk,Manual Review,779
0,0.1980136308670631,Medium Risk,Manual Review,741
0,0.22570691372768154,High Risk,Manual Review,726
0,0.271007528369456,High Risk,Reject,701
0,0.3406751063145522,Very High Risk,Reject,663
0,0.10506328212185043,Low Risk,Manual Review,792
1,0.18516734278928254,Medium Risk,Manual Review,748
0,0.20360946684834755,Medium Risk,Manual Review,738
1,0.22818858261025846,High Risk,Manual Review,724
1,0.2383437339039093,High Risk,Manual Review,719
0,0.10974882468635311,Low Risk,Manual Review,790
0,0.2598098571688668,High Risk,Reject,707
0,0.22328312404289016,High Risk,Manual Review,727
0,0.1858024967729168,Medium Risk,Manual Review,748
0,0.4154621533387121,Very High Risk,Reject,621
0,0.017004441882494125,Very Low Risk,Approve,841
0,0.24210356889329532,High Risk,Manual Review,717
0,0.06579153922852614,Very Low Risk,Approve,814
0,0.2849651561184722,High Risk,Reject,693
0,0.15100156360183264,Medium Risk,Manual Review,767
0,0.1477474728372851,Medium Risk,Manual Review,769
0,0.03779883254633354,Very Low Risk,Approve,829
0,0.2574470666500703,High Risk,Reject,708
0,0.35445158921144637,Very High Risk,Reject,655
0,0.2375235570022796,High Risk,Manual Review,719
0,0.15763807681688838,Medium Risk,Manual Review,763
0,0.06636601796620058,Very Low Risk,Approve,813
0,0.0569262923162394,Very Low Risk,Approve,819
0,0.03170411868696984,Very Low Risk,Approve,833
1,0.2596958717333765,High Risk,Reject,707
0,0.08157769002835623,Very Low Risk,Approve,805
0,0.17222749330980286,Medium Risk,Manual Review,755
0,0.07841237317142309,Very Low Risk,Approve,807
0,0.073702132881542,Very Low Risk,Approve,809
1,0.39533173401157373,Very High Risk,Reject,633
0,0.0655745297972581,Very Low Risk,Approve,814
1,0.3327322119769193,Very High Risk,Reject,667
0,0.2381782472973348,High Risk,Manual Review,719
0,0.11122192036503407,Low Risk,Manual Review,789
1,0.4298275602632356,Very High Risk,Reject,614
0,0.03044966598647631,Very Low Risk,Approve,833
0,0.15225808510154007,Medium Risk,Manual Review,766
0,0.039297691378204165,Very Low Risk,Approve,828
0,0.124156330263151,Low Risk,Manual Review,782
0,0.15197973732582193,Medium Risk,Manual Review,766
0,0.25090303383854967,High Risk,Reject,712
0,0.025453187234665633,Very Low Risk,Approve,836
1,0.487132615589839,Very High Risk,Reject,582
0,0.1729752989986337,Medium Risk,Manual Review,755
1,0.22322867806816143,High Risk,Manual Review,727
0,0.07302529307645034,Very Low Risk,Approve,810
0,0.32605655223761637,Very High Risk,Reject,671
0,0.06988481926836315,Very Low Risk,Approve,812
0,0.10198549147370936,Low Risk,Manual Review,794
0,0.11415258427429327,Low Risk,Manual Review,787
1,0.5456005595043726,Very High Risk,Reject,550
0,0.042130917100920075,Very Low Risk,Approve,827
0,0.17521498139296415,Medium Risk,Manual Review,754
1,0.4874047549672409,Very High Risk,Reject,582
1,0.13974607994118887,Low Risk,Manual Review,773
0,0.26583189747197916,High Risk,Reject,704
0,0.034452501049869015,Very Low Risk,Approve,831
0,0.12010971874905706,Low Risk,Manual Review,784
0,0.45066939947283124,Very High Risk,Reject,602
0,0.3724925916745505,Very High Risk,Reject,645
0,0.3633381451090091,Very High Risk,Reject,650
0,0.20657411547655496,Medium Risk,Manual Review,736
0,0.05489487697479699,Very Low Risk,Approve,820
0,0.09566418329805265,Low Risk,Approve,797
0,0.07222355376723402,Very Low Risk,Approve,810
0,0.137275100146887,Low Risk,Manual Review,774
0,0.21386935813737334,High Risk,Manual Review,732
1,0.6631699143210995,Very High Risk,Reject,485
0,0.056797783261660385,Very Low Risk,Approve,819
1,0.2248302263740701,High Risk,Manual Review,726
0,0.2821639388396717,High Risk,Reject,695
0,0.18092198897678413,Medium Risk,Manual Review,750
1,0.38816261118473927,Very High Risk,Reject,637
0,0.06095981639830221,Very Low Risk,Approve,816
0,0.07828015865132845,Very Low Risk,Approve,807
1,0.38306856440696196,Very High Risk,Reject,639
1,0.39845851538161825,Very High Risk,Reject,631
1,0.13005148416169635,Low Risk,Manual Review,778
0,0.2663744280749719,High Risk,Reject,703
0,0.12462140795606898,Low Risk,Manual Review,781
0,0.1602820283933858,Medium Risk,Manual Review,762
0,0.08682355052277597,Very Low Risk,Approve,802
0,0.24589895448438087,High Risk,Manual Review,715
0,0.3400123388253015,Very High Risk,Reject,663
0,0.1953089146330805,Medium Risk,Manual Review,743
1,0.20716343315769317,Medium Risk,Manual Review,736
0,0.10260625790862478,Low Risk,Manual Review,794
0,0.36073777819594754,Very High Risk,Reject,652
1,0.2802342638788776,High Risk,Reject,696
1,0.48453662232642447,Very High Risk,Reject,584
1,0.31683134833568866,Very High Risk,Reject,676
0,0.6054909206274725,Very High Risk,Reject,517
0,0.07228255025664426,Very Low Risk,Approve,810
0,0.1331960488728354,Low Risk,Manual Review,777
1,0.3384202832762117,Very High Risk,Reject,664
0,0.42685724173911715,Very High Risk,Reject,615
0,0.11641211030724762,Low Risk,Manual Review,786
0,0.13566308011313097,Low Risk,Manual Review,775
1,0.09863964790088663,Low Risk,Approve,796
0,0.23464561303280732,High Risk,Manual Review,721
0,0.06057516377825285,Very Low Risk,Approve,817
0,0.27497465715605973,High Risk,Reject,699
1,0.4346499967140887,Very High Risk,Reject,611
0,0.21775293931868672,High Risk,Manual Review,730
0,0.16475370060048805,Medium Risk,Manual Review,759
0,0.3987651487474559,Very High Risk,Reject,631
0,0.11910184572727155,Low Risk,Manual Review,784
1,0.4117315326580694,Very High Risk,Reject,624
0,0.17391118258897806,Medium Risk,Manual Review,754
0,0.11344211728370603,Low Risk,Manual Review,788
0,0.39408577289928004,Very High Risk,Reject,633
1,0.45956950141425407,Very High Risk,Reject,597
0,0.3294039481494622,Very High Risk,Reject,669
0,0.27418112724663607,High Risk,Reject,699
1,0.2880627627846367,High Risk,Reject,692
0,0.028260531711926547,Very Low Risk,Approve,834
0,0.39489074657823237,Very High Risk,Reject,633
0,0.23506599440896092,High Risk,Manual Review,721
0,0.3702345483862727,Very High Risk,Reject,646
0,0.24716761009501503,High Risk,Manual Review,714
0,0.2309717039957161,High Risk,Manual Review,723
0,0.17429105084880744,Medium Risk,Manual Review,754
0,0.11806726891097899,Low Risk,Manual Review,785
1,0.0715594118166176,Very Low Risk,Approve,811
0,0.3945740983880488,Very High Risk,Reject,633
0,0.28269484571506137,High Risk,Reject,695
1,0.151500719300099,Medium Risk,Manual Review,767
0,0.2423544423021758,High Risk,Manual Review,717
1,0.4427441659126492,Very High Risk,Reject,606
0,0.07516860879491165,Very Low Risk,Approve,809
0,0.31055859174700956,High Risk,Reject,679
1,0.5382260041444545,Very High Risk,Reject,554
0,0.3291428136400385,Very High Risk,Reject,669
1,0.2851975788183092,High Risk,Reject,693
0,0.581108373800477,Very High Risk,Reject,530
0,0.08690803801633913,Very Low Risk,Approve,802
0,0.1642984838417662,Medium Risk,Manual Review,760
1,0.20957430923704745,Medium Risk,Manual Review,735
0,0.193191286292109,Medium Risk,Manual Review,744
0,0.27229036196488793,High Risk,Reject,700
0,0.14031647344316076,Low Risk,Manual Review,773
0,0.10633047219455774,Low Risk,Manual Review,792
0,0.20052308454627896,Medium Risk,Manual Review,740
0,0.12252245510833312,Low Risk,Manual Review,783
0,0.2091520867145659,Medium Risk,Manual Review,735
0,0.2570067015728083,High Risk,Reject,709
0,0.2850498279901309,High Risk,Reject,693
0,0.11350822576930751,Low Risk,Manual Review,788
0,0.20688297209995551,Medium Risk,Manual Review,736
0,0.24787086261906532,High Risk,Manual Review,714
0,0.273431256319771,High Risk,Reject,700
1,0.4867102421793091,Very High Risk,Reject,582
1,0.1670322292967163,Medium Risk,Manual Review,758
0,0.054354961633040856,Very Low Risk,Approve,820
0,0.093224215631861,Low Risk,Approve,799
0,0.14441554865300288,Low Risk,Manual Review,771
1,0.15421845092217218,Medium Risk,Manual Review,765
0,0.2907162395944725,High Risk,Reject,690
1,0.4918821946972215,Very High Risk,Reject,579
0,0.318991535515597,Very High Risk,Reject,675
0,0.09449056528670016,Low Risk,Approve,798
0,0.22778343198420034,High Risk,Manual Review,725
0,0.05261061794413816,Very Low Risk,Approve,821
0,0.234510252260844,High Risk,Manual Review,721
0,0.020378202287373835,Very Low Risk,Approve,839
0,0.12101702117200398,Low Risk,Manual Review,783
0,0.1294625219344385,Low Risk,Manual Review,779
0,0.09389625823207141,Low Risk,Approve,798
0,0.11688500449549279,Low Risk,Manual Review,786
1,0.42228542183843143,Very High Risk,Reject,618
0,0.26424103071912775,High Risk,Reject,705
0,0.13301265714618737,Low Risk,Manual Review,777
0,0.037118578172732224,Very Low Risk,Approve,830
1,0.25999485755749874,High Risk,Reject,707
0,0.2668550314383474,High Risk,Reject,703
1,0.30001896296513186,High Risk,Reject,685
0,0.16678477229546812,Medium Risk,Manual Review,758
1,0.31923764027974016,Very High Risk,Reject,674
0,0.1049425043976276,Low Risk,Manual Review,792
0,0.2040772314778198,Medium Risk,Manual Review,738
0,0.02909225580592091,Very Low Risk,Approve,834
0,0.12430089475575017,Low Risk,Manual Review,782
0,0.1504879395272594,Medium Risk,Manual Review,767
0,0.15748966932055802,Medium Risk,Manual Review,763
0,0.0597976023728915,Very Low Risk,Approve,817
1,0.17335444669340402,Medium Risk,Manual Review,755
0,0.28795178382595876,High Risk,Reject,692
0,0.23412246429232947,High Risk,Manual Review,721
0,0.05065477050551,Very Low Risk,Approve,822
1,0.5545356187967471,Very High Risk,Reject,545
1,0.4534792124691334,Very High Risk,Reject,601
1,0.14065874764360417,Low Risk,Manual Review,773
0,0.11090170162827925,Low Risk,Manual Review,789
1,0.3155060644287877,Very High Risk,Reject,676
0,0.12419611374160829,Low Risk,Manual Review,782
1,0.21932056338044972,High Risk,Manual Review,729
0,0.28952965557644805,High Risk,Reject,691
0,0.17621210841353158,Medium Risk,Manual Review,753
0,0.18763632751692894,Medium Risk,Manual Review,747
0,0.3022874156745955,High Risk,Reject,684
0,0.5183945161333677,Very High Risk,Reject,565
0,0.36274379246797733,Very High Risk,Reject,650
0,0.28809968455153734,High Risk,Reject,692
0,0.02990342405926509,Very Low Risk,Approve,834
0,0.28684685248384373,High Risk,Reject,692
0,0.2262234847026902,High Risk,Manual Review,726
0,0.38283659987677726,Very High Risk,Reject,639
0,0.19297310565030618,Medium Risk,Manual Review,744
0,0.1344871291806885,Low Risk,Manual Review,776
0,0.39105299581297026,Very High Risk,Reject,635
0,0.32272117555268215,Very High Risk,Reject,673
0,0.10132999733462883,Low Risk,Manual Review,794
0,0.2302954492860962,High Risk,Manual Review,723
0,0.21332454958828495,High Risk,Manual Review,733
1,0.24563443782379596,High Risk,Manual Review,715
1,0.48933454791995834,Very High Risk,Reject,581
0,0.19691234184424725,Medium Risk,Manual Review,742
0,0.09693837922731278,Low Risk,Approve,797
0,0.05827404986993244,Very Low Risk,Approve,818
1,0.4216635878117043,Very High Risk,Reject,618
0,0.17628452425706626,Medium Risk,Manual Review,753
